Commodity,Date,Unit,Minimum,Maximum,Average
Tomato Big(Nepali),2023-01-01,Kg,40,59,49
Tomato Small(Local),2023-01-01,Kg,29,49,39
Potato Red,2023-01-01,Kg,53,67,60
Potato White,2023-01-01,Kg,36,57,46
Onion Dry (Indian),2023-01-01,Kg,65,89,77
Carrot(Local),2023-01-01,Kg,75,115,95
Cabbage(Local),2023-01-01,Kg,31,50,40
Cauliflower Local,2023-01-01,Kg,46,81,63
Raddish White(Local),2023-01-01,Kg,21,37,29
Brinjal Long,2023-01-01,Kg,45,65,55
Cow pea(Long),2023-01-01,Kg,68,107,87
Green Peas,2023-01-01,Kg,111,170,140
French Bean(Local),2023-01-01,Kg,66,95,80
Bitter Gourd,2023-01-01,Kg,85,116,100
Bottle Gourd,2023-01-01,Kg,39,63,51
Pointed Gourd(Local),2023-01-01,Kg,57,97,77
Snake Gourd,2023-01-01,Kg,53,71,62
Sponge Gourd,2023-01-01,Kg,57,91,74
Pumpkin,2023-01-01,Kg,34,49,41
Squash(Long),2023-01-01,Kg,42,62,52
Okra,2023-01-01,Kg,71,99,85
Arum,2023-01-01,Kg,62,88,75
Barela,2023-01-01,Kg,42,52,47
Radish Red,2023-01-01,Kg,30,47,38
Mushroom(Button),2023-01-01,Kg,370,514,442
Mushroom(Kanya),2023-01-01,Kg,163,230,196
Spinach Leaf,2023-01-01,Kg,95,124,109
Mustard Leaf,2023-01-01,Kg,38,58,48
Coriander,2023-01-01,Kg,154,250,202
Garlic Dry Nepali,2023-01-01,Kg,183,302,242
Garlic Dry Chinese,2023-01-01,Kg,273,368,320
Ginger,2023-01-01,Kg,151,215,183
Chilly Green,2023-01-01,Kg,78,137,107
Capsicum,2023-01-01,Kg,110,152,131
Cucumber(Local),2023-01-01,Kg,63,93,78
Apple(Jholey),2023-01-01,Kg,140,249,194
Banana,2023-01-01,Dozen,98,143,120
Pomegranate,2023-01-01,Kg,239,400,319
Orange(Nepali),2023-01-01,Kg,77,145,111
Papaya(Indian),2023-01-01,Kg,78,113,95
Tomato Big(Nepali),2023-01-02,Kg,42,61,51
Tomato Small(Local),2023-01-02,Kg,32,49,40
Potato Red,2023-01-02,Kg,45,76,60
Potato White,2023-01-02,Kg,40,57,48
Onion Dry (Indian),2023-01-02,Kg,61,93,77
Carrot(Local),2023-01-02,Kg,79,126,102
Cabbage(Local),2023-01-02,Kg,30,47,38
Cauliflower Local,2023-01-02,Kg,53,91,72
Raddish White(Local),2023-01-02,Kg,20,40,30
Brinjal Long,2023-01-02,Kg,48,66,57
Cow pea(Long),2023-01-02,Kg,67,97,82
Green Peas,2023-01-02,Kg,111,144,127
French Bean(Local),2023-01-02,Kg,57,97,77
Bitter Gourd,2023-01-02,Kg,80,124,102
Bottle Gourd,2023-01-02,Kg,38,69,53
Pointed Gourd(Local),2023-01-02,Kg,62,92,77
Snake Gourd,2023-01-02,Kg,50,80,65
Sponge Gourd,2023-01-02,Kg,64,85,74
Pumpkin,2023-01-02,Kg,34,55,44
Squash(Long),2023-01-02,Kg,40,58,49
Okra,2023-01-02,Kg,64,97,80
Arum,2023-01-02,Kg,55,85,70
Barela,2023-01-02,Kg,38,58,48
Radish Red,2023-01-02,Kg,33,44,38
Mushroom(Button),2023-01-02,Kg,322,478,400
Mushroom(Kanya),2023-01-02,Kg,152,221,186
Spinach Leaf,2023-01-02,Kg,89,124,106
Mustard Leaf,2023-01-02,Kg,42,64,53
Coriander,2023-01-02,Kg,142,240,191
Garlic Dry Nepali,2023-01-02,Kg,205,314,259
Garlic Dry Chinese,2023-01-02,Kg,276,330,303
Ginger,2023-01-02,Kg,152,215,183
Chilly Green,2023-01-02,Kg,86,118,102
Capsicum,2023-01-02,Kg,101,140,120
Cucumber(Local),2023-01-02,Kg,58,95,76
Apple(Jholey),2023-01-02,Kg,156,250,203
Banana,2023-01-02,Dozen,101,137,119
Pomegranate,2023-01-02,Kg,252,372,312
Orange(Nepali),2023-01-02,Kg,80,146,113
Papaya(Indian),2023-01-02,Kg,78,107,92
Tomato Big(Nepali),2023-01-03,Kg,41,60,50
Tomato Small(Local),2023-01-03,Kg,27,50,38
Potato Red,2023-01-03,Kg,55,80,67
Potato White,2023-01-03,Kg,42,58,50
Onion Dry (Indian),2023-01-03,Kg,56,93,74
Carrot(Local),2023-01-03,Kg,76,112,94
Cabbage(Local),2023-01-03,Kg,28,51,39
Cauliflower Local,2023-01-03,Kg,53,86,69
Raddish White(Local),2023-01-03,Kg,20,35,27
Brinjal Long,2023-01-03,Kg,44,69,56
Cow pea(Long),2023-01-03,Kg,63,105,84
Green Peas,2023-01-03,Kg,125,167,146
French Bean(Local),2023-01-03,Kg,64,81,72
Bitter Gourd,2023-01-03,Kg,74,118,96
Bottle Gourd,2023-01-03,Kg,42,59,50
Pointed Gourd(Local),2023-01-03,Kg,55,91,73
Snake Gourd,2023-01-03,Kg,50,69,59
Sponge Gourd,2023-01-03,Kg,56,96,76
Pumpkin,2023-01-03,Kg,38,51,44
Squash(Long),2023-01-03,Kg,37,64,50
Okra,2023-01-03,Kg,72,101,86
Arum,2023-01-03,Kg,65,82,73
Barela,2023-01-03,Kg,42,55,48
Radish Red,2023-01-03,Kg,31,46,38
Mushroom(Button),2023-01-03,Kg,360,509,434
Mushroom(Kanya),2023-01-03,Kg,156,192,174
Spinach Leaf,2023-01-03,Kg,91,118,104
Mustard Leaf,2023-01-03,Kg,42,64,53
Coriander,2023-01-03,Kg,152,266,209
Garlic Dry Nepali,2023-01-03,Kg,195,312,253
Garlic Dry Chinese,2023-01-03,Kg,240,364,302
Ginger,2023-01-03,Kg,143,223,183
Chilly Green,2023-01-03,Kg,84,123,103
Capsicum,2023-01-03,Kg,94,154,124
Cucumber(Local),2023-01-03,Kg,56,97,76
Apple(Jholey),2023-01-03,Kg,142,247,194
Banana,2023-01-03,Dozen,91,143,117
Pomegranate,2023-01-03,Kg,271,371,321
Orange(Nepali),2023-01-03,Kg,83,143,113
Papaya(Indian),2023-01-03,Kg,79,108,93
Tomato Big(Nepali),2023-01-04,Kg,44,64,54
Tomato Small(Local),2023-01-04,Kg,32,50,41
Potato Red,2023-01-04,Kg,48,68,58
Potato White,2023-01-04,Kg,37,59,48
Onion Dry (Indian),2023-01-04,Kg,59,88,73
Carrot(Local),2023-01-04,Kg,74,112,93
Cabbage(Local),2023-01-04,Kg,29,47,38
Cauliflower Local,2023-01-04,Kg,45,82,63
Raddish White(Local),2023-01-04,Kg,22,35,28
Brinjal Long,2023-01-04,Kg,45,63,54
Cow pea(Long),2023-01-04,Kg,66,113,89
Green Peas,2023-01-04,Kg,132,156,144
French Bean(Local),2023-01-04,Kg,55,88,71
Bitter Gourd,2023-01-04,Kg,77,122,99
Bottle Gourd,2023-01-04,Kg,39,67,53
Pointed Gourd(Local),2023-01-04,Kg,60,90,75
Snake Gourd,2023-01-04,Kg,53,76,64
Sponge Gourd,2023-01-04,Kg,64,99,81
Pumpkin,2023-01-04,Kg,34,50,42
Squash(Long),2023-01-04,Kg,37,65,51
Okra,2023-01-04,Kg,72,99,85
Arum,2023-01-04,Kg,59,84,71
Barela,2023-01-04,Kg,42,53,47
Radish Red,2023-01-04,Kg,30,44,37
Mushroom(Button),2023-01-04,Kg,377,485,431
Mushroom(Kanya),2023-01-04,Kg,156,223,189
Spinach Leaf,2023-01-04,Kg,95,125,110
Mustard Leaf,2023-01-04,Kg,44,61,52
Coriander,2023-01-04,Kg,156,289,222
Garlic Dry Nepali,2023-01-04,Kg,195,320,257
Garlic Dry Chinese,2023-01-04,Kg,273,331,302
Ginger,2023-01-04,Kg,160,217,188
Chilly Green,2023-01-04,Kg,81,131,106
Capsicum,2023-01-04,Kg,93,153,123
Cucumber(Local),2023-01-04,Kg,57,100,78
Apple(Jholey),2023-01-04,Kg,159,262,210
Banana,2023-01-04,Dozen,93,159,126
Pomegranate,2023-01-04,Kg,256,344,300
Orange(Nepali),2023-01-04,Kg,78,141,109
Papaya(Indian),2023-01-04,Kg,88,115,101
Tomato Big(Nepali),2023-01-05,Kg,37,62,49
Tomato Small(Local),2023-01-05,Kg,32,57,44
Potato Red,2023-01-05,Kg,48,81,64
Potato White,2023-01-05,Kg,44,62,53
Onion Dry (Indian),2023-01-05,Kg,67,101,84
Carrot(Local),2023-01-05,Kg,75,124,99
Cabbage(Local),2023-01-05,Kg,32,47,39
Cauliflower Local,2023-01-05,Kg,51,90,70
Raddish White(Local),2023-01-05,Kg,20,36,28
Brinjal Long,2023-01-05,Kg,47,73,60
Cow pea(Long),2023-01-05,Kg,65,107,86
Green Peas,2023-01-05,Kg,124,145,134
French Bean(Local),2023-01-05,Kg,66,94,80
Bitter Gourd,2023-01-05,Kg,73,128,100
Bottle Gourd,2023-01-05,Kg,42,67,54
Pointed Gourd(Local),2023-01-05,Kg,56,88,72
Snake Gourd,2023-01-05,Kg,51,70,60
Sponge Gourd,2023-01-05,Kg,64,96,80
Pumpkin,2023-01-05,Kg,35,54,44
Squash(Long),2023-01-05,Kg,40,59,49
Okra,2023-01-05,Kg,76,98,87
Arum,2023-01-05,Kg,66,80,73
Barela,2023-01-05,Kg,41,58,49
Radish Red,2023-01-05,Kg,30,49,39
Mushroom(Button),2023-01-05,Kg,380,522,451
Mushroom(Kanya),2023-01-05,Kg,151,221,186
Spinach Leaf,2023-01-05,Kg,95,118,106
Mustard Leaf,2023-01-05,Kg,39,67,53
Coriander,2023-01-05,Kg,154,285,219
Garlic Dry Nepali,2023-01-05,Kg,193,292,242
Garlic Dry Chinese,2023-01-05,Kg,246,343,294
Ginger,2023-01-05,Kg,141,243,192
Chilly Green,2023-01-05,Kg,78,120,99
Capsicum,2023-01-05,Kg,108,146,127
Cucumber(Local),2023-01-05,Kg,58,91,74
Apple(Jholey),2023-01-05,Kg,166,287,226
Banana,2023-01-05,Dozen,91,139,115
Pomegranate,2023-01-05,Kg,251,388,319
Orange(Nepali),2023-01-05,Kg,84,128,106
Papaya(Indian),2023-01-05,Kg,73,107,90
Tomato Big(Nepali),2023-01-06,Kg,38,67,52
Tomato Small(Local),2023-01-06,Kg,28,51,39
Potato Red,2023-01-06,Kg,55,80,67
Potato White,2023-01-06,Kg,38,63,50
Onion Dry (Indian),2023-01-06,Kg,55,105,80
Carrot(Local),2023-01-06,Kg,84,121,102
Cabbage(Local),2023-01-06,Kg,32,48,40
Cauliflower Local,2023-01-06,Kg,49,85,67
Raddish White(Local),2023-01-06,Kg,20,38,29
Brinjal Long,2023-01-06,Kg,46,63,54
Cow pea(Long),2023-01-06,Kg,77,111,94
Green Peas,2023-01-06,Kg,114,150,132
French Bean(Local),2023-01-06,Kg,62,88,75
Bitter Gourd,2023-01-06,Kg,76,132,104
Bottle Gourd,2023-01-06,Kg,40,68,54
Pointed Gourd(Local),2023-01-06,Kg,58,102,80
Snake Gourd,2023-01-06,Kg,49,73,61
Sponge Gourd,2023-01-06,Kg,66,98,82
Pumpkin,2023-01-06,Kg,36,53,44
Squash(Long),2023-01-06,Kg,40,60,50
Okra,2023-01-06,Kg,71,88,79
Arum,2023-01-06,Kg,63,87,75
Barela,2023-01-06,Kg,40,60,50
Radish Red,2023-01-06,Kg,27,48,37
Mushroom(Button),2023-01-06,Kg,361,482,421
Mushroom(Kanya),2023-01-06,Kg,138,206,172
Spinach Leaf,2023-01-06,Kg,89,131,110
Mustard Leaf,2023-01-06,Kg,41,70,55
Coriander,2023-01-06,Kg,161,262,211
Garlic Dry Nepali,2023-01-06,Kg,223,281,252
Garlic Dry Chinese,2023-01-06,Kg,260,351,305
Ginger,2023-01-06,Kg,150,239,194
Chilly Green,2023-01-06,Kg,87,136,111
Capsicum,2023-01-06,Kg,108,137,122
Cucumber(Local),2023-01-06,Kg,57,91,74
Apple(Jholey),2023-01-06,Kg,158,279,218
Banana,2023-01-06,Dozen,107,151,129
Pomegranate,2023-01-06,Kg,277,366,321
Orange(Nepali),2023-01-06,Kg,78,132,105
Papaya(Indian),2023-01-06,Kg,82,108,95
Tomato Big(Nepali),2023-01-07,Kg,39,63,51
Tomato Small(Local),2023-01-07,Kg,31,51,41
Potato Red,2023-01-07,Kg,54,78,66
Potato White,2023-01-07,Kg,42,57,49
Onion Dry (Indian),2023-01-07,Kg,62,98,80
Carrot(Local),2023-01-07,Kg,87,124,105
Cabbage(Local),2023-01-07,Kg,29,52,40
Cauliflower Local,2023-01-07,Kg,52,85,68
Raddish White(Local),2023-01-07,Kg,20,36,28
Brinjal Long,2023-01-07,Kg,46,65,55
Cow pea(Long),2023-01-07,Kg,73,106,89
Green Peas,2023-01-07,Kg,132,173,152
French Bean(Local),2023-01-07,Kg,67,85,76
Bitter Gourd,2023-01-07,Kg,77,117,97
Bottle Gourd,2023-01-07,Kg,43,70,56
Pointed Gourd(Local),2023-01-07,Kg,66,90,78
Snake Gourd,2023-01-07,Kg,49,70,59
Sponge Gourd,2023-01-07,Kg,57,83,70
Pumpkin,2023-01-07,Kg,38,56,47
Squash(Long),2023-01-07,Kg,42,58,50
Okra,2023-01-07,Kg,66,95,80
Arum,2023-01-07,Kg,55,78,66
Barela,2023-01-07,Kg,43,55,49
Radish Red,2023-01-07,Kg,33,49,41
Mushroom(Button),2023-01-07,Kg,375,497,436
Mushroom(Kanya),2023-01-07,Kg,150,202,176
Spinach Leaf,2023-01-07,Kg,95,137,116
Mustard Leaf,2023-01-07,Kg,38,68,53
Coriander,2023-01-07,Kg,145,272,208
Garlic Dry Nepali,2023-01-07,Kg,219,284,251
Garlic Dry Chinese,2023-01-07,Kg,274,336,305
Ginger,2023-01-07,Kg,168,232,200
Chilly Green,2023-01-07,Kg,75,123,99
Capsicum,2023-01-07,Kg,93,157,125
Cucumber(Local),2023-01-07,Kg,57,102,79
Apple(Jholey),2023-01-07,Kg,163,280,221
Banana,2023-01-07,Dozen,105,142,123
Pomegranate,2023-01-07,Kg,246,349,297
Orange(Nepali),2023-01-07,Kg,78,151,114
Papaya(Indian),2023-01-07,Kg,79,129,104
Tomato Big(Nepali),2023-01-08,Kg,43,63,53
Tomato Small(Local),2023-01-08,Kg,27,58,42
Potato Red,2023-01-08,Kg,56,69,62
Potato White,2023-01-08,Kg,43,61,52
Onion Dry (Indian),2023-01-08,Kg,67,93,80
Carrot(Local),2023-01-08,Kg,79,113,96
Cabbage(Local),2023-01-08,Kg,30,50,40
Cauliflower Local,2023-01-08,Kg,54,83,68
Raddish White(Local),2023-01-08,Kg,18,37,27
Brinjal Long,2023-01-08,Kg,47,69,58
Cow pea(Long),2023-01-08,Kg,77,111,94
Green Peas,2023-01-08,Kg,119,153,136
French Bean(Local),2023-01-08,Kg,67,98,82
Bitter Gourd,2023-01-08,Kg,78,141,109
Bottle Gourd,2023-01-08,Kg,44,69,56
Pointed Gourd(Local),2023-01-08,Kg,57,93,75
Snake Gourd,2023-01-08,Kg,55,77,66
Sponge Gourd,2023-01-08,Kg,60,96,78
Pumpkin,2023-01-08,Kg,34,57,45
Squash(Long),2023-01-08,Kg,38,70,54
Okra,2023-01-08,Kg,67,94,80
Arum,2023-01-08,Kg,56,87,71
Barela,2023-01-08,Kg,43,54,48
Radish Red,2023-01-08,Kg,31,51,41
Mushroom(Button),2023-01-08,Kg,348,504,426
Mushroom(Kanya),2023-01-08,Kg,166,199,182
Spinach Leaf,2023-01-08,Kg,101,129,115
Mustard Leaf,2023-01-08,Kg,43,58,50
Coriander,2023-01-08,Kg,164,261,212
Garlic Dry Nepali,2023-01-08,Kg,199,303,251
Garlic Dry Chinese,2023-01-08,Kg,259,334,296
Ginger,2023-01-08,Kg,141,247,194
Chilly Green,2023-01-08,Kg,85,130,107
Capsicum,2023-01-08,Kg,103,160,131
Cucumber(Local),2023-01-08,Kg,57,95,76
Apple(Jholey),2023-01-08,Kg,143,287,215
Banana,2023-01-08,Dozen,110,150,130
Pomegranate,2023-01-08,Kg,234,394,314
Orange(Nepali),2023-01-08,Kg,74,146,110
Papaya(Indian),2023-01-08,Kg,77,114,95
Tomato Big(Nepali),2023-01-09,Kg,41,66,53
Tomato Small(Local),2023-01-09,Kg,31,51,41
Potato Red,2023-01-09,Kg,48,69,58
Potato White,2023-01-09,Kg,40,62,51
Onion Dry (Indian),2023-01-09,Kg,59,94,76
Carrot(Local),2023-01-09,Kg,77,118,97
Cabbage(Local),2023-01-09,Kg,33,48,40
Cauliflower Local,2023-01-09,Kg,51,80,65
Raddish White(Local),2023-01-09,Kg,21,37,29
Brinjal Long,2023-01-09,Kg,44,76,60
Cow pea(Long),2023-01-09,Kg,74,103,88
Green Peas,2023-01-09,Kg,126,172,149
French Bean(Local),2023-01-09,Kg,66,92,79
Bitter Gourd,2023-01-09,Kg,86,119,102
Bottle Gourd,2023-01-09,Kg,45,60,52
Pointed Gourd(Local),2023-01-09,Kg,61,96,78
Snake Gourd,2023-01-09,Kg,46,70,58
Sponge Gourd,2023-01-09,Kg,58,87,72
Pumpkin,2023-01-09,Kg,38,56,47
Squash(Long),2023-01-09,Kg,42,60,51
Okra,2023-01-09,Kg,77,95,86
Arum,2023-01-09,Kg,59,92,75
Barela,2023-01-09,Kg,41,61,51
Radish Red,2023-01-09,Kg,31,47,39
Mushroom(Button),2023-01-09,Kg,339,445,392
Mushroom(Kanya),2023-01-09,Kg,143,233,188
Spinach Leaf,2023-01-09,Kg,100,135,117
Mustard Leaf,2023-01-09,Kg,38,68,53
Coriander,2023-01-09,Kg,150,290,220
Garlic Dry Nepali,2023-01-09,Kg,207,312,259
Garlic Dry Chinese,2023-01-09,Kg,282,374,328
Ginger,2023-01-09,Kg,140,235,187
Chilly Green,2023-01-09,Kg,79,131,105
Capsicum,2023-01-09,Kg,109,149,129
Cucumber(Local),2023-01-09,Kg,60,104,82
Apple(Jholey),2023-01-09,Kg,139,290,214
Banana,2023-01-09,Dozen,96,146,121
Pomegranate,2023-01-09,Kg,237,374,305
Orange(Nepali),2023-01-09,Kg,77,152,114
Papaya(Indian),2023-01-09,Kg,75,128,101
Tomato Big(Nepali),2023-01-10,Kg,38,64,51
Tomato Small(Local),2023-01-10,Kg,32,58,45
Potato Red,2023-01-10,Kg,56,75,65
Potato White,2023-01-10,Kg,44,65,54
Onion Dry (Indian),2023-01-10,Kg,64,88,76
Carrot(Local),2023-01-10,Kg,81,110,95
Cabbage(Local),2023-01-10,Kg,31,44,37
Cauliflower Local,2023-01-10,Kg,48,89,68
Raddish White(Local),2023-01-10,Kg,20,40,30
Brinjal Long,2023-01-10,Kg,50,67,58
Cow pea(Long),2023-01-10,Kg,79,103,91
Green Peas,2023-01-10,Kg,119,170,144
French Bean(Local),2023-01-10,Kg,58,92,75
Bitter Gourd,2023-01-10,Kg,75,121,98
Bottle Gourd,2023-01-10,Kg,41,59,50
Pointed Gourd(Local),2023-01-10,Kg,67,92,79
Snake Gourd,2023-01-10,Kg,50,79,64
Sponge Gourd,2023-01-10,Kg,58,94,76
Pumpkin,2023-01-10,Kg,33,53,43
Squash(Long),2023-01-10,Kg,37,68,52
Okra,2023-01-10,Kg,72,100,86
Arum,2023-01-10,Kg,62,82,72
Barela,2023-01-10,Kg,41,59,50
Radish Red,2023-01-10,Kg,32,52,42
Mushroom(Button),2023-01-10,Kg,378,490,434
Mushroom(Kanya),2023-01-10,Kg,141,230,185
Spinach Leaf,2023-01-10,Kg,91,140,115
Mustard Leaf,2023-01-10,Kg,45,68,56
Coriander,2023-01-10,Kg,141,259,200
Garlic Dry Nepali,2023-01-10,Kg,195,295,245
Garlic Dry Chinese,2023-01-10,Kg,261,320,290
Ginger,2023-01-10,Kg,146,235,190
Chilly Green,2023-01-10,Kg,86,128,107
Capsicum,2023-01-10,Kg,112,146,129
Cucumber(Local),2023-01-10,Kg,65,92,78
Apple(Jholey),2023-01-10,Kg,157,279,218
Banana,2023-01-10,Dozen,93,155,124
Pomegranate,2023-01-10,Kg,283,357,320
Orange(Nepali),2023-01-10,Kg,83,130,106
Papaya(Indian),2023-01-10,Kg,83,108,95
Tomato Big(Nepali),2023-01-11,Kg,41,63,52
Tomato Small(Local),2023-01-11,Kg,30,57,43
Potato Red,2023-01-11,Kg,47,73,60
Potato White,2023-01-11,Kg,39,58,48
Onion Dry (Indian),2023-01-11,Kg,66,101,83
Carrot(Local),2023-01-11,Kg,86,109,97
Cabbage(Local),2023-01-11,Kg,31,51,41
Cauliflower Local,2023-01-11,Kg,55,89,72
Raddish White(Local),2023-01-11,Kg,21,38,29
Brinjal Long,2023-01-11,Kg,51,76,63
Cow pea(Long),2023-01-11,Kg,78,101,89
Green Peas,2023-01-11,Kg,124,161,142
French Bean(Local),2023-01-11,Kg,58,84,71
Bitter Gourd,2023-01-11,Kg,90,140,115
Bottle Gourd,2023-01-11,Kg,39,68,53
Pointed Gourd(Local),2023-01-11,Kg,62,98,80
Snake Gourd,2023-01-11,Kg,56,75,65
Sponge Gourd,2023-01-11,Kg,61,89,75
Pumpkin,2023-01-11,Kg,34,49,41
Squash(Long),2023-01-11,Kg,42,62,52
Okra,2023-01-11,Kg,70,92,81
Arum,2023-01-11,Kg,66,92,79
Barela,2023-01-11,Kg,41,61,51
Radish Red,2023-01-11,Kg,29,48,38
Mushroom(Button),2023-01-11,Kg,360,498,429
Mushroom(Kanya),2023-01-11,Kg,144,236,190
Spinach Leaf,2023-01-11,Kg,92,125,108
Mustard Leaf,2023-01-11,Kg,44,61,52
Coriander,2023-01-11,Kg,161,266,213
Garlic Dry Nepali,2023-01-11,Kg,204,329,266
Garlic Dry Chinese,2023-01-11,Kg,284,378,331
Ginger,2023-01-11,Kg,156,228,192
Chilly Green,2023-01-11,Kg,76,119,97
Capsicum,2023-01-11,Kg,95,158,126
Cucumber(Local),2023-01-11,Kg,61,100,80
Apple(Jholey),2023-01-11,Kg,165,286,225
Banana,2023-01-11,Dozen,110,157,133
Pomegranate,2023-01-11,Kg,267,362,314
Orange(Nepali),2023-01-11,Kg,79,141,110
Papaya(Indian),2023-01-11,Kg,85,129,107
Tomato Big(Nepali),2023-01-12,Kg,40,62,51
Tomato Small(Local),2023-01-12,Kg,28,52,40
Potato Red,2023-01-12,Kg,53,80,66
Potato White,2023-01-12,Kg,39,55,47
Onion Dry (Indian),2023-01-12,Kg,61,98,79
Carrot(Local),2023-01-12,Kg,85,127,106
Cabbage(Local),2023-01-12,Kg,31,52,41
Cauliflower Local,2023-01-12,Kg,56,92,74
Raddish White(Local),2023-01-12,Kg,21,40,30
Brinjal Long,2023-01-12,Kg,47,77,62
Cow pea(Long),2023-01-12,Kg,68,110,89
Green Peas,2023-01-12,Kg,130,165,147
French Bean(Local),2023-01-12,Kg,57,95,76
Bitter Gourd,2023-01-12,Kg,78,141,109
Bottle Gourd,2023-01-12,Kg,38,69,53
Pointed Gourd(Local),2023-01-12,Kg,60,92,76
Snake Gourd,2023-01-12,Kg,49,79,64
Sponge Gourd,2023-01-12,Kg,65,89,77
Pumpkin,2023-01-12,Kg,34,54,44
Squash(Long),2023-01-12,Kg,38,70,54
Okra,2023-01-12,Kg,67,106,86
Arum,2023-01-12,Kg,66,92,79
Barela,2023-01-12,Kg,42,56,49
Radish Red,2023-01-12,Kg,30,49,39
Mushroom(Button),2023-01-12,Kg,352,517,434
Mushroom(Kanya),2023-01-12,Kg,141,206,173
Spinach Leaf,2023-01-12,Kg,103,122,112
Mustard Leaf,2023-01-12,Kg,38,70,54
Coriander,2023-01-12,Kg,158,289,223
Garlic Dry Nepali,2023-01-12,Kg,217,286,251
Garlic Dry Chinese,2023-01-12,Kg,250,319,284
Ginger,2023-01-12,Kg,144,240,192
Chilly Green,2023-01-12,Kg,78,142,110
Capsicum,2023-01-12,Kg,100,164,132
Cucumber(Local),2023-01-12,Kg,65,91,78
Apple(Jholey),2023-01-12,Kg,170,274,222
Banana,2023-01-12,Dozen,109,150,129
Pomegranate,2023-01-12,Kg,271,415,343
Orange(Nepali),2023-01-12,Kg,80,153,116
Papaya(Indian),2023-01-12,Kg,84,110,97
Tomato Big(Nepali),2023-01-13,Kg,40,63,51
Tomato Small(Local),2023-01-13,Kg,30,50,40
Potato Red,2023-01-13,Kg,47,69,58
Potato White,2023-01-13,Kg,39,61,50
Onion Dry (Indian),2023-01-13,Kg,60,100,80
Carrot(Local),2023-01-13,Kg,88,109,98
Cabbage(Local),2023-01-13,Kg,30,45,37
Cauliflower Local,2023-01-13,Kg,52,80,66
Raddish White(Local),2023-01-13,Kg,21,39,30
Brinjal Long,2023-01-13,Kg,48,73,60
Cow pea(Long),2023-01-13,Kg,77,108,92
Green Peas,2023-01-13,Kg,118,163,140
French Bean(Local),2023-01-13,Kg,61,88,74
Bitter Gourd,2023-01-13,Kg,78,121,99
Bottle Gourd,2023-01-13,Kg,43,64,53
Pointed Gourd(Local),2023-01-13,Kg,61,106,83
Snake Gourd,2023-01-13,Kg,54,74,64
Sponge Gourd,2023-01-13,Kg,66,91,78
Pumpkin,2023-01-13,Kg,36,50,43
Squash(Long),2023-01-13,Kg,42,70,56
Okra,2023-01-13,Kg,79,98,88
Arum,2023-01-13,Kg,56,86,71
Barela,2023-01-13,Kg,44,62,53
Radish Red,2023-01-13,Kg,28,48,38
Mushroom(Button),2023-01-13,Kg,338,484,411
Mushroom(Kanya),2023-01-13,Kg,142,219,180
Spinach Leaf,2023-01-13,Kg,100,138,119
Mustard Leaf,2023-01-13,Kg,44,68,56
Coriander,2023-01-13,Kg,146,296,221
Garlic Dry Nepali,2023-01-13,Kg,202,290,246
Garlic Dry Chinese,2023-01-13,Kg,260,341,300
Ginger,2023-01-13,Kg,143,235,189
Chilly Green,2023-01-13,Kg,87,135,111
Capsicum,2023-01-13,Kg,104,152,128
Cucumber(Local),2023-01-13,Kg,68,100,84
Apple(Jholey),2023-01-13,Kg,158,260,209
Banana,2023-01-13,Dozen,97,156,126
Pomegranate,2023-01-13,Kg,241,370,305
Orange(Nepali),2023-01-13,Kg,89,151,120
Papaya(Indian),2023-01-13,Kg,85,128,106
Tomato Big(Nepali),2023-01-14,Kg,38,67,52
Tomato Small(Local),2023-01-14,Kg,28,59,43
Potato Red,2023-01-14,Kg,57,76,66
Potato White,2023-01-14,Kg,42,64,53
Onion Dry (Indian),2023-01-14,Kg,68,95,81
Carrot(Local),2023-01-14,Kg,81,129,105
Cabbage(Local),2023-01-14,Kg,33,52,42
Cauliflower Local,2023-01-14,Kg,56,79,67
Raddish White(Local),2023-01-14,Kg,19,38,28
Brinjal Long,2023-01-14,Kg,42,64,53
Cow pea(Long),2023-01-14,Kg,69,108,88
Green Peas,2023-01-14,Kg,113,174,143
French Bean(Local),2023-01-14,Kg,65,85,75
Bitter Gourd,2023-01-14,Kg,89,141,115
Bottle Gourd,2023-01-14,Kg,43,71,57
Pointed Gourd(Local),2023-01-14,Kg,68,107,87
Snake Gourd,2023-01-14,Kg,47,71,59
Sponge Gourd,2023-01-14,Kg,64,85,74
Pumpkin,2023-01-14,Kg,40,50,45
Squash(Long),2023-01-14,Kg,43,62,52
Okra,2023-01-14,Kg,70,98,84
Arum,2023-01-14,Kg,58,94,76
Barela,2023-01-14,Kg,45,57,51
Radish Red,2023-01-14,Kg,28,53,40
Mushroom(Button),2023-01-14,Kg,331,455,393
Mushroom(Kanya),2023-01-14,Kg,149,206,177
Spinach Leaf,2023-01-14,Kg,96,139,117
Mustard Leaf,2023-01-14,Kg,42,70,56
Coriander,2023-01-14,Kg,151,261,206
Garlic Dry Nepali,2023-01-14,Kg,196,299,247
Garlic Dry Chinese,2023-01-14,Kg,287,322,304
Ginger,2023-01-14,Kg,152,263,207
Chilly Green,2023-01-14,Kg,80,122,101
Capsicum,2023-01-14,Kg,105,154,129
Cucumber(Local),2023-01-14,Kg,57,103,80
Apple(Jholey),2023-01-14,Kg,161,269,215
Banana,2023-01-14,Dozen,113,166,139
Pomegranate,2023-01-14,Kg,242,372,307
Orange(Nepali),2023-01-14,Kg,81,140,110
Papaya(Indian),2023-01-14,Kg,82,121,101
Tomato Big(Nepali),2023-01-15,Kg,43,64,53
Tomato Small(Local),2023-01-15,Kg,29,51,40
Potato Red,2023-01-15,Kg,55,70,62
Potato White,2023-01-15,Kg,42,55,48
Onion Dry (Indian),2023-01-15,Kg,67,91,79
Carrot(Local),2023-01-15,Kg,84,116,100
Cabbage(Local),2023-01-15,Kg,31,52,41
Cauliflower Local,2023-01-15,Kg,57,84,70
Raddish White(Local),2023-01-15,Kg,22,41,31
Brinjal Long,2023-01-15,Kg,46,75,60
Cow pea(Long),2023-01-15,Kg,72,109,90
Green Peas,2023-01-15,Kg,129,157,143
French Bean(Local),2023-01-15,Kg,57,88,72
Bitter Gourd,2023-01-15,Kg,81,120,100
Bottle Gourd,2023-01-15,Kg,45,60,52
Pointed Gourd(Local),2023-01-15,Kg,60,90,75
Snake Gourd,2023-01-15,Kg,50,78,64
Sponge Gourd,2023-01-15,Kg,62,102,82
Pumpkin,2023-01-15,Kg,37,58,47
Squash(Long),2023-01-15,Kg,43,61,52
Okra,2023-01-15,Kg,79,103,91
Arum,2023-01-15,Kg,60,92,76
Barela,2023-01-15,Kg,40,61,50
Radish Red,2023-01-15,Kg,30,45,37
Mushroom(Button),2023-01-15,Kg,359,450,404
Mushroom(Kanya),2023-01-15,Kg,171,219,195
Spinach Leaf,2023-01-15,Kg,87,128,107
Mustard Leaf,2023-01-15,Kg,40,65,52
Coriander,2023-01-15,Kg,150,271,210
Garlic Dry Nepali,2023-01-15,Kg,203,295,249
Garlic Dry Chinese,2023-01-15,Kg,277,349,313
Ginger,2023-01-15,Kg,147,250,198
Chilly Green,2023-01-15,Kg,87,136,111
Capsicum,2023-01-15,Kg,113,167,140
Cucumber(Local),2023-01-15,Kg,65,101,83
Apple(Jholey),2023-01-15,Kg,169,264,216
Banana,2023-01-15,Dozen,113,145,129
Pomegranate,2023-01-15,Kg,257,361,309
Orange(Nepali),2023-01-15,Kg,90,155,122
Papaya(Indian),2023-01-15,Kg,92,112,102
Tomato Big(Nepali),2023-01-16,Kg,43,71,57
Tomato Small(Local),2023-01-16,Kg,31,59,45
Potato Red,2023-01-16,Kg,52,70,61
Potato White,2023-01-16,Kg,44,56,50
Onion Dry (Indian),2023-01-16,Kg,61,91,76
Carrot(Local),2023-01-16,Kg,80,117,98
Cabbage(Local),2023-01-16,Kg,31,46,38
Cauliflower Local,2023-01-16,Kg,52,88,70
Raddish White(Local),2023-01-16,Kg,19,38,28
Brinjal Long,2023-01-16,Kg,43,67,55
Cow pea(Long),2023-01-16,Kg,68,105,86
Green Peas,2023-01-16,Kg,124,152,138
French Bean(Local),2023-01-16,Kg,62,101,81
Bitter Gourd,2023-01-16,Kg,80,122,101
Bottle Gourd,2023-01-16,Kg,41,69,55
Pointed Gourd(Local),2023-01-16,Kg,68,95,81
Snake Gourd,2023-01-16,Kg,51,82,66
Sponge Gourd,2023-01-16,Kg,61,95,78
Pumpkin,2023-01-16,Kg,35,50,42
Squash(Long),2023-01-16,Kg,38,68,53
Okra,2023-01-16,Kg,75,92,83
Arum,2023-01-16,Kg,69,96,82
Barela,2023-01-16,Kg,45,57,51
Radish Red,2023-01-16,Kg,32,46,39
Mushroom(Button),2023-01-16,Kg,404,531,467
Mushroom(Kanya),2023-01-16,Kg,148,217,182
Spinach Leaf,2023-01-16,Kg,102,122,112
Mustard Leaf,2023-01-16,Kg,40,62,51
Coriander,2023-01-16,Kg,162,259,210
Garlic Dry Nepali,2023-01-16,Kg,196,319,257
Garlic Dry Chinese,2023-01-16,Kg,242,385,313
Ginger,2023-01-16,Kg,165,240,202
Chilly Green,2023-01-16,Kg,81,128,104
Capsicum,2023-01-16,Kg,112,146,129
Cucumber(Local),2023-01-16,Kg,58,103,80
Apple(Jholey),2023-01-16,Kg,148,293,220
Banana,2023-01-16,Dozen,101,161,131
Pomegranate,2023-01-16,Kg,261,412,336
Orange(Nepali),2023-01-16,Kg,76,150,113
Papaya(Indian),2023-01-16,Kg,77,113,95
Tomato Big(Nepali),2023-01-17,Kg,42,63,52
Tomato Small(Local),2023-01-17,Kg,31,51,41
Potato Red,2023-01-17,Kg,57,76,66
Potato White,2023-01-17,Kg,44,63,53
Onion Dry (Indian),2023-01-17,Kg,59,98,78
Carrot(Local),2023-01-17,Kg,90,123,106
Cabbage(Local),2023-01-17,Kg,30,50,40
Cauliflower Local,2023-01-17,Kg,56,88,72
Raddish White(Local),2023-01-17,Kg,22,41,31
Brinjal Long,2023-01-17,Kg,44,71,57
Cow pea(Long),2023-01-17,Kg,70,119,94
Green Peas,2023-01-17,Kg,123,178,150
French Bean(Local),2023-01-17,Kg,62,98,80
Bitter Gourd,2023-01-17,Kg,81,145,113
Bottle Gourd,2023-01-17,Kg,39,66,52
Pointed Gourd(Local),2023-01-17,Kg,67,108,87
Snake Gourd,2023-01-17,Kg,54,74,64
Sponge Gourd,2023-01-17,Kg,66,103,84
Pumpkin,2023-01-17,Kg,39,53,46
Squash(Long),2023-01-17,Kg,40,63,51
Okra,2023-01-17,Kg,76,96,86
Arum,2023-01-17,Kg,68,81,74
Barela,2023-01-17,Kg,44,63,53
Radish Red,2023-01-17,Kg,33,51,42
Mushroom(Button),2023-01-17,Kg,387,469,428
Mushroom(Kanya),2023-01-17,Kg,164,215,189
Spinach Leaf,2023-01-17,Kg,88,125,106
Mustard Leaf,2023-01-17,Kg,42,62,52
Coriander,2023-01-17,Kg,172,299,235
Garlic Dry Nepali,2023-01-17,Kg,214,289,251
Garlic Dry Chinese,2023-01-17,Kg,239,335,287
Ginger,2023-01-17,Kg,167,240,203
Chilly Green,2023-01-17,Kg,86,134,110
Capsicum,2023-01-17,Kg,95,145,120
Cucumber(Local),2023-01-17,Kg,64,99,81
Apple(Jholey),2023-01-17,Kg,157,303,230
Banana,2023-01-17,Dozen,103,146,124
Pomegranate,2023-01-17,Kg,290,367,328
Orange(Nepali),2023-01-17,Kg,90,147,118
Papaya(Indian),2023-01-17,Kg,91,129,110
Tomato Big(Nepali),2023-01-18,Kg,42,60,51
Tomato Small(Local),2023-01-18,Kg,30,57,43
Potato Red,2023-01-18,Kg,50,73,61
Potato White,2023-01-18,Kg,46,56,51
Onion Dry (Indian),2023-01-18,Kg,63,102,82
Carrot(Local),2023-01-18,Kg,77,129,103
Cabbage(Local),2023-01-18,Kg,28,52,40
Cauliflower Local,2023-01-18,Kg,50,84,67
Raddish White(Local),2023-01-18,Kg,22,40,31
Brinjal Long,2023-01-18,Kg,49,73,61
Cow pea(Long),2023-01-18,Kg,81,115,98
Green Peas,2023-01-18,Kg,131,162,146
French Bean(Local),2023-01-18,Kg,62,99,80
Bitter Gourd,2023-01-18,Kg,91,125,108
Bottle Gourd,2023-01-18,Kg,46,70,58
Pointed Gourd(Local),2023-01-18,Kg,59,107,83
Snake Gourd,2023-01-18,Kg,50,82,66
Sponge Gourd,2023-01-18,Kg,64,88,76
Pumpkin,2023-01-18,Kg,34,55,44
Squash(Long),2023-01-18,Kg,38,61,49
Okra,2023-01-18,Kg,78,98,88
Arum,2023-01-18,Kg,64,87,75
Barela,2023-01-18,Kg,46,61,53
Radish Red,2023-01-18,Kg,32,54,43
Mushroom(Button),2023-01-18,Kg,373,487,430
Mushroom(Kanya),2023-01-18,Kg,156,217,186
Spinach Leaf,2023-01-18,Kg,101,133,117
Mustard Leaf,2023-01-18,Kg,45,60,52
Coriander,2023-01-18,Kg,161,268,214
Garlic Dry Nepali,2023-01-18,Kg,232,320,276
Garlic Dry Chinese,2023-01-18,Kg,259,337,298
Ginger,2023-01-18,Kg,165,246,205
Chilly Green,2023-01-18,Kg,82,129,105
Capsicum,2023-01-18,Kg,109,146,127
Cucumber(Local),2023-01-18,Kg,61,96,78
Apple(Jholey),2023-01-18,Kg,171,301,236
Banana,2023-01-18,Dozen,116,166,141
Pomegranate,2023-01-18,Kg,247,410,328
Orange(Nepali),2023-01-18,Kg,90,137,113
Papaya(Indian),2023-01-18,Kg,82,120,101
Tomato Big(Nepali),2023-01-19,Kg,39,66,52
Tomato Small(Local),2023-01-19,Kg,32,60,46
Potato Red,2023-01-19,Kg,53,82,67
Potato White,2023-01-19,Kg,43,65,54
Onion Dry (Indian),2023-01-19,Kg,61,110,85
Carrot(Local),2023-01-19,Kg,89,111,100
Cabbage(Local),2023-01-19,Kg,29,51,40
Cauliflower Local,2023-01-19,Kg,57,92,74
Raddish White(Local),2023-01-19,Kg,20,35,27
Brinjal Long,2023-01-19,Kg,45,76,60
Cow pea(Long),2023-01-19,Kg,67,109,88
Green Peas,2023-01-19,Kg,139,161,150
French Bean(Local),2023-01-19,Kg,60,101,80
Bitter Gourd,2023-01-19,Kg,79,132,105
Bottle Gourd,2023-01-19,Kg,40,72,56
Pointed Gourd(Local),2023-01-19,Kg,69,105,87
Snake Gourd,2023-01-19,Kg,51,76,63
Sponge Gourd,2023-01-19,Kg,62,103,82
Pumpkin,2023-01-19,Kg,37,56,46
Squash(Long),2023-01-19,Kg,40,73,56
Okra,2023-01-19,Kg,79,99,89
Arum,2023-01-19,Kg,65,89,77
Barela,2023-01-19,Kg,41,59,50
Radish Red,2023-01-19,Kg,30,48,39
Mushroom(Button),2023-01-19,Kg,354,483,418
Mushroom(Kanya),2023-01-19,Kg,170,229,199
Spinach Leaf,2023-01-19,Kg,97,143,120
Mustard Leaf,2023-01-19,Kg,39,67,53
Coriander,2023-01-19,Kg,168,283,225
Garlic Dry Nepali,2023-01-19,Kg,211,291,251
Garlic Dry Chinese,2023-01-19,Kg,253,376,314
Ginger,2023-01-19,Kg,149,241,195
Chilly Green,2023-01-19,Kg,88,123,105
Capsicum,2023-01-19,Kg,102,166,134
Cucumber(Local),2023-01-19,Kg,67,102,84
Apple(Jholey),2023-01-19,Kg,158,286,222
Banana,2023-01-19,Dozen,113,169,141
Pomegranate,2023-01-19,Kg,281,378,329
Orange(Nepali),2023-01-19,Kg,86,158,122
Papaya(Indian),2023-01-19,Kg,78,120,99
Tomato Big(Nepali),2023-01-20,Kg,38,64,51
Tomato Small(Local),2023-01-20,Kg,30,57,43
Potato Red,2023-01-20,Kg,56,79,67
Potato White,2023-01-20,Kg,46,56,51
Onion Dry (Indian),2023-01-20,Kg,68,93,80
Carrot(Local),2023-01-20,Kg,93,126,109
Cabbage(Local),2023-01-20,Kg,35,48,41
Cauliflower Local,2023-01-20,Kg,54,85,69
Raddish White(Local),2023-01-20,Kg,23,35,29
Brinjal Long,2023-01-20,Kg,44,71,57
Cow pea(Long),2023-01-20,Kg,73,113,93
Green Peas,2023-01-20,Kg,135,159,147
French Bean(Local),2023-01-20,Kg,68,96,82
Bitter Gourd,2023-01-20,Kg,86,131,108
Bottle Gourd,2023-01-20,Kg,40,66,53
Pointed Gourd(Local),2023-01-20,Kg,63,100,81
Snake Gourd,2023-01-20,Kg,48,74,61
Sponge Gourd,2023-01-20,Kg,69,88,78
Pumpkin,2023-01-20,Kg,40,51,45
Squash(Long),2023-01-20,Kg,40,67,53
Okra,2023-01-20,Kg,81,97,89
Arum,2023-01-20,Kg,69,88,78
Barela,2023-01-20,Kg,39,59,49
Radish Red,2023-01-20,Kg,34,47,40
Mushroom(Button),2023-01-20,Kg,341,544,442
Mushroom(Kanya),2023-01-20,Kg,164,234,199
Spinach Leaf,2023-01-20,Kg,104,133,118
Mustard Leaf,2023-01-20,Kg,39,72,55
Coriander,2023-01-20,Kg,159,254,206
Garlic Dry Nepali,2023-01-20,Kg,195,306,250
Garlic Dry Chinese,2023-01-20,Kg,289,329,309
Ginger,2023-01-20,Kg,169,230,199
Chilly Green,2023-01-20,Kg,78,132,105
Capsicum,2023-01-20,Kg,98,148,123
Cucumber(Local),2023-01-20,Kg,68,94,81
Apple(Jholey),2023-01-20,Kg,174,300,237
Banana,2023-01-20,Dozen,104,149,126
Pomegranate,2023-01-20,Kg,262,399,330
Orange(Nepali),2023-01-20,Kg,80,152,116
Papaya(Indian),2023-01-20,Kg,77,134,105
Tomato Big(Nepali),2023-01-21,Kg,39,65,52
Tomato Small(Local),2023-01-21,Kg,29,56,42
Potato Red,2023-01-21,Kg,57,72,64
Potato White,2023-01-21,Kg,42,57,49
Onion Dry (Indian),2023-01-21,Kg,63,92,77
Carrot(Local),2023-01-21,Kg,79,121,100
Cabbage(Local),2023-01-21,Kg,34,47,40
Cauliflower Local,2023-01-21,Kg,49,83,66
Raddish White(Local),2023-01-21,Kg,20,40,30
Brinjal Long,2023-01-21,Kg,52,73,62
Cow pea(Long),2023-01-21,Kg,72,111,91
Green Peas,2023-01-21,Kg,126,158,142
French Bean(Local),2023-01-21,Kg,66,92,79
Bitter Gourd,2023-01-21,Kg,91,128,109
Bottle Gourd,2023-01-21,Kg,41,61,51
Pointed Gourd(Local),2023-01-21,Kg,64,110,87
Snake Gourd,2023-01-21,Kg,50,80,65
Sponge Gourd,2023-01-21,Kg,70,87,78
Pumpkin,2023-01-21,Kg,34,51,42
Squash(Long),2023-01-21,Kg,40,64,52
Okra,2023-01-21,Kg,72,105,88
Arum,2023-01-21,Kg,63,88,75
Barela,2023-01-21,Kg,39,66,52
Radish Red,2023-01-21,Kg,32,47,39
Mushroom(Button),2023-01-21,Kg,391,474,432
Mushroom(Kanya),2023-01-21,Kg,148,219,183
Spinach Leaf,2023-01-21,Kg,88,122,105
Mustard Leaf,2023-01-21,Kg,39,68,53
Coriander,2023-01-21,Kg,164,293,228
Garlic Dry Nepali,2023-01-21,Kg,230,293,261
Garlic Dry Chinese,2023-01-21,Kg,257,339,298
Ginger,2023-01-21,Kg,170,244,207
Chilly Green,2023-01-21,Kg,84,136,110
Capsicum,2023-01-21,Kg,99,152,125
Cucumber(Local),2023-01-21,Kg,59,102,80
Apple(Jholey),2023-01-21,Kg,152,267,209
Banana,2023-01-21,Dozen,116,162,139
Pomegranate,2023-01-21,Kg,278,369,323
Orange(Nepali),2023-01-21,Kg,88,150,119
Papaya(Indian),2023-01-21,Kg,78,116,97
Tomato Big(Nepali),2023-01-22,Kg,42,65,53
Tomato Small(Local),2023-01-22,Kg,32,56,44
Potato Red,2023-01-22,Kg,48,76,62
Potato White,2023-01-22,Kg,42,58,50
Onion Dry (Indian),2023-01-22,Kg,63,93,78
Carrot(Local),2023-01-22,Kg,85,131,108
Cabbage(Local),2023-01-22,Kg,34,50,42
Cauliflower Local,2023-01-22,Kg,55,97,76
Raddish White(Local),2023-01-22,Kg,20,36,28
Brinjal Long,2023-01-22,Kg,49,80,64
Cow pea(Long),2023-01-22,Kg,81,121,101
Green Peas,2023-01-22,Kg,128,163,145
French Bean(Local),2023-01-22,Kg,69,91,80
Bitter Gourd,2023-01-22,Kg,87,139,113
Bottle Gourd,2023-01-22,Kg,43,71,57
Pointed Gourd(Local),2023-01-22,Kg,58,96,77
Snake Gourd,2023-01-22,Kg,48,85,66
Sponge Gourd,2023-01-22,Kg,68,95,81
Pumpkin,2023-01-22,Kg,39,60,49
Squash(Long),2023-01-22,Kg,42,68,55
Okra,2023-01-22,Kg,69,99,84
Arum,2023-01-22,Kg,63,85,74
Barela,2023-01-22,Kg,40,67,53
Radish Red,2023-01-22,Kg,31,49,40
Mushroom(Button),2023-01-22,Kg,407,505,456
Mushroom(Kanya),2023-01-22,Kg,164,230,197
Spinach Leaf,2023-01-22,Kg,90,132,111
Mustard Leaf,2023-01-22,Kg,47,66,56
Coriander,2023-01-22,Kg,169,255,212
Garlic Dry Nepali,2023-01-22,Kg,223,309,266
Garlic Dry Chinese,2023-01-22,Kg,247,376,311
Ginger,2023-01-22,Kg,174,235,204
Chilly Green,2023-01-22,Kg,92,124,108
Capsicum,2023-01-22,Kg,115,158,136
Cucumber(Local),2023-01-22,Kg,64,101,82
Apple(Jholey),2023-01-22,Kg,168,303,235
Banana,2023-01-22,Dozen,101,153,127
Pomegranate,2023-01-22,Kg,278,373,325
Orange(Nepali),2023-01-22,Kg,79,141,110
Papaya(Indian),2023-01-22,Kg,86,130,108
Tomato Big(Nepali),2023-01-23,Kg,39,70,54
Tomato Small(Local),2023-01-23,Kg,31,52,41
Potato Red,2023-01-23,Kg,54,81,67
Potato White,2023-01-23,Kg,45,61,53
Onion Dry (Indian),2023-01-23,Kg,62,97,79
Carrot(Local),2023-01-23,Kg,78,116,97
Cabbage(Local),2023-01-23,Kg,31,52,41
Cauliflower Local,2023-01-23,Kg,55,91,73
Raddish White(Local),2023-01-23,Kg,19,38,28
Brinjal Long,2023-01-23,Kg,50,69,59
Cow pea(Long),2023-01-23,Kg,81,107,94
Green Peas,2023-01-23,Kg,139,171,155
French Bean(Local),2023-01-23,Kg,59,98,78
Bitter Gourd,2023-01-23,Kg,91,140,115
Bottle Gourd,2023-01-23,Kg,39,64,51
Pointed Gourd(Local),2023-01-23,Kg,61,101,81
Snake Gourd,2023-01-23,Kg,53,81,67
Sponge Gourd,2023-01-23,Kg,62,95,78
Pumpkin,2023-01-23,Kg,37,56,46
Squash(Long),2023-01-23,Kg,41,74,57
Okra,2023-01-23,Kg,74,107,90
Arum,2023-01-23,Kg,67,86,76
Barela,2023-01-23,Kg,41,57,49
Radish Red,2023-01-23,Kg,34,53,43
Mushroom(Button),2023-01-23,Kg,400,460,430
Mushroom(Kanya),2023-01-23,Kg,154,228,191
Spinach Leaf,2023-01-23,Kg,92,140,116
Mustard Leaf,2023-01-23,Kg,39,62,50
Coriander,2023-01-23,Kg,161,278,219
Garlic Dry Nepali,2023-01-23,Kg,221,338,279
Garlic Dry Chinese,2023-01-23,Kg,266,345,305
Ginger,2023-01-23,Kg,147,268,207
Chilly Green,2023-01-23,Kg,85,129,107
Capsicum,2023-01-23,Kg,100,161,130
Cucumber(Local),2023-01-23,Kg,58,101,79
Apple(Jholey),2023-01-23,Kg,149,279,214
Banana,2023-01-23,Dozen,101,153,127
Pomegranate,2023-01-23,Kg,263,402,332
Orange(Nepali),2023-01-23,Kg,83,157,120
Papaya(Indian),2023-01-23,Kg,89,126,107
Tomato Big(Nepali),2023-01-24,Kg,40,65,52
Tomato Small(Local),2023-01-24,Kg,29,61,45
Potato Red,2023-01-24,Kg,50,86,68
Potato White,2023-01-24,Kg,46,57,51
Onion Dry (Indian),2023-01-24,Kg,65,93,79
Carrot(Local),2023-01-24,Kg,78,134,106
Cabbage(Local),2023-01-24,Kg,31,52,41
Cauliflower Local,2023-01-24,Kg,50,85,67
Raddish White(Local),2023-01-24,Kg,22,40,31
Brinjal Long,2023-01-24,Kg,47,77,62
Cow pea(Long),2023-01-24,Kg,69,114,91
Green Peas,2023-01-24,Kg,128,163,145
French Bean(Local),2023-01-24,Kg,70,92,81
Bitter Gourd,2023-01-24,Kg,89,144,116
Bottle Gourd,2023-01-24,Kg,42,73,57
Pointed Gourd(Local),2023-01-24,Kg,66,96,81
Snake Gourd,2023-01-24,Kg,53,80,66
Sponge Gourd,2023-01-24,Kg,66,97,81
Pumpkin,2023-01-24,Kg,36,56,46
Squash(Long),2023-01-24,Kg,41,74,57
Okra,2023-01-24,Kg,74,109,91
Arum,2023-01-24,Kg,67,98,82
Barela,2023-01-24,Kg,42,62,52
Radish Red,2023-01-24,Kg,29,48,38
Mushroom(Button),2023-01-24,Kg,359,514,436
Mushroom(Kanya),2023-01-24,Kg,153,240,196
Spinach Leaf,2023-01-24,Kg,99,136,117
Mustard Leaf,2023-01-24,Kg,39,67,53
Coriander,2023-01-24,Kg,165,304,234
Garlic Dry Nepali,2023-01-24,Kg,228,317,272
Garlic Dry Chinese,2023-01-24,Kg,257,372,314
Ginger,2023-01-24,Kg,169,233,201
Chilly Green,2023-01-24,Kg,88,142,115
Capsicum,2023-01-24,Kg,117,165,141
Cucumber(Local),2023-01-24,Kg,70,97,83
Apple(Jholey),2023-01-24,Kg,146,303,224
Banana,2023-01-24,Dozen,118,173,145
Pomegranate,2023-01-24,Kg,290,387,338
Orange(Nepali),2023-01-24,Kg,84,155,119
Papaya(Indian),2023-01-24,Kg,80,135,107
Tomato Big(Nepali),2023-01-25,Kg,40,71,55
Tomato Small(Local),2023-01-25,Kg,30,55,42
Potato Red,2023-01-25,Kg,49,79,64
Potato White,2023-01-25,Kg,42,67,54
Onion Dry (Indian),2023-01-25,Kg,67,103,85
Carrot(Local),2023-01-25,Kg,92,135,113
Cabbage(Local),2023-01-25,Kg,32,54,43
Cauliflower Local,2023-01-25,Kg,50,97,73
Raddish White(Local),2023-01-25,Kg,22,37,29
Brinjal Long,2023-01-25,Kg,47,72,59
Cow pea(Long),2023-01-25,Kg,81,106,93
Green Peas,2023-01-25,Kg,131,182,156
French Bean(Local),2023-01-25,Kg,65,96,80
Bitter Gourd,2023-01-25,Kg,85,135,110
Bottle Gourd,2023-01-25,Kg,46,71,58
Pointed Gourd(Local),2023-01-25,Kg,59,106,82
Snake Gourd,2023-01-25,Kg,56,73,64
Sponge Gourd,2023-01-25,Kg,66,88,77
Pumpkin,2023-01-25,Kg,40,52,46
Squash(Long),2023-01-25,Kg,47,73,60
Okra,2023-01-25,Kg,74,101,87
Arum,2023-01-25,Kg,67,82,74
Barela,2023-01-25,Kg,46,68,57
Radish Red,2023-01-25,Kg,30,49,39
Mushroom(Button),2023-01-25,Kg,397,536,466
Mushroom(Kanya),2023-01-25,Kg,162,205,183
Spinach Leaf,2023-01-25,Kg,88,123,105
Mustard Leaf,2023-01-25,Kg,47,63,55
Coriander,2023-01-25,Kg,171,307,239
Garlic Dry Nepali,2023-01-25,Kg,229,305,267
Garlic Dry Chinese,2023-01-25,Kg,249,373,311
Ginger,2023-01-25,Kg,159,247,203
Chilly Green,2023-01-25,Kg,78,125,101
Capsicum,2023-01-25,Kg,111,147,129
Cucumber(Local),2023-01-25,Kg,69,102,85
Apple(Jholey),2023-01-25,Kg,158,264,211
Banana,2023-01-25,Dozen,118,160,139
Pomegranate,2023-01-25,Kg,285,431,358
Orange(Nepali),2023-01-25,Kg,88,141,114
Papaya(Indian),2023-01-25,Kg,82,128,105
Tomato Big(Nepali),2023-01-26,Kg,46,73,59
Tomato Small(Local),2023-01-26,Kg,35,51,43
Potato Red,2023-01-26,Kg,50,79,64
Potato White,2023-01-26,Kg,40,65,52
Onion Dry (Indian),2023-01-26,Kg,61,93,77
Carrot(Local),2023-01-26,Kg,92,121,106
Cabbage(Local),2023-01-26,Kg,34,46,40
Cauliflower Local,2023-01-26,Kg,54,91,72
Raddish White(Local),2023-01-26,Kg,20,43,31
Brinjal Long,2023-01-26,Kg,51,75,63
Cow pea(Long),2023-01-26,Kg,75,118,96
Green Peas,2023-01-26,Kg,143,176,159
French Bean(Local),2023-01-26,Kg,65,100,82
Bitter Gourd,2023-01-26,Kg,80,147,113
Bottle Gourd,2023-01-26,Kg,42,74,58
Pointed Gourd(Local),2023-01-26,Kg,60,99,79
Snake Gourd,2023-01-26,Kg,53,73,63
Sponge Gourd,2023-01-26,Kg,64,93,78
Pumpkin,2023-01-26,Kg,36,54,45
Squash(Long),2023-01-26,Kg,41,70,55
Okra,2023-01-26,Kg,77,95,86
Arum,2023-01-26,Kg,60,97,78
Barela,2023-01-26,Kg,40,61,50
Radish Red,2023-01-26,Kg,31,55,43
Mushroom(Button),2023-01-26,Kg,415,532,473
Mushroom(Kanya),2023-01-26,Kg,165,237,201
Spinach Leaf,2023-01-26,Kg,106,135,120
Mustard Leaf,2023-01-26,Kg,47,70,58
Coriander,2023-01-26,Kg,156,283,219
Garlic Dry Nepali,2023-01-26,Kg,202,341,271
Garlic Dry Chinese,2023-01-26,Kg,295,353,324
Ginger,2023-01-26,Kg,176,235,205
Chilly Green,2023-01-26,Kg,80,130,105
Capsicum,2023-01-26,Kg,116,171,143
Cucumber(Local),2023-01-26,Kg,63,97,80
Apple(Jholey),2023-01-26,Kg,161,262,211
Banana,2023-01-26,Dozen,115,160,137
Pomegranate,2023-01-26,Kg,250,407,328
Orange(Nepali),2023-01-26,Kg,85,143,114
Papaya(Indian),2023-01-26,Kg,81,131,106
Tomato Big(Nepali),2023-01-27,Kg,42,69,55
Tomato Small(Local),2023-01-27,Kg,35,53,44
Potato Red,2023-01-27,Kg,57,76,66
Potato White,2023-01-27,Kg,42,57,49
Onion Dry (Indian),2023-01-27,Kg,70,110,90
Carrot(Local),2023-01-27,Kg,95,118,106
Cabbage(Local),2023-01-27,Kg,33,55,44
Cauliflower Local,2023-01-27,Kg,57,84,70
Raddish White(Local),2023-01-27,Kg,20,41,30
Brinjal Long,2023-01-27,Kg,50,77,63
Cow pea(Long),2023-01-27,Kg,78,120,99
Green Peas,2023-01-27,Kg,127,174,150
French Bean(Local),2023-01-27,Kg,62,103,82
Bitter Gourd,2023-01-27,Kg,82,149,115
Bottle Gourd,2023-01-27,Kg,40,69,54
Pointed Gourd(Local),2023-01-27,Kg,59,95,77
Snake Gourd,2023-01-27,Kg,52,73,62
Sponge Gourd,2023-01-27,Kg,60,101,80
Pumpkin,2023-01-27,Kg,37,60,48
Squash(Long),2023-01-27,Kg,39,64,51
Okra,2023-01-27,Kg,79,103,91
Arum,2023-01-27,Kg,66,99,82
Barela,2023-01-27,Kg,44,59,51
Radish Red,2023-01-27,Kg,30,47,38
Mushroom(Button),2023-01-27,Kg,361,495,428
Mushroom(Kanya),2023-01-27,Kg,157,237,197
Spinach Leaf,2023-01-27,Kg,98,134,116
Mustard Leaf,2023-01-27,Kg,39,63,51
Coriander,2023-01-27,Kg,148,264,206
Garlic Dry Nepali,2023-01-27,Kg,223,347,285
Garlic Dry Chinese,2023-01-27,Kg,279,352,315
Ginger,2023-01-27,Kg,157,253,205
Chilly Green,2023-01-27,Kg,90,145,117
Capsicum,2023-01-27,Kg,111,150,130
Cucumber(Local),2023-01-27,Kg,69,107,88
Apple(Jholey),2023-01-27,Kg,171,262,216
Banana,2023-01-27,Dozen,115,164,139
Pomegranate,2023-01-27,Kg,290,421,355
Orange(Nepali),2023-01-27,Kg,88,141,114
Papaya(Indian),2023-01-27,Kg,85,117,101
Tomato Big(Nepali),2023-01-28,Kg,47,70,58
Tomato Small(Local),2023-01-28,Kg,31,62,46
Potato Red,2023-01-28,Kg,52,73,62
Potato White,2023-01-28,Kg,47,68,57
Onion Dry (Indian),2023-01-28,Kg,62,103,82
Carrot(Local),2023-01-28,Kg,85,120,102
Cabbage(Local),2023-01-28,Kg,30,49,39
Cauliflower Local,2023-01-28,Kg,49,94,71
Raddish White(Local),2023-01-28,Kg,21,38,29
Brinjal Long,2023-01-28,Kg,47,68,57
Cow pea(Long),2023-01-28,Kg,74,118,96
Green Peas,2023-01-28,Kg,118,177,147
French Bean(Local),2023-01-28,Kg,66,91,78
Bitter Gourd,2023-01-28,Kg,79,134,106
Bottle Gourd,2023-01-28,Kg,47,70,58
Pointed Gourd(Local),2023-01-28,Kg,62,108,85
Snake Gourd,2023-01-28,Kg,49,78,63
Sponge Gourd,2023-01-28,Kg,62,98,80
Pumpkin,2023-01-28,Kg,35,56,45
Squash(Long),2023-01-28,Kg,45,68,56
Okra,2023-01-28,Kg,73,111,92
Arum,2023-01-28,Kg,68,96,82
Barela,2023-01-28,Kg,44,64,54
Radish Red,2023-01-28,Kg,32,49,40
Mushroom(Button),2023-01-28,Kg,406,469,437
Mushroom(Kanya),2023-01-28,Kg,150,231,190
Spinach Leaf,2023-01-28,Kg,104,145,124
Mustard Leaf,2023-01-28,Kg,47,67,57
Coriander,2023-01-28,Kg,175,263,219
Garlic Dry Nepali,2023-01-28,Kg,203,306,254
Garlic Dry Chinese,2023-01-28,Kg,279,383,331
Ginger,2023-01-28,Kg,160,241,200
Chilly Green,2023-01-28,Kg,80,135,107
Capsicum,2023-01-28,Kg,118,175,146
Cucumber(Local),2023-01-28,Kg,62,98,80
Apple(Jholey),2023-01-28,Kg,155,277,216
Banana,2023-01-28,Dozen,102,154,128
Pomegranate,2023-01-28,Kg,263,404,333
Orange(Nepali),2023-01-28,Kg,85,149,117
Papaya(Indian),2023-01-28,Kg,89,136,112
Tomato Big(Nepali),2023-01-29,Kg,42,67,54
Tomato Small(Local),2023-01-29,Kg,34,62,48
Potato Red,2023-01-29,Kg,50,85,67
Potato White,2023-01-29,Kg,44,63,53
Onion Dry (Indian),2023-01-29,Kg,72,103,87
Carrot(Local),2023-01-29,Kg,94,130,112
Cabbage(Local),2023-01-29,Kg,30,52,41
Cauliflower Local,2023-01-29,Kg,51,92,71
Raddish White(Local),2023-01-29,Kg,21,41,31
Brinjal Long,2023-01-29,Kg,45,69,57
Cow pea(Long),2023-01-29,Kg,78,115,96
Green Peas,2023-01-29,Kg,137,166,151
French Bean(Local),2023-01-29,Kg,70,104,87
Bitter Gourd,2023-01-29,Kg,95,141,118
Bottle Gourd,2023-01-29,Kg,40,63,51
Pointed Gourd(Local),2023-01-29,Kg,69,102,85
Snake Gourd,2023-01-29,Kg,51,73,62
Sponge Gourd,2023-01-29,Kg,71,102,86
Pumpkin,2023-01-29,Kg,37,60,48
Squash(Long),2023-01-29,Kg,42,63,52
Okra,2023-01-29,Kg,83,95,89
Arum,2023-01-29,Kg,64,88,76
Barela,2023-01-29,Kg,41,60,50
Radish Red,2023-01-29,Kg,31,55,43
Mushroom(Button),2023-01-29,Kg,375,549,462
Mushroom(Kanya),2023-01-29,Kg,178,231,204
Spinach Leaf,2023-01-29,Kg,91,143,117
Mustard Leaf,2023-01-29,Kg,45,71,58
Coriander,2023-01-29,Kg,159,277,218
Garlic Dry Nepali,2023-01-29,Kg,222,352,287
Garlic Dry Chinese,2023-01-29,Kg,290,357,323
Ginger,2023-01-29,Kg,176,235,205
Chilly Green,2023-01-29,Kg,94,142,118
Capsicum,2023-01-29,Kg,99,153,126
Cucumber(Local),2023-01-29,Kg,68,104,86
Apple(Jholey),2023-01-29,Kg,151,271,211
Banana,2023-01-29,Dozen,103,164,133
Pomegranate,2023-01-29,Kg,255,386,320
Orange(Nepali),2023-01-29,Kg,93,152,122
Papaya(Indian),2023-01-29,Kg,84,126,105
Tomato Big(Nepali),2023-01-30,Kg,44,62,53
Tomato Small(Local),2023-01-30,Kg,33,52,42
Potato Red,2023-01-30,Kg,49,86,67
Potato White,2023-01-30,Kg,46,68,57
Onion Dry (Indian),2023-01-30,Kg,60,94,77
Carrot(Local),2023-01-30,Kg,86,135,110
Cabbage(Local),2023-01-30,Kg,31,54,42
Cauliflower Local,2023-01-30,Kg,50,94,72
Raddish White(Local),2023-01-30,Kg,23,42,32
Brinjal Long,2023-01-30,Kg,53,80,66
Cow pea(Long),2023-01-30,Kg,73,115,94
Green Peas,2023-01-30,Kg,144,184,164
French Bean(Local),2023-01-30,Kg,65,95,80
Bitter Gourd,2023-01-30,Kg,83,127,105
Bottle Gourd,2023-01-30,Kg,46,72,59
Pointed Gourd(Local),2023-01-30,Kg,62,110,86
Snake Gourd,2023-01-30,Kg,55,75,65
Sponge Gourd,2023-01-30,Kg,59,95,77
Pumpkin,2023-01-30,Kg,39,62,50
Squash(Long),2023-01-30,Kg,42,68,55
Okra,2023-01-30,Kg,80,113,96
Arum,2023-01-30,Kg,65,88,76
Barela,2023-01-30,Kg,46,66,56
Radish Red,2023-01-30,Kg,31,56,43
Mushroom(Button),2023-01-30,Kg,404,522,463
Mushroom(Kanya),2023-01-30,Kg,180,242,211
Spinach Leaf,2023-01-30,Kg,106,139,122
Mustard Leaf,2023-01-30,Kg,47,64,55
Coriander,2023-01-30,Kg,174,306,240
Garlic Dry Nepali,2023-01-30,Kg,201,332,266
Garlic Dry Chinese,2023-01-30,Kg,258,399,328
Ginger,2023-01-30,Kg,160,262,211
Chilly Green,2023-01-30,Kg,95,125,110
Capsicum,2023-01-30,Kg,107,163,135
Cucumber(Local),2023-01-30,Kg,59,103,81
Apple(Jholey),2023-01-30,Kg,176,295,235
Banana,2023-01-30,Dozen,104,169,136
Pomegranate,2023-01-30,Kg,266,403,334
Orange(Nepali),2023-01-30,Kg,85,154,119
Papaya(Indian),2023-01-30,Kg,86,117,101
Tomato Big(Nepali),2023-01-31,Kg,46,71,58
Tomato Small(Local),2023-01-31,Kg,33,54,43
Potato Red,2023-01-31,Kg,53,82,67
Potato White,2023-01-31,Kg,43,57,50
Onion Dry (Indian),2023-01-31,Kg,71,99,85
Carrot(Local),2023-01-31,Kg,80,123,101
Cabbage(Local),2023-01-31,Kg,33,54,43
Cauliflower Local,2023-01-31,Kg,55,97,76
Raddish White(Local),2023-01-31,Kg,23,43,33
Brinjal Long,2023-01-31,Kg,54,74,64
Cow pea(Long),2023-01-31,Kg,81,115,98
Green Peas,2023-01-31,Kg,123,161,142
French Bean(Local),2023-01-31,Kg,65,101,83
Bitter Gourd,2023-01-31,Kg,79,147,113
Bottle Gourd,2023-01-31,Kg,46,73,59
Pointed Gourd(Local),2023-01-31,Kg,71,96,83
Snake Gourd,2023-01-31,Kg,58,82,70
Sponge Gourd,2023-01-31,Kg,68,104,86
Pumpkin,2023-01-31,Kg,40,61,50
Squash(Long),2023-01-31,Kg,41,66,53
Okra,2023-01-31,Kg,84,105,94
Arum,2023-01-31,Kg,63,99,81
Barela,2023-01-31,Kg,43,69,56
Radish Red,2023-01-31,Kg,35,48,41
Mushroom(Button),2023-01-31,Kg,406,528,467
Mushroom(Kanya),2023-01-31,Kg,174,215,194
Spinach Leaf,2023-01-31,Kg,90,150,120
Mustard Leaf,2023-01-31,Kg,47,63,55
Coriander,2023-01-31,Kg,151,296,223
Garlic Dry Nepali,2023-01-31,Kg,198,326,262
Garlic Dry Chinese,2023-01-31,Kg,270,363,316
Ginger,2023-01-31,Kg,150,234,192
Chilly Green,2023-01-31,Kg,80,144,112
Capsicum,2023-01-31,Kg,120,176,148
Cucumber(Local),2023-01-31,Kg,66,107,86
Apple(Jholey),2023-01-31,Kg,150,271,210
Banana,2023-01-31,Dozen,103,148,125
Pomegranate,2023-01-31,Kg,272,436,354
Orange(Nepali),2023-01-31,Kg,80,164,122
Papaya(Indian),2023-01-31,Kg,80,137,108
Tomato Big(Nepali),2023-02-01,Kg,42,72,57
Tomato Small(Local),2023-02-01,Kg,34,57,45
Potato Red,2023-02-01,Kg,57,85,71
Potato White,2023-02-01,Kg,48,65,56
Onion Dry (Indian),2023-02-01,Kg,65,99,82
Carrot(Local),2023-02-01,Kg,93,135,114
Cabbage(Local),2023-02-01,Kg,31,53,42
Cauliflower Local,2023-02-01,Kg,57,93,75
Raddish White(Local),2023-02-01,Kg,23,42,32
Brinjal Long,2023-02-01,Kg,44,76,60
Cow pea(Long),2023-02-01,Kg,78,116,97
Green Peas,2023-02-01,Kg,138,159,148
French Bean(Local),2023-02-01,Kg,60,105,82
Bitter Gourd,2023-02-01,Kg,79,144,111
Bottle Gourd,2023-02-01,Kg,41,66,53
Pointed Gourd(Local),2023-02-01,Kg,68,108,88
Snake Gourd,2023-02-01,Kg,50,73,61
Sponge Gourd,2023-02-01,Kg,70,101,85
Pumpkin,2023-02-01,Kg,42,54,48
Squash(Long),2023-02-01,Kg,40,74,57
Okra,2023-02-01,Kg,76,106,91
Arum,2023-02-01,Kg,62,99,80
Barela,2023-02-01,Kg,41,67,54
Radish Red,2023-02-01,Kg,30,51,40
Mushroom(Button),2023-02-01,Kg,378,535,456
Mushroom(Kanya),2023-02-01,Kg,157,216,186
Spinach Leaf,2023-02-01,Kg,98,134,116
Mustard Leaf,2023-02-01,Kg,47,69,58
Coriander,2023-02-01,Kg,181,295,238
Garlic Dry Nepali,2023-02-01,Kg,223,294,258
Garlic Dry Chinese,2023-02-01,Kg,271,396,333
Ginger,2023-02-01,Kg,158,275,216
Chilly Green,2023-02-01,Kg,82,141,111
Capsicum,2023-02-01,Kg,104,147,125
Cucumber(Local),2023-02-01,Kg,66,96,81
Apple(Jholey),2023-02-01,Kg,165,297,231
Banana,2023-02-01,Dozen,99,157,128
Pomegranate,2023-02-01,Kg,270,429,349
Orange(Nepali),2023-02-01,Kg,80,157,118
Papaya(Indian),2023-02-01,Kg,83,121,102
Tomato Big(Nepali),2023-02-02,Kg,43,64,53
Tomato Small(Local),2023-02-02,Kg,30,56,43
Potato Red,2023-02-02,Kg,60,77,68
Potato White,2023-02-02,Kg,41,65,53
Onion Dry (Indian),2023-02-02,Kg,66,107,86
Carrot(Local),2023-02-02,Kg,81,118,99
Cabbage(Local),2023-02-02,Kg,36,54,45
Cauliflower Local,2023-02-02,Kg,51,87,69
Raddish White(Local),2023-02-02,Kg,24,41,32
Brinjal Long,2023-02-02,Kg,51,76,63
Cow pea(Long),2023-02-02,Kg,74,115,94
Green Peas,2023-02-02,Kg,124,178,151
French Bean(Local),2023-02-02,Kg,71,98,84
Bitter Gourd,2023-02-02,Kg,86,136,111
Bottle Gourd,2023-02-02,Kg,41,65,53
Pointed Gourd(Local),2023-02-02,Kg,65,100,82
Snake Gourd,2023-02-02,Kg,59,85,72
Sponge Gourd,2023-02-02,Kg,63,107,85
Pumpkin,2023-02-02,Kg,36,53,44
Squash(Long),2023-02-02,Kg,46,70,58
Okra,2023-02-02,Kg,73,107,90
Arum,2023-02-02,Kg,71,99,85
Barela,2023-02-02,Kg,44,64,54
Radish Red,2023-02-02,Kg,35,51,43
Mushroom(Button),2023-02-02,Kg,389,548,468
Mushroom(Kanya),2023-02-02,Kg,156,213,184
Spinach Leaf,2023-02-02,Kg,105,147,126
Mustard Leaf,2023-02-02,Kg,42,66,54
Coriander,2023-02-02,Kg,162,271,216
Garlic Dry Nepali,2023-02-02,Kg,235,334,284
Garlic Dry Chinese,2023-02-02,Kg,260,364,312
Ginger,2023-02-02,Kg,174,258,216
Chilly Green,2023-02-02,Kg,86,151,118
Capsicum,2023-02-02,Kg,108,153,130
Cucumber(Local),2023-02-02,Kg,66,96,81
Apple(Jholey),2023-02-02,Kg,160,277,218
Banana,2023-02-02,Dozen,103,149,126
Pomegranate,2023-02-02,Kg,272,408,340
Orange(Nepali),2023-02-02,Kg,86,158,122
Papaya(Indian),2023-02-02,Kg,80,136,108
Tomato Big(Nepali),2023-02-03,Kg,43,65,54
Tomato Small(Local),2023-02-03,Kg,33,61,47
Potato Red,2023-02-03,Kg,52,76,64
Potato White,2023-02-03,Kg,46,64,55
Onion Dry (Indian),2023-02-03,Kg,69,101,85
Carrot(Local),2023-02-03,Kg,84,123,103
Cabbage(Local),2023-02-03,Kg,33,50,41
Cauliflower Local,2023-02-03,Kg,53,87,70
Raddish White(Local),2023-02-03,Kg,20,44,32
Brinjal Long,2023-02-03,Kg,50,75,62
Cow pea(Long),2023-02-03,Kg,72,117,94
Green Peas,2023-02-03,Kg,126,172,149
French Bean(Local),2023-02-03,Kg,71,103,87
Bitter Gourd,2023-02-03,Kg,94,149,121
Bottle Gourd,2023-02-03,Kg,42,65,53
Pointed Gourd(Local),2023-02-03,Kg,64,98,81
Snake Gourd,2023-02-03,Kg,50,86,68
Sponge Gourd,2023-02-03,Kg,63,104,83
Pumpkin,2023-02-03,Kg,41,56,48
Squash(Long),2023-02-03,Kg,42,64,53
Okra,2023-02-03,Kg,70,102,86
Arum,2023-02-03,Kg,71,101,86
Barela,2023-02-03,Kg,43,69,56
Radish Red,2023-02-03,Kg,31,47,39
Mushroom(Button),2023-02-03,Kg,378,520,449
Mushroom(Kanya),2023-02-03,Kg,166,245,205
Spinach Leaf,2023-02-03,Kg,93,141,117
Mustard Leaf,2023-02-03,Kg,47,74,60
Coriander,2023-02-03,Kg,165,273,219
Garlic Dry Nepali,2023-02-03,Kg,206,331,268
Garlic Dry Chinese,2023-02-03,Kg,287,351,319
Ginger,2023-02-03,Kg,170,251,210
Chilly Green,2023-02-03,Kg,85,150,117
Capsicum,2023-02-03,Kg,101,160,130
Cucumber(Local),2023-02-03,Kg,68,95,81
Apple(Jholey),2023-02-03,Kg,156,265,210
Banana,2023-02-03,Dozen,115,177,146
Pomegranate,2023-02-03,Kg,255,385,320
Orange(Nepali),2023-02-03,Kg,81,152,116
Papaya(Indian),2023-02-03,Kg,91,122,106
Tomato Big(Nepali),2023-02-04,Kg,43,68,55
Tomato Small(Local),2023-02-04,Kg,34,57,45
Potato Red,2023-02-04,Kg,60,86,73
Potato White,2023-02-04,Kg,42,66,54
Onion Dry (Indian),2023-02-04,Kg,62,106,84
Carrot(Local),2023-02-04,Kg,92,128,110
Cabbage(Local),2023-02-04,Kg,33,55,44
Cauliflower Local,2023-02-04,Kg,51,97,74
Raddish White(Local),2023-02-04,Kg,23,41,32
Brinjal Long,2023-02-04,Kg,45,71,58
Cow pea(Long),2023-02-04,Kg,79,115,97
Green Peas,2023-02-04,Kg,146,165,155
French Bean(Local),2023-02-04,Kg,60,96,78
Bitter Gourd,2023-02-04,Kg,94,151,122
Bottle Gourd,2023-02-04,Kg,44,69,56
Pointed Gourd(Local),2023-02-04,Kg,63,102,82
Snake Gourd,2023-02-04,Kg,61,75,68
Sponge Gourd,2023-02-04,Kg,61,95,78
Pumpkin,2023-02-04,Kg,41,53,47
Squash(Long),2023-02-04,Kg,47,74,60
Okra,2023-02-04,Kg,82,108,95
Arum,2023-02-04,Kg,65,96,80
Barela,2023-02-04,Kg,40,67,53
Radish Red,2023-02-04,Kg,35,48,41
Mushroom(Button),2023-02-04,Kg,380,515,447
Mushroom(Kanya),2023-02-04,Kg,169,232,200
Spinach Leaf,2023-02-04,Kg,98,145,121
Mustard Leaf,2023-02-04,Kg,47,66,56
Coriander,2023-02-04,Kg,170,298,234
Garlic Dry Nepali,2023-02-04,Kg,232,339,285
Garlic Dry Chinese,2023-02-04,Kg,267,340,303
Ginger,2023-02-04,Kg,172,239,205
Chilly Green,2023-02-04,Kg,95,131,113
Capsicum,2023-02-04,Kg,107,148,127
Cucumber(Local),2023-02-04,Kg,65,111,88
Apple(Jholey),2023-02-04,Kg,178,312,245
Banana,2023-02-04,Dozen,108,151,129
Pomegranate,2023-02-04,Kg,282,389,335
Orange(Nepali),2023-02-04,Kg,80,146,113
Papaya(Indian),2023-02-04,Kg,86,138,112
Tomato Big(Nepali),2023-02-05,Kg,46,75,60
Tomato Small(Local),2023-02-05,Kg,35,60,47
Potato Red,2023-02-05,Kg,57,75,66
Potato White,2023-02-05,Kg,40,64,52
Onion Dry (Indian),2023-02-05,Kg,60,109,84
Carrot(Local),2023-02-05,Kg,82,133,107
Cabbage(Local),2023-02-05,Kg,35,55,45
Cauliflower Local,2023-02-05,Kg,57,90,73
Raddish White(Local),2023-02-05,Kg,21,43,32
Brinjal Long,2023-02-05,Kg,52,76,64
Cow pea(Long),2023-02-05,Kg,79,121,100
Green Peas,2023-02-05,Kg,137,181,159
French Bean(Local),2023-02-05,Kg,70,107,88
Bitter Gourd,2023-02-05,Kg,94,133,113
Bottle Gourd,2023-02-05,Kg,43,68,55
Pointed Gourd(Local),2023-02-05,Kg,61,97,79
Snake Gourd,2023-02-05,Kg,50,85,67
Sponge Gourd,2023-02-05,Kg,70,96,83
Pumpkin,2023-02-05,Kg,41,59,50
Squash(Long),2023-02-05,Kg,45,72,58
Okra,2023-02-05,Kg,82,96,89
Arum,2023-02-05,Kg,69,90,79
Barela,2023-02-05,Kg,46,60,53
Radish Red,2023-02-05,Kg,31,56,43
Mushroom(Button),2023-02-05,Kg,393,521,457
Mushroom(Kanya),2023-02-05,Kg,168,252,210
Spinach Leaf,2023-02-05,Kg,107,133,120
Mustard Leaf,2023-02-05,Kg,45,65,55
Coriander,2023-02-05,Kg,162,306,234
Garlic Dry Nepali,2023-02-05,Kg,242,347,294
Garlic Dry Chinese,2023-02-05,Kg,260,376,318
Ginger,2023-02-05,Kg,178,252,215
Chilly Green,2023-02-05,Kg,92,145,118
Capsicum,2023-02-05,Kg,107,163,135
Cucumber(Local),2023-02-05,Kg,67,112,89
Apple(Jholey),2023-02-05,Kg,171,303,237
Banana,2023-02-05,Dozen,120,168,144
Pomegranate,2023-02-05,Kg,279,423,351
Orange(Nepali),2023-02-05,Kg,80,165,122
Papaya(Indian),2023-02-05,Kg,97,124,110
Tomato Big(Nepali),2023-02-06,Kg,45,70,57
Tomato Small(Local),2023-02-06,Kg,30,59,44
Potato Red,2023-02-06,Kg,57,85,71
Potato White,2023-02-06,Kg,47,63,55
Onion Dry (Indian),2023-02-06,Kg,66,96,81
Carrot(Local),2023-02-06,Kg,85,122,103
Cabbage(Local),2023-02-06,Kg,36,51,43
Cauliflower Local,2023-02-06,Kg,53,99,76
Raddish White(Local),2023-02-06,Kg,22,39,30
Brinjal Long,2023-02-06,Kg,52,83,67
Cow pea(Long),2023-02-06,Kg,75,117,96
Green Peas,2023-02-06,Kg,125,176,150
French Bean(Local),2023-02-06,Kg,69,100,84
Bitter Gourd,2023-02-06,Kg,82,152,117
Bottle Gourd,2023-02-06,Kg,46,70,58
Pointed Gourd(Local),2023-02-06,Kg,68,112,90
Snake Gourd,2023-02-06,Kg,58,79,68
Sponge Gourd,2023-02-06,Kg,70,92,81
Pumpkin,2023-02-06,Kg,41,63,52
Squash(Long),2023-02-06,Kg,48,64,56
Okra,2023-02-06,Kg,74,104,89
Arum,2023-02-06,Kg,70,101,85
Barela,2023-02-06,Kg,42,65,53
Radish Red,2023-02-06,Kg,33,52,42
Mushroom(Button),2023-02-06,Kg,422,519,470
Mushroom(Kanya),2023-02-06,Kg,166,251,208
Spinach Leaf,2023-02-06,Kg,106,146,126
Mustard Leaf,2023-02-06,Kg,41,71,56
Coriander,2023-02-06,Kg,160,312,236
Garlic Dry Nepali,2023-02-06,Kg,209,344,276
Garlic Dry Chinese,2023-02-06,Kg,278,346,312
Ginger,2023-02-06,Kg,159,279,219
Chilly Green,2023-02-06,Kg,85,135,110
Capsicum,2023-02-06,Kg,107,150,128
Cucumber(Local),2023-02-06,Kg,65,108,86
Apple(Jholey),2023-02-06,Kg,183,315,249
Banana,2023-02-06,Dozen,117,173,145
Pomegranate,2023-02-06,Kg,259,445,352
Orange(Nepali),2023-02-06,Kg,91,143,117
Papaya(Indian),2023-02-06,Kg,96,141,118
Tomato Big(Nepali),2023-02-07,Kg,44,73,58
Tomato Small(Local),2023-02-07,Kg,35,54,44
Potato Red,2023-02-07,Kg,59,81,70
Potato White,2023-02-07,Kg,42,65,53
Onion Dry (Indian),2023-02-07,Kg,71,114,92
Carrot(Local),2023-02-07,Kg,92,133,112
Cabbage(Local),2023-02-07,Kg,32,50,41
Cauliflower Local,2023-02-07,Kg,51,94,72
Raddish White(Local),2023-02-07,Kg,24,42,33
Brinjal Long,2023-02-07,Kg,50,77,63
Cow pea(Long),2023-02-07,Kg,80,106,93
Green Peas,2023-02-07,Kg,140,187,163
French Bean(Local),2023-02-07,Kg,67,96,81
Bitter Gourd,2023-02-07,Kg,82,136,109
Bottle Gourd,2023-02-07,Kg,45,66,55
Pointed Gourd(Local),2023-02-07,Kg,74,107,90
Snake Gourd,2023-02-07,Kg,59,83,71
Sponge Gourd,2023-02-07,Kg,61,109,85
Pumpkin,2023-02-07,Kg,41,62,51
Squash(Long),2023-02-07,Kg,47,75,61
Okra,2023-02-07,Kg,80,113,96
Arum,2023-02-07,Kg,71,89,80
Barela,2023-02-07,Kg,42,65,53
Radish Red,2023-02-07,Kg,30,52,41
Mushroom(Button),2023-02-07,Kg,399,481,440
Mushroom(Kanya),2023-02-07,Kg,156,241,198
Spinach Leaf,2023-02-07,Kg,102,140,121
Mustard Leaf,2023-02-07,Kg,42,67,54
Coriander,2023-02-07,Kg,164,293,228
Garlic Dry Nepali,2023-02-07,Kg,208,331,269
Garlic Dry Chinese,2023-02-07,Kg,270,407,338
Ginger,2023-02-07,Kg,169,279,224
Chilly Green,2023-02-07,Kg,87,129,108
Capsicum,2023-02-07,Kg,101,172,136
Cucumber(Local),2023-02-07,Kg,73,105,89
Apple(Jholey),2023-02-07,Kg,182,300,241
Banana,2023-02-07,Dozen,109,169,139
Pomegranate,2023-02-07,Kg,304,407,355
Orange(Nepali),2023-02-07,Kg,84,138,111
Papaya(Indian),2023-02-07,Kg,91,130,110
Tomato Big(Nepali),2023-02-08,Kg,41,77,59
Tomato Small(Local),2023-02-08,Kg,31,63,47
Potato Red,2023-02-08,Kg,50,84,67
Potato White,2023-02-08,Kg,45,67,56
Onion Dry (Indian),2023-02-08,Kg,65,100,82
Carrot(Local),2023-02-08,Kg,89,136,112
Cabbage(Local),2023-02-08,Kg,32,48,40
Cauliflower Local,2023-02-08,Kg,51,88,69
Raddish White(Local),2023-02-08,Kg,24,38,31
Brinjal Long,2023-02-08,Kg,46,80,63
Cow pea(Long),2023-02-08,Kg,81,126,103
Green Peas,2023-02-08,Kg,143,165,154
French Bean(Local),2023-02-08,Kg,68,101,84
Bitter Gourd,2023-02-08,Kg,98,147,122
Bottle Gourd,2023-02-08,Kg,40,68,54
Pointed Gourd(Local),2023-02-08,Kg,66,102,84
Snake Gourd,2023-02-08,Kg,52,86,69
Sponge Gourd,2023-02-08,Kg,70,96,83
Pumpkin,2023-02-08,Kg,41,55,48
Squash(Long),2023-02-08,Kg,43,72,57
Okra,2023-02-08,Kg,77,96,86
Arum,2023-02-08,Kg,71,94,82
Barela,2023-02-08,Kg,47,70,58
Radish Red,2023-02-08,Kg,31,56,43
Mushroom(Button),2023-02-08,Kg,415,578,496
Mushroom(Kanya),2023-02-08,Kg,183,251,217
Spinach Leaf,2023-02-08,Kg,97,144,120
Mustard Leaf,2023-02-08,Kg,47,64,55
Coriander,2023-02-08,Kg,157,287,222
Garlic Dry Nepali,2023-02-08,Kg,242,300,271
Garlic Dry Chinese,2023-02-08,Kg,282,391,336
Ginger,2023-02-08,Kg,173,281,227
Chilly Green,2023-02-08,Kg,97,146,121
Capsicum,2023-02-08,Kg,118,177,147
Cucumber(Local),2023-02-08,Kg,67,108,87
Apple(Jholey),2023-02-08,Kg,158,289,223
Banana,2023-02-08,Dozen,110,160,135
Pomegranate,2023-02-08,Kg,275,442,358
Orange(Nepali),2023-02-08,Kg,93,147,120
Papaya(Indian),2023-02-08,Kg,90,140,115
Tomato Big(Nepali),2023-02-09,Kg,44,64,54
Tomato Small(Local),2023-02-09,Kg,36,62,49
Potato Red,2023-02-09,Kg,54,86,70
Potato White,2023-02-09,Kg,47,62,54
Onion Dry (Indian),2023-02-09,Kg,62,108,85
Carrot(Local),2023-02-09,Kg,85,128,106
Cabbage(Local),2023-02-09,Kg,31,48,39
Cauliflower Local,2023-02-09,Kg,60,100,80
Raddish White(Local),2023-02-09,Kg,21,44,32
Brinjal Long,2023-02-09,Kg,54,70,62
Cow pea(Long),2023-02-09,Kg,83,124,103
Green Peas,2023-02-09,Kg,145,165,155
French Bean(Local),2023-02-09,Kg,66,105,85
Bitter Gourd,2023-02-09,Kg,94,147,120
Bottle Gourd,2023-02-09,Kg,43,70,56
Pointed Gourd(Local),2023-02-09,Kg,67,100,83
Snake Gourd,2023-02-09,Kg,60,81,70
Sponge Gourd,2023-02-09,Kg,74,96,85
Pumpkin,2023-02-09,Kg,36,61,48
Squash(Long),2023-02-09,Kg,45,66,55
Okra,2023-02-09,Kg,78,101,89
Arum,2023-02-09,Kg,65,96,80
Barela,2023-02-09,Kg,46,60,53
Radish Red,2023-02-09,Kg,35,52,43
Mushroom(Button),2023-02-09,Kg,359,498,428
Mushroom(Kanya),2023-02-09,Kg,175,229,202
Spinach Leaf,2023-02-09,Kg,95,152,123
Mustard Leaf,2023-02-09,Kg,43,69,56
Coriander,2023-02-09,Kg,181,296,238
Garlic Dry Nepali,2023-02-09,Kg,204,324,264
Garlic Dry Chinese,2023-02-09,Kg,290,365,327
Ginger,2023-02-09,Kg,174,265,219
Chilly Green,2023-02-09,Kg,89,144,116
Capsicum,2023-02-09,Kg,117,166,141
Cucumber(Local),2023-02-09,Kg,71,98,84
Apple(Jholey),2023-02-09,Kg,182,315,248
Banana,2023-02-09,Dozen,108,161,134
Pomegranate,2023-02-09,Kg,273,392,332
Orange(Nepali),2023-02-09,Kg,97,168,132
Papaya(Indian),2023-02-09,Kg,87,132,109
Tomato Big(Nepali),2023-02-10,Kg,42,76,59
Tomato Small(Local),2023-02-10,Kg,35,62,48
Potato Red,2023-02-10,Kg,53,75,64
Potato White,2023-02-10,Kg,42,66,54
Onion Dry (Indian),2023-02-10,Kg,70,101,85
Carrot(Local),2023-02-10,Kg,84,138,111
Cabbage(Local),2023-02-10,Kg,31,51,41
Cauliflower Local,2023-02-10,Kg,57,102,79
Raddish White(Local),2023-02-10,Kg,22,42,32
Brinjal Long,2023-02-10,Kg,54,73,63
Cow pea(Long),2023-02-10,Kg,78,109,93
Green Peas,2023-02-10,Kg,133,176,154
French Bean(Local),2023-02-10,Kg,70,104,87
Bitter Gourd,2023-02-10,Kg,91,137,114
Bottle Gourd,2023-02-10,Kg,40,69,54
Pointed Gourd(Local),2023-02-10,Kg,71,113,92
Snake Gourd,2023-02-10,Kg,54,86,70
Sponge Gourd,2023-02-10,Kg,67,106,86
Pumpkin,2023-02-10,Kg,37,58,47
Squash(Long),2023-02-10,Kg,41,77,59
Okra,2023-02-10,Kg,77,106,91
Arum,2023-02-10,Kg,62,88,75
Barela,2023-02-10,Kg,46,64,55
Radish Red,2023-02-10,Kg,34,52,43
Mushroom(Button),2023-02-10,Kg,396,583,489
Mushroom(Kanya),2023-02-10,Kg,156,226,191
Spinach Leaf,2023-02-10,Kg,111,132,121
Mustard Leaf,2023-02-10,Kg,46,75,60
Coriander,2023-02-10,Kg,157,294,225
Garlic Dry Nepali,2023-02-10,Kg,208,332,270
Garlic Dry Chinese,2023-02-10,Kg,293,381,337
Ginger,2023-02-10,Kg,154,248,201
Chilly Green,2023-02-10,Kg,86,145,115
Capsicum,2023-02-10,Kg,115,166,140
Cucumber(Local),2023-02-10,Kg,71,102,86
Apple(Jholey),2023-02-10,Kg,182,323,252
Banana,2023-02-10,Dozen,103,164,133
Pomegranate,2023-02-10,Kg,291,450,370
Orange(Nepali),2023-02-10,Kg,92,167,129
Papaya(Indian),2023-02-10,Kg,85,125,105
Tomato Big(Nepali),2023-02-11,Kg,43,65,54
Tomato Small(Local),2023-02-11,Kg,36,59,47
Potato Red,2023-02-11,Kg,57,78,67
Potato White,2023-02-11,Kg,45,64,54
Onion Dry (Indian),2023-02-11,Kg,68,101,84
Carrot(Local),2023-02-11,Kg,90,133,111
Cabbage(Local),2023-02-11,Kg,32,50,41
Cauliflower Local,2023-02-11,Kg,55,103,79
Raddish White(Local),2023-02-11,Kg,21,41,31
Brinjal Long,2023-02-11,Kg,50,74,62
Cow pea(Long),2023-02-11,Kg,72,120,96
Green Peas,2023-02-11,Kg,128,191,159
French Bean(Local),2023-02-11,Kg,63,92,77
Bitter Gourd,2023-02-11,Kg,97,134,115
Bottle Gourd,2023-02-11,Kg,41,65,53
Pointed Gourd(Local),2023-02-11,Kg,61,109,85
Snake Gourd,2023-02-11,Kg,51,75,63
Sponge Gourd,2023-02-11,Kg,71,104,87
Pumpkin,2023-02-11,Kg,38,61,49
Squash(Long),2023-02-11,Kg,49,75,62
Okra,2023-02-11,Kg,82,103,92
Arum,2023-02-11,Kg,69,103,86
Barela,2023-02-11,Kg,45,66,55
Radish Red,2023-02-11,Kg,36,50,43
Mushroom(Button),2023-02-11,Kg,424,520,472
Mushroom(Kanya),2023-02-11,Kg,184,219,201
Spinach Leaf,2023-02-11,Kg,101,142,121
Mustard Leaf,2023-02-11,Kg,42,77,59
Coriander,2023-02-11,Kg,158,318,238
Garlic Dry Nepali,2023-02-11,Kg,208,347,277
Garlic Dry Chinese,2023-02-11,Kg,261,369,315
Ginger,2023-02-11,Kg,154,275,214
Chilly Green,2023-02-11,Kg,88,146,117
Capsicum,2023-02-11,Kg,115,162,138
Cucumber(Local),2023-02-11,Kg,64,111,87
Apple(Jholey),2023-02-11,Kg,185,315,250
Banana,2023-02-11,Dozen,117,153,135
Pomegranate,2023-02-11,Kg,298,429,363
Orange(Nepali),2023-02-11,Kg,82,149,115
Papaya(Indian),2023-02-11,Kg,87,121,104
Tomato Big(Nepali),2023-02-12,Kg,48,67,57
Tomato Small(Local),2023-02-12,Kg,32,56,44
Potato Red,2023-02-12,Kg,54,84,69
Potato White,2023-02-12,Kg,41,62,51
Onion Dry (Indian),2023-02-12,Kg,68,105,86
Carrot(Local),2023-02-12,Kg,86,133,109
Cabbage(Local),2023-02-12,Kg,35,50,42
Cauliflower Local,2023-02-12,Kg,52,96,74
Raddish White(Local),2023-02-12,Kg,22,44,33
Brinjal Long,2023-02-12,Kg,49,72,60
Cow pea(Long),2023-02-12,Kg,85,110,97
Green Peas,2023-02-12,Kg,128,167,147
French Bean(Local),2023-02-12,Kg,62,93,77
Bitter Gourd,2023-02-12,Kg,83,143,113
Bottle Gourd,2023-02-12,Kg,47,72,59
Pointed Gourd(Local),2023-02-12,Kg,61,103,82
Snake Gourd,2023-02-12,Kg,58,79,68
Sponge Gourd,2023-02-12,Kg,72,102,87
Pumpkin,2023-02-12,Kg,41,57,49
Squash(Long),2023-02-12,Kg,44,65,54
Okra,2023-02-12,Kg,79,116,97
Arum,2023-02-12,Kg,67,91,79
Barela,2023-02-12,Kg,41,68,54
Radish Red,2023-02-12,Kg,32,58,45
Mushroom(Button),2023-02-12,Kg,422,555,488
Mushroom(Kanya),2023-02-12,Kg,177,239,208
Spinach Leaf,2023-02-12,Kg,108,148,128
Mustard Leaf,2023-02-12,Kg,43,72,57
Coriander,2023-02-12,Kg,185,281,233
Garlic Dry Nepali,2023-02-12,Kg,215,318,266
Garlic Dry Chinese,2023-02-12,Kg,276,405,340
Ginger,2023-02-12,Kg,158,250,204
Chilly Green,2023-02-12,Kg,81,138,109
Capsicum,2023-02-12,Kg,124,174,149
Cucumber(Local),2023-02-12,Kg,73,106,89
Apple(Jholey),2023-02-12,Kg,163,317,240
Banana,2023-02-12,Dozen,116,151,133
Pomegranate,2023-02-12,Kg,307,411,359
Orange(Nepali),2023-02-12,Kg,97,142,119
Papaya(Indian),2023-02-12,Kg,98,135,116
Tomato Big(Nepali),2023-02-13,Kg,43,66,54
Tomato Small(Local),2023-02-13,Kg,37,60,48
Potato Red,2023-02-13,Kg,59,83,71
Potato White,2023-02-13,Kg,45,65,55
Onion Dry (Indian),2023-02-13,Kg,70,113,91
Carrot(Local),2023-02-13,Kg,91,128,109
Cabbage(Local),2023-02-13,Kg,34,54,44
Cauliflower Local,2023-02-13,Kg,55,91,73
Raddish White(Local),2023-02-13,Kg,24,40,32
Brinjal Long,2023-02-13,Kg,46,71,58
Cow pea(Long),2023-02-13,Kg,75,125,100
Green Peas,2023-02-13,Kg,149,183,166
French Bean(Local),2023-02-13,Kg,64,108,86
Bitter Gourd,2023-02-13,Kg,86,141,113
Bottle Gourd,2023-02-13,Kg,41,74,57
Pointed Gourd(Local),2023-02-13,Kg,66,106,86
Snake Gourd,2023-02-13,Kg,61,89,75
Sponge Gourd,2023-02-13,Kg,68,93,80
Pumpkin,2023-02-13,Kg,39,58,48
Squash(Long),2023-02-13,Kg,43,72,57
Okra,2023-02-13,Kg,84,102,93
Arum,2023-02-13,Kg,74,103,88
Barela,2023-02-13,Kg,46,65,55
Radish Red,2023-02-13,Kg,37,49,43
Mushroom(Button),2023-02-13,Kg,406,536,471
Mushroom(Kanya),2023-02-13,Kg,175,252,213
Spinach Leaf,2023-02-13,Kg,95,151,123
Mustard Leaf,2023-02-13,Kg,41,69,55
Coriander,2023-02-13,Kg,181,277,229
Garlic Dry Nepali,2023-02-13,Kg,250,316,283
Garlic Dry Chinese,2023-02-13,Kg,280,355,317
Ginger,2023-02-13,Kg,161,275,218
Chilly Green,2023-02-13,Kg,99,143,121
Capsicum,2023-02-13,Kg,109,171,140
Cucumber(Local),2023-02-13,Kg,72,107,89
Apple(Jholey),2023-02-13,Kg,168,297,232
Banana,2023-02-13,Dozen,116,154,135
Pomegranate,2023-02-13,Kg,297,403,350
Orange(Nepali),2023-02-13,Kg,83,165,124
Papaya(Indian),2023-02-13,Kg,86,133,109
Tomato Big(Nepali),2023-02-14,Kg,49,66,57
Tomato Small(Local),2023-02-14,Kg,35,55,45
Potato Red,2023-02-14,Kg,59,78,68
Potato White,2023-02-14,Kg,42,70,56
Onion Dry (Indian),2023-02-14,Kg,73,113,93
Carrot(Local),2023-02-14,Kg,82,141,111
Cabbage(Local),2023-02-14,Kg,32,55,43
Cauliflower Local,2023-02-14,Kg,60,102,81
Raddish White(Local),2023-02-14,Kg,24,40,32
Brinjal Long,2023-02-14,Kg,49,80,64
Cow pea(Long),2023-02-14,Kg,74,118,96
Green Peas,2023-02-14,Kg,139,189,164
French Bean(Local),2023-02-14,Kg,65,97,81
Bitter Gourd,2023-02-14,Kg,83,154,118
Bottle Gourd,2023-02-14,Kg,49,75,62
Pointed Gourd(Local),2023-02-14,Kg,62,117,89
Snake Gourd,2023-02-14,Kg,60,85,72
Sponge Gourd,2023-02-14,Kg,65,98,81
Pumpkin,2023-02-14,Kg,38,65,51
Squash(Long),2023-02-14,Kg,49,75,62
Okra,2023-02-14,Kg,81,105,93
Arum,2023-02-14,Kg,73,99,86
Barela,2023-02-14,Kg,42,66,54
Radish Red,2023-02-14,Kg,35,57,46
Mushroom(Button),2023-02-14,Kg,416,498,457
Mushroom(Kanya),2023-02-14,Kg,187,220,203
Spinach Leaf,2023-02-14,Kg,109,147,128
Mustard Leaf,2023-02-14,Kg,48,77,62
Coriander,2023-02-14,Kg,160,322,241
Garlic Dry Nepali,2023-02-14,Kg,212,354,283
Garlic Dry Chinese,2023-02-14,Kg,303,413,358
Ginger,2023-02-14,Kg,179,262,220
Chilly Green,2023-02-14,Kg,98,148,123
Capsicum,2023-02-14,Kg,109,172,140
Cucumber(Local),2023-02-14,Kg,69,117,93
Apple(Jholey),2023-02-14,Kg,170,301,235
Banana,2023-02-14,Dozen,115,153,134
Pomegranate,2023-02-14,Kg,264,437,350
Orange(Nepali),2023-02-14,Kg,92,147,119
Papaya(Indian),2023-02-14,Kg,89,125,107
Tomato Big(Nepali),2023-02-15,Kg,45,76,60
Tomato Small(Local),2023-02-15,Kg,33,59,46
Potato Red,2023-02-15,Kg,60,76,68
Potato White,2023-02-15,Kg,43,67,55
Onion Dry (Indian),2023-02-15,Kg,69,109,89
Carrot(Local),2023-02-15,Kg,86,124,105
Cabbage(Local),2023-02-15,Kg,37,51,44
Cauliflower Local,2023-02-15,Kg,61,99,80
Raddish White(Local),2023-02-15,Kg,23,45,34
Brinjal Long,2023-02-15,Kg,54,76,65
Cow pea(Long),2023-02-15,Kg,85,113,99
Green Peas,2023-02-15,Kg,141,172,156
French Bean(Local),2023-02-15,Kg,64,104,84
Bitter Gourd,2023-02-15,Kg,85,138,111
Bottle Gourd,2023-02-15,Kg,46,78,62
Pointed Gourd(Local),2023-02-15,Kg,65,114,89
Snake Gourd,2023-02-15,Kg,61,78,69
Sponge Gourd,2023-02-15,Kg,71,109,90
Pumpkin,2023-02-15,Kg,43,57,50
Squash(Long),2023-02-15,Kg,46,66,56
Okra,2023-02-15,Kg,87,110,98
Arum,2023-02-15,Kg,67,100,83
Barela,2023-02-15,Kg,43,60,51
Radish Red,2023-02-15,Kg,31,49,40
Mushroom(Button),2023-02-15,Kg,374,556,465
Mushroom(Kanya),2023-02-15,Kg,181,249,215
Spinach Leaf,2023-02-15,Kg,96,138,117
Mustard Leaf,2023-02-15,Kg,47,65,56
Coriander,2023-02-15,Kg,171,312,241
Garlic Dry Nepali,2023-02-15,Kg,249,335,292
Garlic Dry Chinese,2023-02-15,Kg,264,388,326
Ginger,2023-02-15,Kg,162,240,201
Chilly Green,2023-02-15,Kg,84,140,112
Capsicum,2023-02-15,Kg,121,153,137
Cucumber(Local),2023-02-15,Kg,72,108,90
Apple(Jholey),2023-02-15,Kg,183,292,237
Banana,2023-02-15,Dozen,106,155,130
Pomegranate,2023-02-15,Kg,299,454,376
Orange(Nepali),2023-02-15,Kg,94,168,131
Papaya(Indian),2023-02-15,Kg,95,127,111
Tomato Big(Nepali),2023-02-16,Kg,49,70,59
Tomato Small(Local),2023-02-16,Kg,30,61,45
Potato Red,2023-02-16,Kg,52,77,64
Potato White,2023-02-16,Kg,50,66,58
Onion Dry (Indian),2023-02-16,Kg,65,101,83
Carrot(Local),2023-02-16,Kg,88,139,113
Cabbage(Local),2023-02-16,Kg,34,56,45
Cauliflower Local,2023-02-16,Kg,53,102,77
Raddish White(Local),2023-02-16,Kg,21,43,32
Brinjal Long,2023-02-16,Kg,50,72,61
Cow pea(Long),2023-02-16,Kg,84,122,103
Green Peas,2023-02-16,Kg,150,188,169
French Bean(Local),2023-02-16,Kg,70,108,89
Bitter Gourd,2023-02-16,Kg,89,157,123
Bottle Gourd,2023-02-16,Kg,46,66,56
Pointed Gourd(Local),2023-02-16,Kg,70,117,93
Snake Gourd,2023-02-16,Kg,52,91,71
Sponge Gourd,2023-02-16,Kg,66,93,79
Pumpkin,2023-02-16,Kg,40,58,49
Squash(Long),2023-02-16,Kg,48,70,59
Okra,2023-02-16,Kg,86,104,95
Arum,2023-02-16,Kg,72,94,83
Barela,2023-02-16,Kg,46,62,54
Radish Red,2023-02-16,Kg,33,57,45
Mushroom(Button),2023-02-16,Kg,383,490,436
Mushroom(Kanya),2023-02-16,Kg,172,263,217
Spinach Leaf,2023-02-16,Kg,101,149,125
Mustard Leaf,2023-02-16,Kg,44,71,57
Coriander,2023-02-16,Kg,183,314,248
Garlic Dry Nepali,2023-02-16,Kg,245,331,288
Garlic Dry Chinese,2023-02-16,Kg,281,361,321
Ginger,2023-02-16,Kg,182,262,222
Chilly Green,2023-02-16,Kg,91,146,118
Capsicum,2023-02-16,Kg,104,172,138
Cucumber(Local),2023-02-16,Kg,62,114,88
Apple(Jholey),2023-02-16,Kg,168,326,247
Banana,2023-02-16,Dozen,122,155,138
Pomegranate,2023-02-16,Kg,259,412,335
Orange(Nepali),2023-02-16,Kg,88,148,118
Papaya(Indian),2023-02-16,Kg,94,133,113
Tomato Big(Nepali),2023-02-17,Kg,47,66,56
Tomato Small(Local),2023-02-17,Kg,32,61,46
Potato Red,2023-02-17,Kg,57,78,67
Potato White,2023-02-17,Kg,44,60,52
Onion Dry (Indian),2023-02-17,Kg,69,112,90
Carrot(Local),2023-02-17,Kg,83,124,103
Cabbage(Local),2023-02-17,Kg,34,55,44
Cauliflower Local,2023-02-17,Kg,59,104,81
Raddish White(Local),2023-02-17,Kg,21,42,31
Brinjal Long,2023-02-17,Kg,53,76,64
Cow pea(Long),2023-02-17,Kg,74,111,92
Green Peas,2023-02-17,Kg,134,167,150
French Bean(Local),2023-02-17,Kg,65,100,82
Bitter Gourd,2023-02-17,Kg,99,142,120
Bottle Gourd,2023-02-17,Kg,41,75,58
Pointed Gourd(Local),2023-02-17,Kg,65,105,85
Snake Gourd,2023-02-17,Kg,58,79,68
Sponge Gourd,2023-02-17,Kg,70,96,83
Pumpkin,2023-02-17,Kg,43,59,51
Squash(Long),2023-02-17,Kg,41,76,58
Okra,2023-02-17,Kg,83,100,91
Arum,2023-02-17,Kg,65,100,82
Barela,2023-02-17,Kg,49,66,57
Radish Red,2023-02-17,Kg,35,49,42
Mushroom(Button),2023-02-17,Kg,381,550,465
Mushroom(Kanya),2023-02-17,Kg,162,230,196
Spinach Leaf,2023-02-17,Kg,107,134,120
Mustard Leaf,2023-02-17,Kg,41,75,58
Coriander,2023-02-17,Kg,162,294,228
Garlic Dry Nepali,2023-02-17,Kg,229,312,270
Garlic Dry Chinese,2023-02-17,Kg,309,368,338
Ginger,2023-02-17,Kg,169,252,210
Chilly Green,2023-02-17,Kg,85,157,121
Capsicum,2023-02-17,Kg,123,158,140
Cucumber(Local),2023-02-17,Kg,66,102,84
Apple(Jholey),2023-02-17,Kg,178,300,239
Banana,2023-02-17,Dozen,108,153,130
Pomegranate,2023-02-17,Kg,290,405,347
Orange(Nepali),2023-02-17,Kg,98,151,124
Papaya(Indian),2023-02-17,Kg,91,124,107
Tomato Big(Nepali),2023-02-18,Kg,44,74,59
Tomato Small(Local),2023-02-18,Kg,34,65,49
Potato Red,2023-02-18,Kg,57,90,73
Potato White,2023-02-18,Kg,47,67,57
Onion Dry (Indian),2023-02-18,Kg,75,114,94
Carrot(Local),2023-02-18,Kg,87,122,104
Cabbage(Local),2023-02-18,Kg,32,50,41
Cauliflower Local,2023-02-18,Kg,62,98,80
Raddish White(Local),2023-02-18,Kg,24,39,31
Brinjal Long,2023-02-18,Kg,52,81,66
Cow pea(Long),2023-02-18,Kg,78,127,102
Green Peas,2023-02-18,Kg,149,181,165
French Bean(Local),2023-02-18,Kg,75,105,90
Bitter Gourd,2023-02-18,Kg,89,155,122
Bottle Gourd,2023-02-18,Kg,41,71,56
Pointed Gourd(Local),2023-02-18,Kg,65,101,83
Snake Gourd,2023-02-18,Kg,62,78,70
Sponge Gourd,2023-02-18,Kg,72,98,85
Pumpkin,2023-02-18,Kg,40,65,52
Squash(Long),2023-02-18,Kg,42,78,60
Okra,2023-02-18,Kg,77,102,89
Arum,2023-02-18,Kg,70,104,87
Barela,2023-02-18,Kg,48,63,55
Radish Red,2023-02-18,Kg,37,59,48
Mushroom(Button),2023-02-18,Kg,391,581,486
Mushroom(Kanya),2023-02-18,Kg,173,219,196
Spinach Leaf,2023-02-18,Kg,111,152,131
Mustard Leaf,2023-02-18,Kg,45,77,61
Coriander,2023-02-18,Kg,157,298,227
Garlic Dry Nepali,2023-02-18,Kg,238,329,283
Garlic Dry Chinese,2023-02-18,Kg,266,406,336
Ginger,2023-02-18,Kg,174,244,209
Chilly Green,2023-02-18,Kg,95,153,124
Capsicum,2023-02-18,Kg,125,173,149
Cucumber(Local),2023-02-18,Kg,65,103,84
Apple(Jholey),2023-02-18,Kg,181,274,227
Banana,2023-02-18,Dozen,118,153,135
Pomegranate,2023-02-18,Kg,300,389,344
Orange(Nepali),2023-02-18,Kg,94,154,124
Papaya(Indian),2023-02-18,Kg,84,127,105
Tomato Big(Nepali),2023-02-19,Kg,46,72,59
Tomato Small(Local),2023-02-19,Kg,35,58,46
Potato Red,2023-02-19,Kg,61,79,70
Potato White,2023-02-19,Kg,44,68,56
Onion Dry (Indian),2023-02-19,Kg,63,110,86
Carrot(Local),2023-02-19,Kg,94,145,119
Cabbage(Local),2023-02-19,Kg,36,55,45
Cauliflower Local,2023-02-19,Kg,56,102,79
Raddish White(Local),2023-02-19,Kg,22,44,33
Brinjal Long,2023-02-19,Kg,54,80,67
Cow pea(Long),2023-02-19,Kg,78,123,100
Green Peas,2023-02-19,Kg,148,182,165
French Bean(Local),2023-02-19,Kg,71,111,91
Bitter Gourd,2023-02-19,Kg,91,141,116
Bottle Gourd,2023-02-19,Kg,43,70,56
Pointed Gourd(Local),2023-02-19,Kg,71,101,86
Snake Gourd,2023-02-19,Kg,61,78,69
Sponge Gourd,2023-02-19,Kg,71,94,82
Pumpkin,2023-02-19,Kg,40,60,50
Squash(Long),2023-02-19,Kg,50,73,61
Okra,2023-02-19,Kg,84,115,99
Arum,2023-02-19,Kg,66,99,82
Barela,2023-02-19,Kg,44,61,52
Radish Red,2023-02-19,Kg,36,52,44
Mushroom(Button),2023-02-19,Kg,420,511,465
Mushroom(Kanya),2023-02-19,Kg,177,220,198
Spinach Leaf,2023-02-19,Kg,97,137,117
Mustard Leaf,2023-02-19,Kg,42,73,57
Coriander,2023-02-19,Kg,188,287,237
Garlic Dry Nepali,2023-02-19,Kg,248,365,306
Garlic Dry Chinese,2023-02-19,Kg,292,417,354
Ginger,2023-02-19,Kg,168,290,229
Chilly Green,2023-02-19,Kg,94,155,124
Capsicum,2023-02-19,Kg,107,175,141
Cucumber(Local),2023-02-19,Kg,74,104,89
Apple(Jholey),2023-02-19,Kg,168,313,240
Banana,2023-02-19,Dozen,115,183,149
Pomegranate,2023-02-19,Kg,282,445,363
Orange(Nepali),2023-02-19,Kg,89,162,125
Papaya(Indian),2023-02-19,Kg,89,141,115
Tomato Big(Nepali),2023-02-20,Kg,47,68,57
Tomato Small(Local),2023-02-20,Kg,35,65,50
Potato Red,2023-02-20,Kg,58,87,72
Potato White,2023-02-20,Kg,45,68,56
Onion Dry (Indian),2023-02-20,Kg,70,119,94
Carrot(Local),2023-02-20,Kg,83,132,107
Cabbage(Local),2023-02-20,Kg,31,54,42
Cauliflower Local,2023-02-20,Kg,56,101,78
Raddish White(Local),2023-02-20,Kg,25,43,34
Brinjal Long,2023-02-20,Kg,56,71,63
Cow pea(Long),2023-02-20,Kg,73,120,96
Green Peas,2023-02-20,Kg,128,169,148
French Bean(Local),2023-02-20,Kg,66,112,89
Bitter Gourd,2023-02-20,Kg,93,142,117
Bottle Gourd,2023-02-20,Kg,44,72,58
Pointed Gourd(Local),2023-02-20,Kg,69,112,90
Snake Gourd,2023-02-20,Kg,52,76,64
Sponge Gourd,2023-02-20,Kg,68,100,84
Pumpkin,2023-02-20,Kg,43,57,50
Squash(Long),2023-02-20,Kg,45,71,58
Okra,2023-02-20,Kg,87,106,96
Arum,2023-02-20,Kg,69,105,87
Barela,2023-02-20,Kg,47,71,59
Radish Red,2023-02-20,Kg,36,59,47
Mushroom(Button),2023-02-20,Kg,428,569,498
Mushroom(Kanya),2023-02-20,Kg,156,248,202
Spinach Leaf,2023-02-20,Kg,107,158,132
Mustard Leaf,2023-02-20,Kg,50,69,59
Coriander,2023-02-20,Kg,188,320,254
Garlic Dry Nepali,2023-02-20,Kg,237,343,290
Garlic Dry Chinese,2023-02-20,Kg,297,379,338
Ginger,2023-02-20,Kg,187,274,230
Chilly Green,2023-02-20,Kg,100,154,127
Capsicum,2023-02-20,Kg,106,178,142
Cucumber(Local),2023-02-20,Kg,71,116,93
Apple(Jholey),2023-02-20,Kg,174,325,249
Banana,2023-02-20,Dozen,111,154,132
Pomegranate,2023-02-20,Kg,270,446,358
Orange(Nepali),2023-02-20,Kg,96,147,121
Papaya(Indian),2023-02-20,Kg,88,138,113
Tomato Big(Nepali),2023-02-21,Kg,44,78,61
Tomato Small(Local),2023-02-21,Kg,37,61,49
Potato Red,2023-02-21,Kg,54,81,67
Potato White,2023-02-21,Kg,43,67,55
Onion Dry (Indian),2023-02-21,Kg,70,118,94
Carrot(Local),2023-02-21,Kg,98,144,121
Cabbage(Local),2023-02-21,Kg,34,55,44
Cauliflower Local,2023-02-21,Kg,62,92,77
Raddish White(Local),2023-02-21,Kg,23,44,33
Brinjal Long,2023-02-21,Kg,47,79,63
Cow pea(Long),2023-02-21,Kg,74,123,98
Green Peas,2023-02-21,Kg,139,177,158
French Bean(Local),2023-02-21,Kg,63,100,81
Bitter Gourd,2023-02-21,Kg,89,156,122
Bottle Gourd,2023-02-21,Kg,46,75,60
Pointed Gourd(Local),2023-02-21,Kg,73,104,88
Snake Gourd,2023-02-21,Kg,52,92,72
Sponge Gourd,2023-02-21,Kg,63,109,86
Pumpkin,2023-02-21,Kg,43,59,51
Squash(Long),2023-02-21,Kg,46,66,56
Okra,2023-02-21,Kg,74,99,86
Arum,2023-02-21,Kg,66,99,82
Barela,2023-02-21,Kg,42,64,53
Radish Red,2023-02-21,Kg,34,50,42
Mushroom(Button),2023-02-21,Kg,365,584,474
Mushroom(Kanya),2023-02-21,Kg,167,221,194
Spinach Leaf,2023-02-21,Kg,103,145,124
Mustard Leaf,2023-02-21,Kg,46,72,59
Coriander,2023-02-21,Kg,165,302,233
Garlic Dry Nepali,2023-02-21,Kg,250,318,284
Garlic Dry Chinese,2023-02-21,Kg,270,386,328
Ginger,2023-02-21,Kg,189,259,224
Chilly Green,2023-02-21,Kg,89,137,113
Capsicum,2023-02-21,Kg,109,170,139
Cucumber(Local),2023-02-21,Kg,69,102,85
Apple(Jholey),2023-02-21,Kg,172,303,237
Banana,2023-02-21,Dozen,114,169,141
Pomegranate,2023-02-21,Kg,287,412,349
Orange(Nepali),2023-02-21,Kg,88,163,125
Papaya(Indian),2023-02-21,Kg,99,126,112
Tomato Big(Nepali),2023-02-22,Kg,49,67,58
Tomato Small(Local),2023-02-22,Kg,31,65,48
Potato Red,2023-02-22,Kg,60,88,74
Potato White,2023-02-22,Kg,43,72,57
Onion Dry (Indian),2023-02-22,Kg,70,114,92
Carrot(Local),2023-02-22,Kg,85,124,104
Cabbage(Local),2023-02-22,Kg,35,50,42
Cauliflower Local,2023-02-22,Kg,56,100,78
Raddish White(Local),2023-02-22,Kg,23,39,31
Brinjal Long,2023-02-22,Kg,47,82,64
Cow pea(Long),2023-02-22,Kg,76,126,101
Green Peas,2023-02-22,Kg,142,197,169
French Bean(Local),2023-02-22,Kg,72,111,91
Bitter Gourd,2023-02-22,Kg,91,158,124
Bottle Gourd,2023-02-22,Kg,47,70,58
Pointed Gourd(Local),2023-02-22,Kg,71,114,92
Snake Gourd,2023-02-22,Kg,52,91,71
Sponge Gourd,2023-02-22,Kg,69,94,81
Pumpkin,2023-02-22,Kg,40,63,51
Squash(Long),2023-02-22,Kg,47,69,58
Okra,2023-02-22,Kg,75,102,88
Arum,2023-02-22,Kg,70,91,80
Barela,2023-02-22,Kg,49,64,56
Radish Red,2023-02-22,Kg,37,58,47
Mushroom(Button),2023-02-22,Kg,411,554,482
Mushroom(Kanya),2023-02-22,Kg,162,225,193
Spinach Leaf,2023-02-22,Kg,109,150,129
Mustard Leaf,2023-02-22,Kg,48,71,59
Coriander,2023-02-22,Kg,162,330,246
Garlic Dry Nepali,2023-02-22,Kg,240,310,275
Garlic Dry Chinese,2023-02-22,Kg,302,420,361
Ginger,2023-02-22,Kg,168,267,217
Chilly Green,2023-02-22,Kg,97,139,118
Capsicum,2023-02-22,Kg,110,154,132
Cucumber(Local),2023-02-22,Kg,64,101,82
Apple(Jholey),2023-02-22,Kg,172,309,240
Banana,2023-02-22,Dozen,108,170,139
Pomegranate,2023-02-22,Kg,286,458,372
Orange(Nepali),2023-02-22,Kg,99,161,130
Papaya(Indian),2023-02-22,Kg,91,134,112
Tomato Big(Nepali),2023-02-23,Kg,46,76,61
Tomato Small(Local),2023-02-23,Kg,35,56,45
Potato Red,2023-02-23,Kg,52,92,72
Potato White,2023-02-23,Kg,45,67,56
Onion Dry (Indian),2023-02-23,Kg,70,111,90
Carrot(Local),2023-02-23,Kg,87,133,110
Cabbage(Local),2023-02-23,Kg,33,59,46
Cauliflower Local,2023-02-23,Kg,56,103,79
Raddish White(Local),2023-02-23,Kg,23,43,33
Brinjal Long,2023-02-23,Kg,49,83,66
Cow pea(Long),2023-02-23,Kg,83,131,107
Green Peas,2023-02-23,Kg,147,171,159
French Bean(Local),2023-02-23,Kg,67,98,82
Bitter Gourd,2023-02-23,Kg,89,139,114
Bottle Gourd,2023-02-23,Kg,48,71,59
Pointed Gourd(Local),2023-02-23,Kg,65,111,88
Snake Gourd,2023-02-23,Kg,60,93,76
Sponge Gourd,2023-02-23,Kg,75,112,93
Pumpkin,2023-02-23,Kg,40,56,48
Squash(Long),2023-02-23,Kg,43,75,59
Okra,2023-02-23,Kg,87,109,98
Arum,2023-02-23,Kg,72,106,89
Barela,2023-02-23,Kg,44,67,55
Radish Red,2023-02-23,Kg,38,54,46
Mushroom(Button),2023-02-23,Kg,402,518,460
Mushroom(Kanya),2023-02-23,Kg,161,225,193
Spinach Leaf,2023-02-23,Kg,100,133,116
Mustard Leaf,2023-02-23,Kg,44,79,61
Coriander,2023-02-23,Kg,184,279,231
Garlic Dry Nepali,2023-02-23,Kg,224,329,276
Garlic Dry Chinese,2023-02-23,Kg,275,418,346
Ginger,2023-02-23,Kg,159,243,201
Chilly Green,2023-02-23,Kg,86,138,112
Capsicum,2023-02-23,Kg,105,186,145
Cucumber(Local),2023-02-23,Kg,64,103,83
Apple(Jholey),2023-02-23,Kg,170,296,233
Banana,2023-02-23,Dozen,108,173,140
Pomegranate,2023-02-23,Kg,285,402,343
Orange(Nepali),2023-02-23,Kg,91,145,118
Papaya(Indian),2023-02-23,Kg,87,138,112
Tomato Big(Nepali),2023-02-24,Kg,42,79,60
Tomato Small(Local),2023-02-24,Kg,36,66,51
Potato Red,2023-02-24,Kg,54,92,73
Potato White,2023-02-24,Kg,48,64,56
Onion Dry (Indian),2023-02-24,Kg,71,113,92
Carrot(Local),2023-02-24,Kg,83,122,102
Cabbage(Local),2023-02-24,Kg,37,50,43
Cauliflower Local,2023-02-24,Kg,58,91,74
Raddish White(Local),2023-02-24,Kg,21,41,31
Brinjal Long,2023-02-24,Kg,51,82,66
Cow pea(Long),2023-02-24,Kg,86,133,109
Green Peas,2023-02-24,Kg,139,195,167
French Bean(Local),2023-02-24,Kg,62,107,84
Bitter Gourd,2023-02-24,Kg,95,146,120
Bottle Gourd,2023-02-24,Kg,50,70,60
Pointed Gourd(Local),2023-02-24,Kg,66,103,84
Snake Gourd,2023-02-24,Kg,62,93,77
Sponge Gourd,2023-02-24,Kg,70,102,86
Pumpkin,2023-02-24,Kg,38,58,48
Squash(Long),2023-02-24,Kg,42,74,58
Okra,2023-02-24,Kg,75,104,89
Arum,2023-02-24,Kg,65,90,77
Barela,2023-02-24,Kg,49,62,55
Radish Red,2023-02-24,Kg,32,54,43
Mushroom(Button),2023-02-24,Kg,378,532,455
Mushroom(Kanya),2023-02-24,Kg,187,240,213
Spinach Leaf,2023-02-24,Kg,98,133,115
Mustard Leaf,2023-02-24,Kg,42,66,54
Coriander,2023-02-24,Kg,189,307,248
Garlic Dry Nepali,2023-02-24,Kg,216,360,288
Garlic Dry Chinese,2023-02-24,Kg,279,355,317
Ginger,2023-02-24,Kg,176,288,232
Chilly Green,2023-02-24,Kg,86,134,110
Capsicum,2023-02-24,Kg,127,178,152
Cucumber(Local),2023-02-24,Kg,72,106,89
Apple(Jholey),2023-02-24,Kg,178,284,231
Banana,2023-02-24,Dozen,113,170,141
Pomegranate,2023-02-24,Kg,294,424,359
Orange(Nepali),2023-02-24,Kg,95,156,125
Papaya(Indian),2023-02-24,Kg,86,138,112
Tomato Big(Nepali),2023-02-25,Kg,49,71,60
Tomato Small(Local),2023-02-25,Kg,35,56,45
Potato Red,2023-02-25,Kg,53,83,68
Potato White,2023-02-25,Kg,48,66,57
Onion Dry (Indian),2023-02-25,Kg,71,112,91
Carrot(Local),2023-02-25,Kg,101,127,114
Cabbage(Local),2023-02-25,Kg,38,55,46
Cauliflower Local,2023-02-25,Kg,53,103,78
Raddish White(Local),2023-02-25,Kg,21,42,31
Brinjal Long,2023-02-25,Kg,49,83,66
Cow pea(Long),2023-02-25,Kg,74,114,94
Green Peas,2023-02-25,Kg,147,184,165
French Bean(Local),2023-02-25,Kg,67,106,86
Bitter Gourd,2023-02-25,Kg,84,143,113
Bottle Gourd,2023-02-25,Kg,45,70,57
Pointed Gourd(Local),2023-02-25,Kg,66,105,85
Snake Gourd,2023-02-25,Kg,52,89,70
Sponge Gourd,2023-02-25,Kg,70,97,83
Pumpkin,2023-02-25,Kg,37,60,48
Squash(Long),2023-02-25,Kg,48,67,57
Okra,2023-02-25,Kg,87,115,101
Arum,2023-02-25,Kg,73,101,87
Barela,2023-02-25,Kg,44,62,53
Radish Red,2023-02-25,Kg,35,52,43
Mushroom(Button),2023-02-25,Kg,426,499,462
Mushroom(Kanya),2023-02-25,Kg,162,263,212
Spinach Leaf,2023-02-25,Kg,113,148,130
Mustard Leaf,2023-02-25,Kg,46,66,56
Coriander,2023-02-25,Kg,164,330,247
Garlic Dry Nepali,2023-02-25,Kg,233,367,300
Garlic Dry Chinese,2023-02-25,Kg,283,411,347
Ginger,2023-02-25,Kg,176,286,231
Chilly Green,2023-02-25,Kg,84,144,114
Capsicum,2023-02-25,Kg,116,160,138
Cucumber(Local),2023-02-25,Kg,64,119,91
Apple(Jholey),2023-02-25,Kg,188,277,232
Banana,2023-02-25,Dozen,113,177,145
Pomegranate,2023-02-25,Kg,273,415,344
Orange(Nepali),2023-02-25,Kg,100,167,133
Papaya(Indian),2023-02-25,Kg,91,145,118
Tomato Big(Nepali),2023-02-26,Kg,46,78,62
Tomato Small(Local),2023-02-26,Kg,35,61,48
Potato Red,2023-02-26,Kg,59,89,74
Potato White,2023-02-26,Kg,48,64,56
Onion Dry (Indian),2023-02-26,Kg,63,112,87
Carrot(Local),2023-02-26,Kg,86,144,115
Cabbage(Local),2023-02-26,Kg,32,51,41
Cauliflower Local,2023-02-26,Kg,56,94,75
Raddish White(Local),2023-02-26,Kg,23,43,33
Brinjal Long,2023-02-26,Kg,53,79,66
Cow pea(Long),2023-02-26,Kg,83,115,99
Green Peas,2023-02-26,Kg,128,171,149
French Bean(Local),2023-02-26,Kg,74,103,88
Bitter Gourd,2023-02-26,Kg,86,135,110
Bottle Gourd,2023-02-26,Kg,44,69,56
Pointed Gourd(Local),2023-02-26,Kg,75,114,94
Snake Gourd,2023-02-26,Kg,61,78,69
Sponge Gourd,2023-02-26,Kg,73,111,92
Pumpkin,2023-02-26,Kg,36,60,48
Squash(Long),2023-02-26,Kg,45,71,58
Okra,2023-02-26,Kg,85,118,101
Arum,2023-02-26,Kg,70,106,88
Barela,2023-02-26,Kg,46,65,55
Radish Red,2023-02-26,Kg,35,55,45
Mushroom(Button),2023-02-26,Kg,423,588,505
Mushroom(Kanya),2023-02-26,Kg,165,258,211
Spinach Leaf,2023-02-26,Kg,95,156,125
Mustard Leaf,2023-02-26,Kg,47,68,57
Coriander,2023-02-26,Kg,168,333,250
Garlic Dry Nepali,2023-02-26,Kg,228,368,298
Garlic Dry Chinese,2023-02-26,Kg,265,367,316
Ginger,2023-02-26,Kg,188,290,239
Chilly Green,2023-02-26,Kg,99,147,123
Capsicum,2023-02-26,Kg,123,177,150
Cucumber(Local),2023-02-26,Kg,68,117,92
Apple(Jholey),2023-02-26,Kg,158,333,245
Banana,2023-02-26,Dozen,109,167,138
Pomegranate,2023-02-26,Kg,267,437,352
Orange(Nepali),2023-02-26,Kg,91,155,123
Papaya(Indian),2023-02-26,Kg,92,126,109
Tomato Big(Nepali),2023-02-27,Kg,50,74,62
Tomato Small(Local),2023-02-27,Kg,32,56,44
Potato Red,2023-02-27,Kg,62,91,76
Potato White,2023-02-27,Kg,43,69,56
Onion Dry (Indian),2023-02-27,Kg,64,118,91
Carrot(Local),2023-02-27,Kg,84,122,103
Cabbage(Local),2023-02-27,Kg,34,51,42
Cauliflower Local,2023-02-27,Kg,54,97,75
Raddish White(Local),2023-02-27,Kg,22,41,31
Brinjal Long,2023-02-27,Kg,57,84,70
Cow pea(Long),2023-02-27,Kg,81,120,100
Green Peas,2023-02-27,Kg,150,177,163
French Bean(Local),2023-02-27,Kg,72,105,88
Bitter Gourd,2023-02-27,Kg,92,158,125
Bottle Gourd,2023-02-27,Kg,42,71,56
Pointed Gourd(Local),2023-02-27,Kg,69,102,85
Snake Gourd,2023-02-27,Kg,61,93,77
Sponge Gourd,2023-02-27,Kg,73,112,92
Pumpkin,2023-02-27,Kg,42,57,49
Squash(Long),2023-02-27,Kg,46,79,62
Okra,2023-02-27,Kg,73,109,91
Arum,2023-02-27,Kg,70,89,79
Barela,2023-02-27,Kg,49,63,56
Radish Red,2023-02-27,Kg,34,55,44
Mushroom(Button),2023-02-27,Kg,429,558,493
Mushroom(Kanya),2023-02-27,Kg,179,257,218
Spinach Leaf,2023-02-27,Kg,109,149,129
Mustard Leaf,2023-02-27,Kg,45,72,58
Coriander,2023-02-27,Kg,176,303,239
Garlic Dry Nepali,2023-02-27,Kg,224,327,275
Garlic Dry Chinese,2023-02-27,Kg,296,363,329
Ginger,2023-02-27,Kg,178,261,219
Chilly Green,2023-02-27,Kg,102,144,123
Capsicum,2023-02-27,Kg,124,171,147
Cucumber(Local),2023-02-27,Kg,72,116,94
Apple(Jholey),2023-02-27,Kg,188,321,254
Banana,2023-02-27,Dozen,106,166,136
Pomegranate,2023-02-27,Kg,280,431,355
Orange(Nepali),2023-02-27,Kg,101,171,136
Papaya(Indian),2023-02-27,Kg,89,147,118
Tomato Big(Nepali),2023-02-28,Kg,48,68,58
Tomato Small(Local),2023-02-28,Kg,35,65,50
Potato Red,2023-02-28,Kg,53,80,66
Potato White,2023-02-28,Kg,45,62,53
Onion Dry (Indian),2023-02-28,Kg,74,102,88
Carrot(Local),2023-02-28,Kg,91,128,109
Cabbage(Local),2023-02-28,Kg,33,57,45
Cauliflower Local,2023-02-28,Kg,53,97,75
Raddish White(Local),2023-02-28,Kg,21,39,30
Brinjal Long,2023-02-28,Kg,56,79,67
Cow pea(Long),2023-02-28,Kg,82,117,99
Green Peas,2023-02-28,Kg,141,196,168
French Bean(Local),2023-02-28,Kg,68,110,89
Bitter Gourd,2023-02-28,Kg,91,135,113
Bottle Gourd,2023-02-28,Kg,47,72,59
Pointed Gourd(Local),2023-02-28,Kg,68,113,90
Snake Gourd,2023-02-28,Kg,63,92,77
Sponge Gourd,2023-02-28,Kg,68,98,83
Pumpkin,2023-02-28,Kg,40,60,50
Squash(Long),2023-02-28,Kg,43,79,61
Okra,2023-02-28,Kg,75,105,90
Arum,2023-02-28,Kg,76,90,83
Barela,2023-02-28,Kg,50,65,57
Radish Red,2023-02-28,Kg,35,53,44
Mushroom(Button),2023-02-28,Kg,384,542,463
Mushroom(Kanya),2023-02-28,Kg,161,240,200
Spinach Leaf,2023-02-28,Kg,110,140,125
Mustard Leaf,2023-02-28,Kg,46,79,62
Coriander,2023-02-28,Kg,192,325,258
Garlic Dry Nepali,2023-02-28,Kg,237,349,293
Garlic Dry Chinese,2023-02-28,Kg,294,407,350
Ginger,2023-02-28,Kg,189,266,227
Chilly Green,2023-02-28,Kg,100,161,130
Capsicum,2023-02-28,Kg,125,169,147
Cucumber(Local),2023-02-28,Kg,63,115,89
Apple(Jholey),2023-02-28,Kg,165,302,233
Banana,2023-02-28,Dozen,124,178,151
Pomegranate,2023-02-28,Kg,318,464,391
Orange(Nepali),2023-02-28,Kg,94,167,130
Papaya(Indian),2023-02-28,Kg,102,138,120
Tomato Big(Nepali),2023-03-01,Kg,46,76,61
Tomato Small(Local),2023-03-01,Kg,34,65,49
Potato Red,2023-03-01,Kg,60,81,70
Potato White,2023-03-01,Kg,47,69,58
Onion Dry (Indian),2023-03-01,Kg,64,105,84
Carrot(Local),2023-03-01,Kg,87,134,110
Cabbage(Local),2023-03-01,Kg,36,55,45
Cauliflower Local,2023-03-01,Kg,64,96,80
Raddish White(Local),2023-03-01,Kg,24,40,32
Brinjal Long,2023-03-01,Kg,49,87,68
Cow pea(Long),2023-03-01,Kg,80,133,106
Green Peas,2023-03-01,Kg,139,174,156
French Bean(Local),2023-03-01,Kg,63,107,85
Bitter Gourd,2023-03-01,Kg,93,160,126
Bottle Gourd,2023-03-01,Kg,50,72,61
Pointed Gourd(Local),2023-03-01,Kg,75,107,91
Snake Gourd,2023-03-01,Kg,59,86,72
Sponge Gourd,2023-03-01,Kg,68,100,84
Pumpkin,2023-03-01,Kg,37,65,51
Squash(Long),2023-03-01,Kg,45,72,58
Okra,2023-03-01,Kg,84,108,96
Arum,2023-03-01,Kg,74,91,82
Barela,2023-03-01,Kg,46,63,54
Radish Red,2023-03-01,Kg,31,52,41
Mushroom(Button),2023-03-01,Kg,408,605,506
Mushroom(Kanya),2023-03-01,Kg,189,241,215
Spinach Leaf,2023-03-01,Kg,103,154,128
Mustard Leaf,2023-03-01,Kg,48,73,60
Coriander,2023-03-01,Kg,189,282,235
Garlic Dry Nepali,2023-03-01,Kg,226,357,291
Garlic Dry Chinese,2023-03-01,Kg,299,385,342
Ginger,2023-03-01,Kg,179,276,227
Chilly Green,2023-03-01,Kg,95,150,122
Capsicum,2023-03-01,Kg,112,175,143
Cucumber(Local),2023-03-01,Kg,68,107,87
Apple(Jholey),2023-03-01,Kg,175,298,236
Banana,2023-03-01,Dozen,117,178,147
Pomegranate,2023-03-01,Kg,304,468,386
Orange(Nepali),2023-03-01,Kg,87,145,116
Papaya(Indian),2023-03-01,Kg,85,144,114
Tomato Big(Nepali),2023-03-02,Kg,47,71,59
Tomato Small(Local),2023-03-02,Kg,33,58,45
Potato Red,2023-03-02,Kg,62,80,71
Potato White,2023-03-02,Kg,44,69,56
Onion Dry (Indian),2023-03-02,Kg,77,115,96
Carrot(Local),2023-03-02,Kg,94,137,115
Cabbage(Local),2023-03-02,Kg,38,54,46
Cauliflower Local,2023-03-02,Kg,62,104,83
Raddish White(Local),2023-03-02,Kg,22,42,32
Brinjal Long,2023-03-02,Kg,51,76,63
Cow pea(Long),2023-03-02,Kg,79,118,98
Green Peas,2023-03-02,Kg,154,183,168
French Bean(Local),2023-03-02,Kg,73,104,88
Bitter Gourd,2023-03-02,Kg,88,145,116
Bottle Gourd,2023-03-02,Kg,49,68,58
Pointed Gourd(Local),2023-03-02,Kg,73,118,95
Snake Gourd,2023-03-02,Kg,62,92,77
Sponge Gourd,2023-03-02,Kg,67,112,89
Pumpkin,2023-03-02,Kg,39,59,49
Squash(Long),2023-03-02,Kg,42,68,55
Okra,2023-03-02,Kg,86,115,100
Arum,2023-03-02,Kg,74,97,85
Barela,2023-03-02,Kg,44,68,56
Radish Red,2023-03-02,Kg,37,54,45
Mushroom(Button),2023-03-02,Kg,409,536,472
Mushroom(Kanya),2023-03-02,Kg,177,249,213
Spinach Leaf,2023-03-02,Kg,98,136,117
Mustard Leaf,2023-03-02,Kg,44,71,57
Coriander,2023-03-02,Kg,171,293,232
Garlic Dry Nepali,2023-03-02,Kg,242,359,300
Garlic Dry Chinese,2023-03-02,Kg,314,392,353
Ginger,2023-03-02,Kg,174,283,228
Chilly Green,2023-03-02,Kg,87,137,112
Capsicum,2023-03-02,Kg,127,171,149
Cucumber(Local),2023-03-02,Kg,66,101,83
Apple(Jholey),2023-03-02,Kg,193,314,253
Banana,2023-03-02,Dozen,125,158,141
Pomegranate,2023-03-02,Kg,318,390,354
Orange(Nepali),2023-03-02,Kg,87,170,128
Papaya(Indian),2023-03-02,Kg,92,139,115
Tomato Big(Nepali),2023-03-03,Kg,47,78,62
Tomato Small(Local),2023-03-03,Kg,34,59,46
Potato Red,2023-03-03,Kg,57,82,69
Potato White,2023-03-03,Kg,48,74,61
Onion Dry (Indian),2023-03-03,Kg,69,112,90
Carrot(Local),2023-03-03,Kg,90,143,116
Cabbage(Local),2023-03-03,Kg,32,57,44
Cauliflower Local,2023-03-03,Kg,62,101,81
Raddish White(Local),2023-03-03,Kg,25,47,36
Brinjal Long,2023-03-03,Kg,49,83,66
Cow pea(Long),2023-03-03,Kg,75,134,104
Green Peas,2023-03-03,Kg,145,197,171
French Bean(Local),2023-03-03,Kg,77,101,89
Bitter Gourd,2023-03-03,Kg,96,161,128
Bottle Gourd,2023-03-03,Kg,44,71,57
Pointed Gourd(Local),2023-03-03,Kg,71,119,95
Snake Gourd,2023-03-03,Kg,59,93,76
Sponge Gourd,2023-03-03,Kg,70,99,84
Pumpkin,2023-03-03,Kg,40,55,47
Squash(Long),2023-03-03,Kg,47,72,59
Okra,2023-03-03,Kg,79,116,97
Arum,2023-03-03,Kg,74,101,87
Barela,2023-03-03,Kg,49,63,56
Radish Red,2023-03-03,Kg,33,55,44
Mushroom(Button),2023-03-03,Kg,445,606,525
Mushroom(Kanya),2023-03-03,Kg,193,252,222
Spinach Leaf,2023-03-03,Kg,98,146,122
Mustard Leaf,2023-03-03,Kg,47,79,63
Coriander,2023-03-03,Kg,160,314,237
Garlic Dry Nepali,2023-03-03,Kg,230,355,292
Garlic Dry Chinese,2023-03-03,Kg,320,382,351
Ginger,2023-03-03,Kg,189,287,238
Chilly Green,2023-03-03,Kg,97,161,129
Capsicum,2023-03-03,Kg,127,188,157
Cucumber(Local),2023-03-03,Kg,72,116,94
Apple(Jholey),2023-03-03,Kg,170,309,239
Banana,2023-03-03,Dozen,122,177,149
Pomegranate,2023-03-03,Kg,312,413,362
Orange(Nepali),2023-03-03,Kg,86,155,120
Papaya(Indian),2023-03-03,Kg,102,129,115
Tomato Big(Nepali),2023-03-04,Kg,42,71,56
Tomato Small(Local),2023-03-04,Kg,37,61,49
Potato Red,2023-03-04,Kg,57,90,73
Potato White,2023-03-04,Kg,48,70,59
Onion Dry (Indian),2023-03-04,Kg,63,108,85
Carrot(Local),2023-03-04,Kg,85,138,111
Cabbage(Local),2023-03-04,Kg,34,55,44
Cauliflower Local,2023-03-04,Kg,55,103,79
Raddish White(Local),2023-03-04,Kg,24,47,35
Brinjal Long,2023-03-04,Kg,56,84,70
Cow pea(Long),2023-03-04,Kg,77,118,97
Green Peas,2023-03-04,Kg,128,194,161
French Bean(Local),2023-03-04,Kg,68,114,91
Bitter Gourd,2023-03-04,Kg,101,144,122
Bottle Gourd,2023-03-04,Kg,51,71,61
Pointed Gourd(Local),2023-03-04,Kg,70,100,85
Snake Gourd,2023-03-04,Kg,60,79,69
Sponge Gourd,2023-03-04,Kg,68,95,81
Pumpkin,2023-03-04,Kg,37,64,50
Squash(Long),2023-03-04,Kg,43,75,59
Okra,2023-03-04,Kg,88,110,99
Arum,2023-03-04,Kg,75,95,85
Barela,2023-03-04,Kg,45,72,58
Radish Red,2023-03-04,Kg,33,57,45
Mushroom(Button),2023-03-04,Kg,411,504,457
Mushroom(Kanya),2023-03-04,Kg,182,247,214
Spinach Leaf,2023-03-04,Kg,98,149,123
Mustard Leaf,2023-03-04,Kg,45,76,60
Coriander,2023-03-04,Kg,168,314,241
Garlic Dry Nepali,2023-03-04,Kg,238,366,302
Garlic Dry Chinese,2023-03-04,Kg,287,377,332
Ginger,2023-03-04,Kg,189,274,231
Chilly Green,2023-03-04,Kg,96,138,117
Capsicum,2023-03-04,Kg,128,177,152
Cucumber(Local),2023-03-04,Kg,67,117,92
Apple(Jholey),2023-03-04,Kg,185,317,251
Banana,2023-03-04,Dozen,106,186,146
Pomegranate,2023-03-04,Kg,315,455,385
Orange(Nepali),2023-03-04,Kg,95,167,131
Papaya(Indian),2023-03-04,Kg,88,142,115
Tomato Big(Nepali),2023-03-05,Kg,48,69,58
Tomato Small(Local),2023-03-05,Kg,32,60,46
Potato Red,2023-03-05,Kg,59,91,75
Potato White,2023-03-05,Kg,43,64,53
Onion Dry (Indian),2023-03-05,Kg,72,114,93
Carrot(Local),2023-03-05,Kg,95,133,114
Cabbage(Local),2023-03-05,Kg,38,59,48
Cauliflower Local,2023-03-05,Kg,56,107,81
Raddish White(Local),2023-03-05,Kg,23,44,33
Brinjal Long,2023-03-05,Kg,56,82,69
Cow pea(Long),2023-03-05,Kg,79,124,101
Green Peas,2023-03-05,Kg,137,190,163
French Bean(Local),2023-03-05,Kg,73,105,89
Bitter Gourd,2023-03-05,Kg,91,152,121
Bottle Gourd,2023-03-05,Kg,48,69,58
Pointed Gourd(Local),2023-03-05,Kg,72,114,93
Snake Gourd,2023-03-05,Kg,53,90,71
Sponge Gourd,2023-03-05,Kg,66,100,83
Pumpkin,2023-03-05,Kg,42,61,51
Squash(Long),2023-03-05,Kg,43,76,59
Okra,2023-03-05,Kg,81,115,98
Arum,2023-03-05,Kg,70,103,86
Barela,2023-03-05,Kg,51,73,62
Radish Red,2023-03-05,Kg,36,52,44
Mushroom(Button),2023-03-05,Kg,379,603,491
Mushroom(Kanya),2023-03-05,Kg,186,235,210
Spinach Leaf,2023-03-05,Kg,99,146,122
Mustard Leaf,2023-03-05,Kg,45,78,61
Coriander,2023-03-05,Kg,168,335,251
Garlic Dry Nepali,2023-03-05,Kg,236,372,304
Garlic Dry Chinese,2023-03-05,Kg,288,375,331
Ginger,2023-03-05,Kg,178,252,215
Chilly Green,2023-03-05,Kg,103,152,127
Capsicum,2023-03-05,Kg,113,181,147
Cucumber(Local),2023-03-05,Kg,70,104,87
Apple(Jholey),2023-03-05,Kg,162,311,236
Banana,2023-03-05,Dozen,111,187,149
Pomegranate,2023-03-05,Kg,274,407,340
Orange(Nepali),2023-03-05,Kg,98,173,135
Papaya(Indian),2023-03-05,Kg,96,132,114
Tomato Big(Nepali),2023-03-06,Kg,48,68,58
Tomato Small(Local),2023-03-06,Kg,35,63,49
Potato Red,2023-03-06,Kg,60,90,75
Potato White,2023-03-06,Kg,49,73,61
Onion Dry (Indian),2023-03-06,Kg,71,104,87
Carrot(Local),2023-03-06,Kg,90,127,108
Cabbage(Local),2023-03-06,Kg,32,53,42
Cauliflower Local,2023-03-06,Kg,60,103,81
Raddish White(Local),2023-03-06,Kg,23,42,32
Brinjal Long,2023-03-06,Kg,48,77,62
Cow pea(Long),2023-03-06,Kg,77,133,105
Green Peas,2023-03-06,Kg,150,177,163
French Bean(Local),2023-03-06,Kg,65,112,88
Bitter Gourd,2023-03-06,Kg,85,152,118
Bottle Gourd,2023-03-06,Kg,50,78,64
Pointed Gourd(Local),2023-03-06,Kg,64,117,90
Snake Gourd,2023-03-06,Kg,56,87,71
Sponge Gourd,2023-03-06,Kg,70,101,85
Pumpkin,2023-03-06,Kg,38,63,50
Squash(Long),2023-03-06,Kg,47,74,60
Okra,2023-03-06,Kg,75,117,96
Arum,2023-03-06,Kg,64,90,77
Barela,2023-03-06,Kg,47,74,60
Radish Red,2023-03-06,Kg,38,56,47
Mushroom(Button),2023-03-06,Kg,372,531,451
Mushroom(Kanya),2023-03-06,Kg,184,232,208
Spinach Leaf,2023-03-06,Kg,102,142,122
Mustard Leaf,2023-03-06,Kg,48,79,63
Coriander,2023-03-06,Kg,182,322,252
Garlic Dry Nepali,2023-03-06,Kg,234,334,284
Garlic Dry Chinese,2023-03-06,Kg,322,378,350
Ginger,2023-03-06,Kg,165,289,227
Chilly Green,2023-03-06,Kg,99,151,125
Capsicum,2023-03-06,Kg,109,159,134
Cucumber(Local),2023-03-06,Kg,64,114,89
Apple(Jholey),2023-03-06,Kg,168,315,241
Banana,2023-03-06,Dozen,126,159,142
Pomegranate,2023-03-06,Kg,272,393,332
Orange(Nepali),2023-03-06,Kg,96,150,123
Papaya(Indian),2023-03-06,Kg,85,125,105
Tomato Big(Nepali),2023-03-07,Kg,51,69,60
Tomato Small(Local),2023-03-07,Kg,33,61,47
Potato Red,2023-03-07,Kg,55,87,71
Potato White,2023-03-07,Kg,44,62,53
Onion Dry (Indian),2023-03-07,Kg,73,110,91
Carrot(Local),2023-03-07,Kg,96,147,121
Cabbage(Local),2023-03-07,Kg,32,53,42
Cauliflower Local,2023-03-07,Kg,57,91,74
Raddish White(Local),2023-03-07,Kg,24,43,33
Brinjal Long,2023-03-07,Kg,58,81,69
Cow pea(Long),2023-03-07,Kg,76,131,103
Green Peas,2023-03-07,Kg,149,184,166
French Bean(Local),2023-03-07,Kg,74,98,86
Bitter Gourd,2023-03-07,Kg,96,162,129
Bottle Gourd,2023-03-07,Kg,44,76,60
Pointed Gourd(Local),2023-03-07,Kg,64,115,89
Snake Gourd,2023-03-07,Kg,57,86,71
Sponge Gourd,2023-03-07,Kg,74,95,84
Pumpkin,2023-03-07,Kg,38,66,52
Squash(Long),2023-03-07,Kg,45,77,61
Okra,2023-03-07,Kg,85,105,95
Arum,2023-03-07,Kg,74,107,90
Barela,2023-03-07,Kg,45,62,53
Radish Red,2023-03-07,Kg,33,60,46
Mushroom(Button),2023-03-07,Kg,416,520,468
Mushroom(Kanya),2023-03-07,Kg,192,259,225
Spinach Leaf,2023-03-07,Kg,101,148,124
Mustard Leaf,2023-03-07,Kg,45,79,62
Coriander,2023-03-07,Kg,174,324,249
Garlic Dry Nepali,2023-03-07,Kg,240,347,293
Garlic Dry Chinese,2023-03-07,Kg,291,383,337
Ginger,2023-03-07,Kg,169,276,222
Chilly Green,2023-03-07,Kg,99,138,118
Capsicum,2023-03-07,Kg,106,172,139
Cucumber(Local),2023-03-07,Kg,76,108,92
Apple(Jholey),2023-03-07,Kg,173,283,228
Banana,2023-03-07,Dozen,107,172,139
Pomegranate,2023-03-07,Kg,324,403,363
Orange(Nepali),2023-03-07,Kg,98,152,125
Papaya(Indian),2023-03-07,Kg,92,143,117
Tomato Big(Nepali),2023-03-08,Kg,49,70,59
Tomato Small(Local),2023-03-08,Kg,36,64,50
Potato Red,2023-03-08,Kg,61,85,73
Potato White,2023-03-08,Kg,44,67,55
Onion Dry (Indian),2023-03-08,Kg,73,112,92
Carrot(Local),2023-03-08,Kg,89,138,113
Cabbage(Local),2023-03-08,Kg,32,55,43
Cauliflower Local,2023-03-08,Kg,56,97,76
Raddish White(Local),2023-03-08,Kg,24,42,33
Brinjal Long,2023-03-08,Kg,50,74,62
Cow pea(Long),2023-03-08,Kg,88,113,100
Green Peas,2023-03-08,Kg,133,187,160
French Bean(Local),2023-03-08,Kg,69,109,89
Bitter Gourd,2023-03-08,Kg,103,150,126
Bottle Gourd,2023-03-08,Kg,50,72,61
Pointed Gourd(Local),2023-03-08,Kg,76,120,98
Snake Gourd,2023-03-08,Kg,63,91,77
Sponge Gourd,2023-03-08,Kg,73,101,87
Pumpkin,2023-03-08,Kg,40,58,49
Squash(Long),2023-03-08,Kg,48,69,58
Okra,2023-03-08,Kg,81,112,96
Arum,2023-03-08,Kg,66,106,86
Barela,2023-03-08,Kg,45,73,59
Radish Red,2023-03-08,Kg,34,55,44
Mushroom(Button),2023-03-08,Kg,454,601,527
Mushroom(Kanya),2023-03-08,Kg,165,256,210
Spinach Leaf,2023-03-08,Kg,110,156,133
Mustard Leaf,2023-03-08,Kg,44,80,62
Coriander,2023-03-08,Kg,164,315,239
Garlic Dry Nepali,2023-03-08,Kg,237,316,276
Garlic Dry Chinese,2023-03-08,Kg,310,388,349
Ginger,2023-03-08,Kg,190,293,241
Chilly Green,2023-03-08,Kg,97,151,124
Capsicum,2023-03-08,Kg,120,186,153
Cucumber(Local),2023-03-08,Kg,75,117,96
Apple(Jholey),2023-03-08,Kg,188,301,244
Banana,2023-03-08,Dozen,116,187,151
Pomegranate,2023-03-08,Kg,296,473,384
Orange(Nepali),2023-03-08,Kg,90,150,120
Papaya(Indian),2023-03-08,Kg,102,133,117
Tomato Big(Nepali),2023-03-09,Kg,42,78,60
Tomato Small(Local),2023-03-09,Kg,37,59,48
Potato Red,2023-03-09,Kg,57,81,69
Potato White,2023-03-09,Kg,50,65,57
Onion Dry (Indian),2023-03-09,Kg,64,112,88
Carrot(Local),2023-03-09,Kg,85,141,113
Cabbage(Local),2023-03-09,Kg,35,54,44
Cauliflower Local,2023-03-09,Kg,58,91,74
Raddish White(Local),2023-03-09,Kg,25,44,34
Brinjal Long,2023-03-09,Kg,50,77,63
Cow pea(Long),2023-03-09,Kg,75,122,98
Green Peas,2023-03-09,Kg,144,183,163
French Bean(Local),2023-03-09,Kg,72,110,91
Bitter Gourd,2023-03-09,Kg,98,156,127
Bottle Gourd,2023-03-09,Kg,48,80,64
Pointed Gourd(Local),2023-03-09,Kg,67,114,90
Snake Gourd,2023-03-09,Kg,59,85,72
Sponge Gourd,2023-03-09,Kg,74,113,93
Pumpkin,2023-03-09,Kg,43,57,50
Squash(Long),2023-03-09,Kg,48,73,60
Okra,2023-03-09,Kg,77,116,96
Arum,2023-03-09,Kg,70,106,88
Barela,2023-03-09,Kg,51,65,58
Radish Red,2023-03-09,Kg,37,60,48
Mushroom(Button),2023-03-09,Kg,377,591,484
Mushroom(Kanya),2023-03-09,Kg,187,247,217
Spinach Leaf,2023-03-09,Kg,101,153,127
Mustard Leaf,2023-03-09,Kg,50,79,64
Coriander,2023-03-09,Kg,179,316,247
Garlic Dry Nepali,2023-03-09,Kg,243,359,301
Garlic Dry Chinese,2023-03-09,Kg,301,369,335
Ginger,2023-03-09,Kg,188,283,235
Chilly Green,2023-03-09,Kg,92,138,115
Capsicum,2023-03-09,Kg,115,178,146
Cucumber(Local),2023-03-09,Kg,66,103,84
Apple(Jholey),2023-03-09,Kg,177,324,250
Banana,2023-03-09,Dozen,122,171,146
Pomegranate,2023-03-09,Kg,301,418,359
Orange(Nepali),2023-03-09,Kg,97,163,130
Papaya(Indian),2023-03-09,Kg,93,147,120
Tomato Big(Nepali),2023-03-10,Kg,49,80,64
Tomato Small(Local),2023-03-10,Kg,36,67,51
Potato Red,2023-03-10,Kg,58,84,71
Potato White,2023-03-10,Kg,49,66,57
Onion Dry (Indian),2023-03-10,Kg,67,115,91
Carrot(Local),2023-03-10,Kg,88,133,110
Cabbage(Local),2023-03-10,Kg,36,54,45
Cauliflower Local,2023-03-10,Kg,62,102,82
Raddish White(Local),2023-03-10,Kg,25,46,35
Brinjal Long,2023-03-10,Kg,57,73,65
Cow pea(Long),2023-03-10,Kg,81,114,97
Green Peas,2023-03-10,Kg,130,196,163
French Bean(Local),2023-03-10,Kg,67,98,82
Bitter Gourd,2023-03-10,Kg,103,162,132
Bottle Gourd,2023-03-10,Kg,50,80,65
Pointed Gourd(Local),2023-03-10,Kg,67,112,89
Snake Gourd,2023-03-10,Kg,61,87,74
Sponge Gourd,2023-03-10,Kg,75,112,93
Pumpkin,2023-03-10,Kg,43,57,50
Squash(Long),2023-03-10,Kg,43,68,55
Okra,2023-03-10,Kg,85,107,96
Arum,2023-03-10,Kg,72,94,83
Barela,2023-03-10,Kg,46,70,58
Radish Red,2023-03-10,Kg,33,57,45
Mushroom(Button),2023-03-10,Kg,425,533,479
Mushroom(Kanya),2023-03-10,Kg,167,263,215
Spinach Leaf,2023-03-10,Kg,116,139,127
Mustard Leaf,2023-03-10,Kg,49,75,62
Coriander,2023-03-10,Kg,171,338,254
Garlic Dry Nepali,2023-03-10,Kg,220,360,290
Garlic Dry Chinese,2023-03-10,Kg,312,367,339
Ginger,2023-03-10,Kg,187,284,235
Chilly Green,2023-03-10,Kg,89,139,114
Capsicum,2023-03-10,Kg,125,158,141
Cucumber(Local),2023-03-10,Kg,72,114,93
Apple(Jholey),2023-03-10,Kg,169,292,230
Banana,2023-03-10,Dozen,115,164,139
Pomegranate,2023-03-10,Kg,272,433,352
Orange(Nepali),2023-03-10,Kg,85,171,128
Papaya(Indian),2023-03-10,Kg,98,132,115
Tomato Big(Nepali),2023-03-11,Kg,47,80,63
Tomato Small(Local),2023-03-11,Kg,32,64,48
Potato Red,2023-03-11,Kg,58,86,72
Potato White,2023-03-11,Kg,51,70,60
Onion Dry (Indian),2023-03-11,Kg,64,106,85
Carrot(Local),2023-03-11,Kg,99,148,123
Cabbage(Local),2023-03-11,Kg,33,53,43
Cauliflower Local,2023-03-11,Kg,60,97,78
Raddish White(Local),2023-03-11,Kg,24,40,32
Brinjal Long,2023-03-11,Kg,55,77,66
Cow pea(Long),2023-03-11,Kg,84,112,98
Green Peas,2023-03-11,Kg,147,191,169
French Bean(Local),2023-03-11,Kg,72,99,85
Bitter Gourd,2023-03-11,Kg,92,159,125
Bottle Gourd,2023-03-11,Kg,42,75,58
Pointed Gourd(Local),2023-03-11,Kg,67,119,93
Snake Gourd,2023-03-11,Kg,54,90,72
Sponge Gourd,2023-03-11,Kg,69,109,89
Pumpkin,2023-03-11,Kg,41,63,52
Squash(Long),2023-03-11,Kg,50,76,63
Okra,2023-03-11,Kg,77,108,92
Arum,2023-03-11,Kg,65,96,80
Barela,2023-03-11,Kg,47,70,58
Radish Red,2023-03-11,Kg,33,54,43
Mushroom(Button),2023-03-11,Kg,456,527,491
Mushroom(Kanya),2023-03-11,Kg,195,238,216
Spinach Leaf,2023-03-11,Kg,101,148,124
Mustard Leaf,2023-03-11,Kg,49,71,60
Coriander,2023-03-11,Kg,167,301,234
Garlic Dry Nepali,2023-03-11,Kg,225,381,303
Garlic Dry Chinese,2023-03-11,Kg,305,415,360
Ginger,2023-03-11,Kg,194,299,246
Chilly Green,2023-03-11,Kg,100,143,121
Capsicum,2023-03-11,Kg,116,158,137
Cucumber(Local),2023-03-11,Kg,65,117,91
Apple(Jholey),2023-03-11,Kg,184,303,243
Banana,2023-03-11,Dozen,130,171,150
Pomegranate,2023-03-11,Kg,283,429,356
Orange(Nepali),2023-03-11,Kg,90,154,122
Papaya(Indian),2023-03-11,Kg,86,134,110
Tomato Big(Nepali),2023-03-12,Kg,52,81,66
Tomato Small(Local),2023-03-12,Kg,36,63,49
Potato Red,2023-03-12,Kg,54,94,74
Potato White,2023-03-12,Kg,45,62,53
Onion Dry (Indian),2023-03-12,Kg,71,119,95
Carrot(Local),2023-03-12,Kg,97,134,115
Cabbage(Local),2023-03-12,Kg,37,55,46
Cauliflower Local,2023-03-12,Kg,54,100,77
Raddish White(Local),2023-03-12,Kg,21,46,33
Brinjal Long,2023-03-12,Kg,49,83,66
Cow pea(Long),2023-03-12,Kg,75,113,94
Green Peas,2023-03-12,Kg,130,204,167
French Bean(Local),2023-03-12,Kg,72,111,91
Bitter Gourd,2023-03-12,Kg,91,151,121
Bottle Gourd,2023-03-12,Kg,47,71,59
Pointed Gourd(Local),2023-03-12,Kg,64,120,92
Snake Gourd,2023-03-12,Kg,54,84,69
Sponge Gourd,2023-03-12,Kg,70,107,88
Pumpkin,2023-03-12,Kg,40,57,48
Squash(Long),2023-03-12,Kg,47,69,58
Okra,2023-03-12,Kg,76,104,90
Arum,2023-03-12,Kg,74,107,90
Barela,2023-03-12,Kg,45,65,55
Radish Red,2023-03-12,Kg,36,61,48
Mushroom(Button),2023-03-12,Kg,389,557,473
Mushroom(Kanya),2023-03-12,Kg,179,271,225
Spinach Leaf,2023-03-12,Kg,97,156,126
Mustard Leaf,2023-03-12,Kg,46,73,59
Coriander,2023-03-12,Kg,179,298,238
Garlic Dry Nepali,2023-03-12,Kg,226,368,297
Garlic Dry Chinese,2023-03-12,Kg,313,377,345
Ginger,2023-03-12,Kg,167,275,221
Chilly Green,2023-03-12,Kg,103,158,130
Capsicum,2023-03-12,Kg,113,176,144
Cucumber(Local),2023-03-12,Kg,72,107,89
Apple(Jholey),2023-03-12,Kg,176,335,255
Banana,2023-03-12,Dozen,122,190,156
Pomegranate,2023-03-12,Kg,302,411,356
Orange(Nepali),2023-03-12,Kg,101,172,136
Papaya(Indian),2023-03-12,Kg,86,148,117
Tomato Big(Nepali),2023-03-13,Kg,47,68,57
Tomato Small(Local),2023-03-13,Kg,34,60,47
Potato Red,2023-03-13,Kg,63,82,72
Potato White,2023-03-13,Kg,45,66,55
Onion Dry (Indian),2023-03-13,Kg,64,110,87
Carrot(Local),2023-03-13,Kg,88,137,112
Cabbage(Local),2023-03-13,Kg,34,58,46
Cauliflower Local,2023-03-13,Kg,59,99,79
Raddish White(Local),2023-03-13,Kg,22,44,33
Brinjal Long,2023-03-13,Kg,55,87,71
Cow pea(Long),2023-03-13,Kg,82,118,100
Green Peas,2023-03-13,Kg,140,179,159
French Bean(Local),2023-03-13,Kg,76,98,87
Bitter Gourd,2023-03-13,Kg,87,160,123
Bottle Gourd,2023-03-13,Kg,50,73,61
Pointed Gourd(Local),2023-03-13,Kg,75,101,88
Snake Gourd,2023-03-13,Kg,61,90,75
Sponge Gourd,2023-03-13,Kg,73,104,88
Pumpkin,2023-03-13,Kg,43,67,55
Squash(Long),2023-03-13,Kg,52,68,60
Okra,2023-03-13,Kg,79,103,91
Arum,2023-03-13,Kg,65,101,83
Barela,2023-03-13,Kg,51,71,61
Radish Red,2023-03-13,Kg,33,61,47
Mushroom(Button),2023-03-13,Kg,452,530,491
Mushroom(Kanya),2023-03-13,Kg,188,232,210
Spinach Leaf,2023-03-13,Kg,102,164,133
Mustard Leaf,2023-03-13,Kg,51,76,63
Coriander,2023-03-13,Kg,178,330,254
Garlic Dry Nepali,2023-03-13,Kg,223,367,295
Garlic Dry Chinese,2023-03-13,Kg,284,427,355
Ginger,2023-03-13,Kg,186,258,222
Chilly Green,2023-03-13,Kg,96,162,129
Capsicum,2023-03-13,Kg,111,188,149
Cucumber(Local),2023-03-13,Kg,71,108,89
Apple(Jholey),2023-03-13,Kg,161,303,232
Banana,2023-03-13,Dozen,119,186,152
Pomegranate,2023-03-13,Kg,297,431,364
Orange(Nepali),2023-03-13,Kg,99,172,135
Papaya(Indian),2023-03-13,Kg,95,127,111
Tomato Big(Nepali),2023-03-14,Kg,49,74,61
Tomato Small(Local),2023-03-14,Kg,36,61,48
Potato Red,2023-03-14,Kg,63,95,79
Potato White,2023-03-14,Kg,49,64,56
Onion Dry (Indian),2023-03-14,Kg,77,111,94
Carrot(Local),2023-03-14,Kg,88,147,117
Cabbage(Local),2023-03-14,Kg,32,56,44
Cauliflower Local,2023-03-14,Kg,65,94,79
Raddish White(Local),2023-03-14,Kg,24,46,35
Brinjal Long,2023-03-14,Kg,49,75,62
Cow pea(Long),2023-03-14,Kg,84,126,105
Green Peas,2023-03-14,Kg,136,175,155
French Bean(Local),2023-03-14,Kg,69,112,90
Bitter Gourd,2023-03-14,Kg,104,159,131
Bottle Gourd,2023-03-14,Kg,51,76,63
Pointed Gourd(Local),2023-03-14,Kg,71,111,91
Snake Gourd,2023-03-14,Kg,57,80,68
Sponge Gourd,2023-03-14,Kg,72,97,84
Pumpkin,2023-03-14,Kg,41,57,49
Squash(Long),2023-03-14,Kg,47,78,62
Okra,2023-03-14,Kg,77,101,89
Arum,2023-03-14,Kg,76,91,83
Barela,2023-03-14,Kg,44,70,57
Radish Red,2023-03-14,Kg,32,54,43
Mushroom(Button),2023-03-14,Kg,436,548,492
Mushroom(Kanya),2023-03-14,Kg,190,247,218
Spinach Leaf,2023-03-14,Kg,97,142,119
Mustard Leaf,2023-03-14,Kg,47,71,59
Coriander,2023-03-14,Kg,166,324,245
Garlic Dry Nepali,2023-03-14,Kg,256,336,296
Garlic Dry Chinese,2023-03-14,Kg,288,402,345
Ginger,2023-03-14,Kg,180,269,224
Chilly Green,2023-03-14,Kg,96,146,121
Capsicum,2023-03-14,Kg,110,159,134
Cucumber(Local),2023-03-14,Kg,77,114,95
Apple(Jholey),2023-03-14,Kg,195,282,238
Banana,2023-03-14,Dozen,119,163,141
Pomegranate,2023-03-14,Kg,287,472,379
Orange(Nepali),2023-03-14,Kg,103,169,136
Papaya(Indian),2023-03-14,Kg,101,137,119
Tomato Big(Nepali),2023-03-15,Kg,50,81,65
Tomato Small(Local),2023-03-15,Kg,38,66,52
Potato Red,2023-03-15,Kg,60,88,74
Potato White,2023-03-15,Kg,46,68,57
Onion Dry (Indian),2023-03-15,Kg,72,121,96
Carrot(Local),2023-03-15,Kg,96,129,112
Cabbage(Local),2023-03-15,Kg,36,52,44
Cauliflower Local,2023-03-15,Kg,55,106,80
Raddish White(Local),2023-03-15,Kg,24,45,34
Brinjal Long,2023-03-15,Kg,49,77,63
Cow pea(Long),2023-03-15,Kg,87,136,111
Green Peas,2023-03-15,Kg,130,184,157
French Bean(Local),2023-03-15,Kg,74,106,90
Bitter Gourd,2023-03-15,Kg,98,152,125
Bottle Gourd,2023-03-15,Kg,47,72,59
Pointed Gourd(Local),2023-03-15,Kg,78,106,92
Snake Gourd,2023-03-15,Kg,54,93,73
Sponge Gourd,2023-03-15,Kg,68,111,89
Pumpkin,2023-03-15,Kg,41,62,51
Squash(Long),2023-03-15,Kg,48,77,62
Okra,2023-03-15,Kg,86,118,102
Arum,2023-03-15,Kg,74,100,87
Barela,2023-03-15,Kg,49,73,61
Radish Red,2023-03-15,Kg,39,61,50
Mushroom(Button),2023-03-15,Kg,445,525,485
Mushroom(Kanya),2023-03-15,Kg,165,262,213
Spinach Leaf,2023-03-15,Kg,110,149,129
Mustard Leaf,2023-03-15,Kg,51,76,63
Coriander,2023-03-15,Kg,189,335,262
Garlic Dry Nepali,2023-03-15,Kg,227,320,273
Garlic Dry Chinese,2023-03-15,Kg,316,415,365
Ginger,2023-03-15,Kg,190,275,232
Chilly Green,2023-03-15,Kg,103,152,127
Capsicum,2023-03-15,Kg,122,179,150
Cucumber(Local),2023-03-15,Kg,66,105,85
Apple(Jholey),2023-03-15,Kg,171,324,247
Banana,2023-03-15,Dozen,124,166,145
Pomegranate,2023-03-15,Kg,288,479,383
Orange(Nepali),2023-03-15,Kg,93,151,122
Papaya(Indian),2023-03-15,Kg,94,138,116
Tomato Big(Nepali),2023-03-16,Kg,50,82,66
Tomato Small(Local),2023-03-16,Kg,34,68,51
Potato Red,2023-03-16,Kg,59,82,70
Potato White,2023-03-16,Kg,45,74,59
Onion Dry (Indian),2023-03-16,Kg,78,107,92
Carrot(Local),2023-03-16,Kg,93,129,111
Cabbage(Local),2023-03-16,Kg,36,61,48
Cauliflower Local,2023-03-16,Kg,53,109,81
Raddish White(Local),2023-03-16,Kg,21,46,33
Brinjal Long,2023-03-16,Kg,56,86,71
Cow pea(Long),2023-03-16,Kg,86,125,105
Green Peas,2023-03-16,Kg,147,172,159
French Bean(Local),2023-03-16,Kg,77,111,94
Bitter Gourd,2023-03-16,Kg,96,154,125
Bottle Gourd,2023-03-16,Kg,44,81,62
Pointed Gourd(Local),2023-03-16,Kg,74,116,95
Snake Gourd,2023-03-16,Kg,63,88,75
Sponge Gourd,2023-03-16,Kg,69,106,87
Pumpkin,2023-03-16,Kg,40,62,51
Squash(Long),2023-03-16,Kg,48,68,58
Okra,2023-03-16,Kg,80,115,97
Arum,2023-03-16,Kg,73,100,86
Barela,2023-03-16,Kg,43,70,56
Radish Red,2023-03-16,Kg,37,58,47
Mushroom(Button),2023-03-16,Kg,458,567,512
Mushroom(Kanya),2023-03-16,Kg,187,239,213
Spinach Leaf,2023-03-16,Kg,98,148,123
Mustard Leaf,2023-03-16,Kg,50,78,64
Coriander,2023-03-16,Kg,165,303,234
Garlic Dry Nepali,2023-03-16,Kg,216,323,269
Garlic Dry Chinese,2023-03-16,Kg,281,400,340
Ginger,2023-03-16,Kg,172,261,216
Chilly Green,2023-03-16,Kg,88,152,120
Capsicum,2023-03-16,Kg,122,158,140
Cucumber(Local),2023-03-16,Kg,66,111,88
Apple(Jholey),2023-03-16,Kg,178,300,239
Banana,2023-03-16,Dozen,128,170,149
Pomegranate,2023-03-16,Kg,290,400,345
Orange(Nepali),2023-03-16,Kg,92,172,132
Papaya(Indian),2023-03-16,Kg,94,143,118
Tomato Big(Nepali),2023-03-17,Kg,50,73,61
Tomato Small(Local),2023-03-17,Kg,37,68,52
Potato Red,2023-03-17,Kg,56,95,75
Potato White,2023-03-17,Kg,44,70,57
Onion Dry (Indian),2023-03-17,Kg,67,111,89
Carrot(Local),2023-03-17,Kg,96,132,114
Cabbage(Local),2023-03-17,Kg,34,61,47
Cauliflower Local,2023-03-17,Kg,63,97,80
Raddish White(Local),2023-03-17,Kg,23,42,32
Brinjal Long,2023-03-17,Kg,57,77,67
Cow pea(Long),2023-03-17,Kg,88,129,108
Green Peas,2023-03-17,Kg,136,186,161
French Bean(Local),2023-03-17,Kg,75,103,89
Bitter Gourd,2023-03-17,Kg,94,143,118
Bottle Gourd,2023-03-17,Kg,44,71,57
Pointed Gourd(Local),2023-03-17,Kg,66,111,88
Snake Gourd,2023-03-17,Kg,63,83,73
Sponge Gourd,2023-03-17,Kg,74,105,89
Pumpkin,2023-03-17,Kg,38,59,48
Squash(Long),2023-03-17,Kg,46,79,62
Okra,2023-03-17,Kg,87,121,104
Arum,2023-03-17,Kg,68,97,82
Barela,2023-03-17,Kg,44,64,54
Radish Red,2023-03-17,Kg,36,57,46
Mushroom(Button),2023-03-17,Kg,397,581,489
Mushroom(Kanya),2023-03-17,Kg,168,255,211
Spinach Leaf,2023-03-17,Kg,103,143,123
Mustard Leaf,2023-03-17,Kg,43,72,57
Coriander,2023-03-17,Kg,194,312,253
Garlic Dry Nepali,2023-03-17,Kg,239,382,310
Garlic Dry Chinese,2023-03-17,Kg,311,425,368
Ginger,2023-03-17,Kg,161,299,230
Chilly Green,2023-03-17,Kg,99,158,128
Capsicum,2023-03-17,Kg,122,174,148
Cucumber(Local),2023-03-17,Kg,69,121,95
Apple(Jholey),2023-03-17,Kg,164,303,233
Banana,2023-03-17,Dozen,122,168,145
Pomegranate,2023-03-17,Kg,273,472,372
Orange(Nepali),2023-03-17,Kg,103,159,131
Papaya(Indian),2023-03-17,Kg,102,140,121
Tomato Big(Nepali),2023-03-18,Kg,45,75,60
Tomato Small(Local),2023-03-18,Kg,37,60,48
Potato Red,2023-03-18,Kg,61,85,73
Potato White,2023-03-18,Kg,49,73,61
Onion Dry (Indian),2023-03-18,Kg,74,123,98
Carrot(Local),2023-03-18,Kg,93,142,117
Cabbage(Local),2023-03-18,Kg,37,55,46
Cauliflower Local,2023-03-18,Kg,58,90,74
Raddish White(Local),2023-03-18,Kg,25,47,36
Brinjal Long,2023-03-18,Kg,53,74,63
Cow pea(Long),2023-03-18,Kg,85,114,99
Green Peas,2023-03-18,Kg,136,202,169
French Bean(Local),2023-03-18,Kg,77,109,93
Bitter Gourd,2023-03-18,Kg,93,149,121
Bottle Gourd,2023-03-18,Kg,46,71,58
Pointed Gourd(Local),2023-03-18,Kg,69,114,91
Snake Gourd,2023-03-18,Kg,62,83,72
Sponge Gourd,2023-03-18,Kg,69,115,92
Pumpkin,2023-03-18,Kg,43,61,52
Squash(Long),2023-03-18,Kg,43,73,58
Okra,2023-03-18,Kg,84,113,98
Arum,2023-03-18,Kg,68,91,79
Barela,2023-03-18,Kg,52,62,57
Radish Red,2023-03-18,Kg,32,61,46
Mushroom(Button),2023-03-18,Kg,428,575,501
Mushroom(Kanya),2023-03-18,Kg,180,256,218
Spinach Leaf,2023-03-18,Kg,115,159,137
Mustard Leaf,2023-03-18,Kg,50,72,61
Coriander,2023-03-18,Kg,173,302,237
Garlic Dry Nepali,2023-03-18,Kg,233,360,296
Garlic Dry Chinese,2023-03-18,Kg,313,414,363
Ginger,2023-03-18,Kg,175,283,229
Chilly Green,2023-03-18,Kg,90,147,118
Capsicum,2023-03-18,Kg,109,176,142
Cucumber(Local),2023-03-18,Kg,72,111,91
Apple(Jholey),2023-03-18,Kg,184,301,242
Banana,2023-03-18,Dozen,122,191,156
Pomegranate,2023-03-18,Kg,273,428,350
Orange(Nepali),2023-03-18,Kg,98,178,138
Papaya(Indian),2023-03-18,Kg,96,148,122
Tomato Big(Nepali),2023-03-19,Kg,50,71,60
Tomato Small(Local),2023-03-19,Kg,33,63,48
Potato Red,2023-03-19,Kg,54,86,70
Potato White,2023-03-19,Kg,44,64,54
Onion Dry (Indian),2023-03-19,Kg,65,111,88
Carrot(Local),2023-03-19,Kg,86,132,109
Cabbage(Local),2023-03-19,Kg,32,54,43
Cauliflower Local,2023-03-19,Kg,64,102,83
Raddish White(Local),2023-03-19,Kg,22,45,33
Brinjal Long,2023-03-19,Kg,49,85,67
Cow pea(Long),2023-03-19,Kg,85,131,108
Green Peas,2023-03-19,Kg,147,200,173
French Bean(Local),2023-03-19,Kg,73,99,86
Bitter Gourd,2023-03-19,Kg,99,152,125
Bottle Gourd,2023-03-19,Kg,45,80,62
Pointed Gourd(Local),2023-03-19,Kg,69,113,91
Snake Gourd,2023-03-19,Kg,55,94,74
Sponge Gourd,2023-03-19,Kg,68,108,88
Pumpkin,2023-03-19,Kg,39,62,50
Squash(Long),2023-03-19,Kg,43,78,60
Okra,2023-03-19,Kg,83,116,99
Arum,2023-03-19,Kg,67,103,85
Barela,2023-03-19,Kg,44,72,58
Radish Red,2023-03-19,Kg,36,54,45
Mushroom(Button),2023-03-19,Kg,402,526,464
Mushroom(Kanya),2023-03-19,Kg,190,262,226
Spinach Leaf,2023-03-19,Kg,109,162,135
Mustard Leaf,2023-03-19,Kg,46,81,63
Coriander,2023-03-19,Kg,161,286,223
Garlic Dry Nepali,2023-03-19,Kg,244,364,304
Garlic Dry Chinese,2023-03-19,Kg,281,385,333
Ginger,2023-03-19,Kg,184,256,220
Chilly Green,2023-03-19,Kg,95,152,123
Capsicum,2023-03-19,Kg,117,189,153
Cucumber(Local),2023-03-19,Kg,74,105,89
Apple(Jholey),2023-03-19,Kg,180,329,254
Banana,2023-03-19,Dozen,124,160,142
Pomegranate,2023-03-19,Kg,311,405,358
Orange(Nepali),2023-03-19,Kg,94,171,132
Papaya(Indian),2023-03-19,Kg,87,137,112
Tomato Big(Nepali),2023-03-20,Kg,44,70,57
Tomato Small(Local),2023-03-20,Kg,38,68,53
Potato Red,2023-03-20,Kg,62,83,72
Potato White,2023-03-20,Kg,45,62,53
Onion Dry (Indian),2023-03-20,Kg,65,117,91
Carrot(Local),2023-03-20,Kg,100,132,116
Cabbage(Local),2023-03-20,Kg,37,56,46
Cauliflower Local,2023-03-20,Kg,57,105,81
Raddish White(Local),2023-03-20,Kg,25,47,36
Brinjal Long,2023-03-20,Kg,57,82,69
Cow pea(Long),2023-03-20,Kg,87,129,108
Green Peas,2023-03-20,Kg,153,170,161
French Bean(Local),2023-03-20,Kg,65,102,83
Bitter Gourd,2023-03-20,Kg,90,148,119
Bottle Gourd,2023-03-20,Kg,49,79,64
Pointed Gourd(Local),2023-03-20,Kg,68,110,89
Snake Gourd,2023-03-20,Kg,56,88,72
Sponge Gourd,2023-03-20,Kg,65,115,90
Pumpkin,2023-03-20,Kg,38,57,47
Squash(Long),2023-03-20,Kg,47,72,59
Okra,2023-03-20,Kg,80,116,98
Arum,2023-03-20,Kg,74,103,88
Barela,2023-03-20,Kg,52,73,62
Radish Red,2023-03-20,Kg,38,61,49
Mushroom(Button),2023-03-20,Kg,435,579,507
Mushroom(Kanya),2023-03-20,Kg,167,227,197
Spinach Leaf,2023-03-20,Kg,113,151,132
Mustard Leaf,2023-03-20,Kg,46,70,58
Coriander,2023-03-20,Kg,185,308,246
Garlic Dry Nepali,2023-03-20,Kg,250,343,296
Garlic Dry Chinese,2023-03-20,Kg,320,431,375
Ginger,2023-03-20,Kg,175,268,221
Chilly Green,2023-03-20,Kg,97,150,123
Capsicum,2023-03-20,Kg,115,171,143
Cucumber(Local),2023-03-20,Kg,74,106,90
Apple(Jholey),2023-03-20,Kg,169,322,245
Banana,2023-03-20,Dozen,120,159,139
Pomegranate,2023-03-20,Kg,270,429,349
Orange(Nepali),2023-03-20,Kg,97,176,136
Papaya(Indian),2023-03-20,Kg,102,125,113
Tomato Big(Nepali),2023-03-21,Kg,44,74,59
Tomato Small(Local),2023-03-21,Kg,32,58,45
Potato Red,2023-03-21,Kg,65,94,79
Potato White,2023-03-21,Kg,50,69,59
Onion Dry (Indian),2023-03-21,Kg,70,112,91
Carrot(Local),2023-03-21,Kg,104,132,118
Cabbage(Local),2023-03-21,Kg,33,60,46
Cauliflower Local,2023-03-21,Kg,61,94,77
Raddish White(Local),2023-03-21,Kg,22,44,33
Brinjal Long,2023-03-21,Kg,53,77,65
Cow pea(Long),2023-03-21,Kg,87,134,110
Green Peas,2023-03-21,Kg,129,188,158
French Bean(Local),2023-03-21,Kg,70,97,83
Bitter Gourd,2023-03-21,Kg,88,156,122
Bottle Gourd,2023-03-21,Kg,48,74,61
Pointed Gourd(Local),2023-03-21,Kg,71,103,87
Snake Gourd,2023-03-21,Kg,60,83,71
Sponge Gourd,2023-03-21,Kg,76,106,91
Pumpkin,2023-03-21,Kg,41,68,54
Squash(Long),2023-03-21,Kg,52,76,64
Okra,2023-03-21,Kg,83,102,92
Arum,2023-03-21,Kg,70,96,83
Barela,2023-03-21,Kg,45,71,58
Radish Red,2023-03-21,Kg,39,55,47
Mushroom(Button),2023-03-21,Kg,433,583,508
Mushroom(Kanya),2023-03-21,Kg,181,257,219
Spinach Leaf,2023-03-21,Kg,113,146,129
Mustard Leaf,2023-03-21,Kg,47,70,58
Coriander,2023-03-21,Kg,162,328,245
Garlic Dry Nepali,2023-03-21,Kg,216,345,280
Garlic Dry Chinese,2023-03-21,Kg,302,395,348
Ginger,2023-03-21,Kg,180,290,235
Chilly Green,2023-03-21,Kg,92,162,127
Capsicum,2023-03-21,Kg,112,166,139
Cucumber(Local),2023-03-21,Kg,76,104,90
Apple(Jholey),2023-03-21,Kg,168,330,249
Banana,2023-03-21,Dozen,116,176,146
Pomegranate,2023-03-21,Kg,323,461,392
Orange(Nepali),2023-03-21,Kg,103,155,129
Papaya(Indian),2023-03-21,Kg,96,127,111
Tomato Big(Nepali),2023-03-22,Kg,45,76,60
Tomato Small(Local),2023-03-22,Kg,33,63,48
Potato Red,2023-03-22,Kg,58,96,77
Potato White,2023-03-22,Kg,44,68,56
Onion Dry (Indian),2023-03-22,Kg,67,105,86
Carrot(Local),2023-03-22,Kg,89,141,115
Cabbage(Local),2023-03-22,Kg,38,61,49
Cauliflower Local,2023-03-22,Kg,54,94,74
Raddish White(Local),2023-03-22,Kg,25,44,34
Brinjal Long,2023-03-22,Kg,52,75,63
Cow pea(Long),2023-03-22,Kg,91,136,113
Green Peas,2023-03-22,Kg,151,184,167
French Bean(Local),2023-03-22,Kg,70,108,89
Bitter Gourd,2023-03-22,Kg,95,163,129
Bottle Gourd,2023-03-22,Kg,51,68,59
Pointed Gourd(Local),2023-03-22,Kg,78,112,95
Snake Gourd,2023-03-22,Kg,65,80,72
Sponge Gourd,2023-03-22,Kg,73,116,94
Pumpkin,2023-03-22,Kg,43,63,53
Squash(Long),2023-03-22,Kg,50,69,59
Okra,2023-03-22,Kg,86,110,98
Arum,2023-03-22,Kg,65,105,85
Barela,2023-03-22,Kg,43,70,56
Radish Red,2023-03-22,Kg,35,53,44
Mushroom(Button),2023-03-22,Kg,451,615,533
Mushroom(Kanya),2023-03-22,Kg,171,258,214
Spinach Leaf,2023-03-22,Kg,109,162,135
Mustard Leaf,2023-03-22,Kg,44,74,59
Coriander,2023-03-22,Kg,191,305,248
Garlic Dry Nepali,2023-03-22,Kg,247,380,313
Garlic Dry Chinese,2023-03-22,Kg,270,438,354
Ginger,2023-03-22,Kg,185,263,224
Chilly Green,2023-03-22,Kg,101,137,119
Capsicum,2023-03-22,Kg,113,186,149
Cucumber(Local),2023-03-22,Kg,72,121,96
Apple(Jholey),2023-03-22,Kg,167,320,243
Banana,2023-03-22,Dozen,125,174,149
Pomegranate,2023-03-22,Kg,295,453,374
Orange(Nepali),2023-03-22,Kg,105,165,135
Papaya(Indian),2023-03-22,Kg,92,137,114
Tomato Big(Nepali),2023-03-23,Kg,50,73,61
Tomato Small(Local),2023-03-23,Kg,33,61,47
Potato Red,2023-03-23,Kg,57,83,70
Potato White,2023-03-23,Kg,47,69,58
Onion Dry (Indian),2023-03-23,Kg,65,110,87
Carrot(Local),2023-03-23,Kg,94,151,122
Cabbage(Local),2023-03-23,Kg,33,58,45
Cauliflower Local,2023-03-23,Kg,56,109,82
Raddish White(Local),2023-03-23,Kg,24,44,34
Brinjal Long,2023-03-23,Kg,55,84,69
Cow pea(Long),2023-03-23,Kg,87,137,112
Green Peas,2023-03-23,Kg,130,187,158
French Bean(Local),2023-03-23,Kg,70,98,84
Bitter Gourd,2023-03-23,Kg,103,143,123
Bottle Gourd,2023-03-23,Kg,48,76,62
Pointed Gourd(Local),2023-03-23,Kg,72,112,92
Snake Gourd,2023-03-23,Kg,60,80,70
Sponge Gourd,2023-03-23,Kg,78,103,90
Pumpkin,2023-03-23,Kg,37,67,52
Squash(Long),2023-03-23,Kg,47,79,63
Okra,2023-03-23,Kg,88,105,96
Arum,2023-03-23,Kg,74,97,85
Barela,2023-03-23,Kg,52,69,60
Radish Red,2023-03-23,Kg,32,60,46
Mushroom(Button),2023-03-23,Kg,401,514,457
Mushroom(Kanya),2023-03-23,Kg,178,242,210
Spinach Leaf,2023-03-23,Kg,104,163,133
Mustard Leaf,2023-03-23,Kg,43,79,61
Coriander,2023-03-23,Kg,176,330,253
Garlic Dry Nepali,2023-03-23,Kg,251,362,306
Garlic Dry Chinese,2023-03-23,Kg,285,409,347
Ginger,2023-03-23,Kg,162,286,224
Chilly Green,2023-03-23,Kg,94,142,118
Capsicum,2023-03-23,Kg,123,180,151
Cucumber(Local),2023-03-23,Kg,71,122,96
Apple(Jholey),2023-03-23,Kg,196,322,259
Banana,2023-03-23,Dozen,117,182,149
Pomegranate,2023-03-23,Kg,285,400,342
Orange(Nepali),2023-03-23,Kg,87,175,131
Papaya(Indian),2023-03-23,Kg,97,139,118
Tomato Big(Nepali),2023-03-24,Kg,45,80,62
Tomato Small(Local),2023-03-24,Kg,36,66,51
Potato Red,2023-03-24,Kg,65,93,79
Potato White,2023-03-24,Kg,51,75,63
Onion Dry (Indian),2023-03-24,Kg,72,120,96
Carrot(Local),2023-03-24,Kg,102,139,120
Cabbage(Local),2023-03-24,Kg,34,60,47
Cauliflower Local,2023-03-24,Kg,63,104,83
Raddish White(Local),2023-03-24,Kg,25,41,33
Brinjal Long,2023-03-24,Kg,55,74,64
Cow pea(Long),2023-03-24,Kg,90,131,110
Green Peas,2023-03-24,Kg,136,197,166
French Bean(Local),2023-03-24,Kg,75,99,87
Bitter Gourd,2023-03-24,Kg,99,141,120
Bottle Gourd,2023-03-24,Kg,44,74,59
Pointed Gourd(Local),2023-03-24,Kg,68,117,92
Snake Gourd,2023-03-24,Kg,63,83,73
Sponge Gourd,2023-03-24,Kg,76,100,88
Pumpkin,2023-03-24,Kg,45,58,51
Squash(Long),2023-03-24,Kg,52,80,66
Okra,2023-03-24,Kg,81,106,93
Arum,2023-03-24,Kg,73,97,85
Barela,2023-03-24,Kg,47,68,57
Radish Red,2023-03-24,Kg,34,53,43
Mushroom(Button),2023-03-24,Kg,399,606,502
Mushroom(Kanya),2023-03-24,Kg,171,238,204
Spinach Leaf,2023-03-24,Kg,115,151,133
Mustard Leaf,2023-03-24,Kg,50,74,62
Coriander,2023-03-24,Kg,173,331,252
Garlic Dry Nepali,2023-03-24,Kg,230,322,276
Garlic Dry Chinese,2023-03-24,Kg,313,374,343
Ginger,2023-03-24,Kg,165,282,223
Chilly Green,2023-03-24,Kg,96,156,126
Capsicum,2023-03-24,Kg,125,169,147
Cucumber(Local),2023-03-24,Kg,71,108,89
Apple(Jholey),2023-03-24,Kg,183,288,235
Banana,2023-03-24,Dozen,110,186,148
Pomegranate,2023-03-24,Kg,308,418,363
Orange(Nepali),2023-03-24,Kg,87,158,122
Papaya(Indian),2023-03-24,Kg,98,139,118
Tomato Big(Nepali),2023-03-25,Kg,47,77,62
Tomato Small(Local),2023-03-25,Kg,36,57,46
Potato Red,2023-03-25,Kg,55,91,73
Potato White,2023-03-25,Kg,48,67,57
Onion Dry (Indian),2023-03-25,Kg,75,108,91
Carrot(Local),2023-03-25,Kg,88,139,113
Cabbage(Local),2023-03-25,Kg,33,56,44
Cauliflower Local,2023-03-25,Kg,61,104,82
Raddish White(Local),2023-03-25,Kg,23,41,32
Brinjal Long,2023-03-25,Kg,51,81,66
Cow pea(Long),2023-03-25,Kg,79,133,106
Green Peas,2023-03-25,Kg,135,181,158
French Bean(Local),2023-03-25,Kg,69,109,89
Bitter Gourd,2023-03-25,Kg,98,157,127
Bottle Gourd,2023-03-25,Kg,50,74,62
Pointed Gourd(Local),2023-03-25,Kg,78,123,100
Snake Gourd,2023-03-25,Kg,64,92,78
Sponge Gourd,2023-03-25,Kg,76,98,87
Pumpkin,2023-03-25,Kg,37,62,49
Squash(Long),2023-03-25,Kg,51,74,62
Okra,2023-03-25,Kg,76,114,95
Arum,2023-03-25,Kg,71,105,88
Barela,2023-03-25,Kg,43,70,56
Radish Red,2023-03-25,Kg,37,53,45
Mushroom(Button),2023-03-25,Kg,415,582,498
Mushroom(Kanya),2023-03-25,Kg,181,274,227
Spinach Leaf,2023-03-25,Kg,100,144,122
Mustard Leaf,2023-03-25,Kg,52,77,64
Coriander,2023-03-25,Kg,192,304,248
Garlic Dry Nepali,2023-03-25,Kg,223,382,302
Garlic Dry Chinese,2023-03-25,Kg,276,374,325
Ginger,2023-03-25,Kg,176,264,220
Chilly Green,2023-03-25,Kg,102,162,132
Capsicum,2023-03-25,Kg,109,174,141
Cucumber(Local),2023-03-25,Kg,72,117,94
Apple(Jholey),2023-03-25,Kg,194,288,241
Banana,2023-03-25,Dozen,110,185,147
Pomegranate,2023-03-25,Kg,275,414,344
Orange(Nepali),2023-03-25,Kg,100,162,131
Papaya(Indian),2023-03-25,Kg,100,138,119
Tomato Big(Nepali),2023-03-26,Kg,49,81,65
Tomato Small(Local),2023-03-26,Kg,36,65,50
Potato Red,2023-03-26,Kg,55,85,70
Potato White,2023-03-26,Kg,44,63,53
Onion Dry (Indian),2023-03-26,Kg,68,117,92
Carrot(Local),2023-03-26,Kg,93,147,120
Cabbage(Local),2023-03-26,Kg,33,60,46
Cauliflower Local,2023-03-26,Kg,58,91,74
Raddish White(Local),2023-03-26,Kg,24,44,34
Brinjal Long,2023-03-26,Kg,50,85,67
Cow pea(Long),2023-03-26,Kg,78,133,105
Green Peas,2023-03-26,Kg,150,197,173
French Bean(Local),2023-03-26,Kg,72,107,89
Bitter Gourd,2023-03-26,Kg,92,165,128
Bottle Gourd,2023-03-26,Kg,52,72,62
Pointed Gourd(Local),2023-03-26,Kg,72,123,97
Snake Gourd,2023-03-26,Kg,57,83,70
Sponge Gourd,2023-03-26,Kg,68,114,91
Pumpkin,2023-03-26,Kg,45,61,53
Squash(Long),2023-03-26,Kg,49,81,65
Okra,2023-03-26,Kg,77,104,90
Arum,2023-03-26,Kg,67,106,86
Barela,2023-03-26,Kg,47,65,56
Radish Red,2023-03-26,Kg,37,51,44
Mushroom(Button),2023-03-26,Kg,402,521,461
Mushroom(Kanya),2023-03-26,Kg,177,232,204
Spinach Leaf,2023-03-26,Kg,106,159,132
Mustard Leaf,2023-03-26,Kg,50,71,60
Coriander,2023-03-26,Kg,180,316,248
Garlic Dry Nepali,2023-03-26,Kg,249,375,312
Garlic Dry Chinese,2023-03-26,Kg,318,382,350
Ginger,2023-03-26,Kg,189,256,222
Chilly Green,2023-03-26,Kg,92,150,121
Capsicum,2023-03-26,Kg,123,182,152
Cucumber(Local),2023-03-26,Kg,71,116,93
Apple(Jholey),2023-03-26,Kg,166,337,251
Banana,2023-03-26,Dozen,125,181,153
Pomegranate,2023-03-26,Kg,283,439,361
Orange(Nepali),2023-03-26,Kg,94,155,124
Papaya(Indian),2023-03-26,Kg,102,135,118
Tomato Big(Nepali),2023-03-27,Kg,44,70,57
Tomato Small(Local),2023-03-27,Kg,35,64,49
Potato Red,2023-03-27,Kg,63,93,78
Potato White,2023-03-27,Kg,51,66,58
Onion Dry (Indian),2023-03-27,Kg,76,114,95
Carrot(Local),2023-03-27,Kg,90,126,108
Cabbage(Local),2023-03-27,Kg,37,60,48
Cauliflower Local,2023-03-27,Kg,63,99,81
Raddish White(Local),2023-03-27,Kg,23,45,34
Brinjal Long,2023-03-27,Kg,51,83,67
Cow pea(Long),2023-03-27,Kg,81,128,104
Green Peas,2023-03-27,Kg,150,200,175
French Bean(Local),2023-03-27,Kg,77,103,90
Bitter Gourd,2023-03-27,Kg,103,151,127
Bottle Gourd,2023-03-27,Kg,43,70,56
Pointed Gourd(Local),2023-03-27,Kg,74,111,92
Snake Gourd,2023-03-27,Kg,58,91,74
Sponge Gourd,2023-03-27,Kg,70,103,86
Pumpkin,2023-03-27,Kg,43,61,52
Squash(Long),2023-03-27,Kg,47,81,64
Okra,2023-03-27,Kg,75,113,94
Arum,2023-03-27,Kg,70,98,84
Barela,2023-03-27,Kg,48,65,56
Radish Red,2023-03-27,Kg,32,61,46
Mushroom(Button),2023-03-27,Kg,394,557,475
Mushroom(Kanya),2023-03-27,Kg,186,257,221
Spinach Leaf,2023-03-27,Kg,107,143,125
Mustard Leaf,2023-03-27,Kg,50,81,65
Coriander,2023-03-27,Kg,171,292,231
Garlic Dry Nepali,2023-03-27,Kg,230,373,301
Garlic Dry Chinese,2023-03-27,Kg,326,412,369
Ginger,2023-03-27,Kg,173,262,217
Chilly Green,2023-03-27,Kg,97,155,126
Capsicum,2023-03-27,Kg,119,174,146
Cucumber(Local),2023-03-27,Kg,77,103,90
Apple(Jholey),2023-03-27,Kg,186,325,255
Banana,2023-03-27,Dozen,110,174,142
Pomegranate,2023-03-27,Kg,277,449,363
Orange(Nepali),2023-03-27,Kg,95,177,136
Papaya(Indian),2023-03-27,Kg,88,145,116
Tomato Big(Nepali),2023-03-28,Kg,52,68,60
Tomato Small(Local),2023-03-28,Kg,37,58,47
Potato Red,2023-03-28,Kg,62,85,73
Potato White,2023-03-28,Kg,51,72,61
Onion Dry (Indian),2023-03-28,Kg,74,109,91
Carrot(Local),2023-03-28,Kg,91,150,120
Cabbage(Local),2023-03-28,Kg,34,58,46
Cauliflower Local,2023-03-28,Kg,59,105,82
Raddish White(Local),2023-03-28,Kg,22,47,34
Brinjal Long,2023-03-28,Kg,54,83,68
Cow pea(Long),2023-03-28,Kg,79,127,103
Green Peas,2023-03-28,Kg,140,184,162
French Bean(Local),2023-03-28,Kg,76,112,94
Bitter Gourd,2023-03-28,Kg,86,143,114
Bottle Gourd,2023-03-28,Kg,44,74,59
Pointed Gourd(Local),2023-03-28,Kg,64,123,93
Snake Gourd,2023-03-28,Kg,61,80,70
Sponge Gourd,2023-03-28,Kg,74,101,87
Pumpkin,2023-03-28,Kg,43,67,55
Squash(Long),2023-03-28,Kg,50,76,63
Okra,2023-03-28,Kg,75,103,89
Arum,2023-03-28,Kg,75,99,87
Barela,2023-03-28,Kg,51,68,59
Radish Red,2023-03-28,Kg,38,52,45
Mushroom(Button),2023-03-28,Kg,408,581,494
Mushroom(Kanya),2023-03-28,Kg,189,236,212
Spinach Leaf,2023-03-28,Kg,108,152,130
Mustard Leaf,2023-03-28,Kg,46,78,62
Coriander,2023-03-28,Kg,180,295,237
Garlic Dry Nepali,2023-03-28,Kg,228,377,302
Garlic Dry Chinese,2023-03-28,Kg,312,416,364
Ginger,2023-03-28,Kg,169,295,232
Chilly Green,2023-03-28,Kg,100,146,123
Capsicum,2023-03-28,Kg,127,177,152
Cucumber(Local),2023-03-28,Kg,74,113,93
Apple(Jholey),2023-03-28,Kg,163,304,233
Banana,2023-03-28,Dozen,119,171,145
Pomegranate,2023-03-28,Kg,290,423,356
Orange(Nepali),2023-03-28,Kg,99,155,127
Papaya(Indian),2023-03-28,Kg,91,142,116
Tomato Big(Nepali),2023-03-29,Kg,50,77,63
Tomato Small(Local),2023-03-29,Kg,35,57,46
Potato Red,2023-03-29,Kg,57,92,74
Potato White,2023-03-29,Kg,47,73,60
Onion Dry (Indian),2023-03-29,Kg,64,121,92
Carrot(Local),2023-03-29,Kg,93,151,122
Cabbage(Local),2023-03-29,Kg,36,59,47
Cauliflower Local,2023-03-29,Kg,60,103,81
Raddish White(Local),2023-03-29,Kg,24,47,35
Brinjal Long,2023-03-29,Kg,50,75,62
Cow pea(Long),2023-03-29,Kg,91,133,112
Green Peas,2023-03-29,Kg,151,180,165
French Bean(Local),2023-03-29,Kg,74,97,85
Bitter Gourd,2023-03-29,Kg,89,162,125
Bottle Gourd,2023-03-29,Kg,49,75,62
Pointed Gourd(Local),2023-03-29,Kg,67,103,85
Snake Gourd,2023-03-29,Kg,57,90,73
Sponge Gourd,2023-03-29,Kg,78,98,88
Pumpkin,2023-03-29,Kg,42,66,54
Squash(Long),2023-03-29,Kg,47,69,58
Okra,2023-03-29,Kg,77,117,97
Arum,2023-03-29,Kg,78,106,92
Barela,2023-03-29,Kg,49,67,58
Radish Red,2023-03-29,Kg,36,54,45
Mushroom(Button),2023-03-29,Kg,402,590,496
Mushroom(Kanya),2023-03-29,Kg,167,243,205
Spinach Leaf,2023-03-29,Kg,108,154,131
Mustard Leaf,2023-03-29,Kg,45,70,57
Coriander,2023-03-29,Kg,181,293,237
Garlic Dry Nepali,2023-03-29,Kg,230,320,275
Garlic Dry Chinese,2023-03-29,Kg,278,409,343
Ginger,2023-03-29,Kg,168,251,209
Chilly Green,2023-03-29,Kg,94,158,126
Capsicum,2023-03-29,Kg,127,176,151
Cucumber(Local),2023-03-29,Kg,70,123,96
Apple(Jholey),2023-03-29,Kg,195,302,248
Banana,2023-03-29,Dozen,108,173,140
Pomegranate,2023-03-29,Kg,305,414,359
Orange(Nepali),2023-03-29,Kg,102,161,131
Papaya(Indian),2023-03-29,Kg,93,143,118
Tomato Big(Nepali),2023-03-30,Kg,47,82,64
Tomato Small(Local),2023-03-30,Kg,39,67,53
Potato Red,2023-03-30,Kg,59,88,73
Potato White,2023-03-30,Kg,47,68,57
Onion Dry (Indian),2023-03-30,Kg,77,106,91
Carrot(Local),2023-03-30,Kg,100,147,123
Cabbage(Local),2023-03-30,Kg,36,59,47
Cauliflower Local,2023-03-30,Kg,59,99,79
Raddish White(Local),2023-03-30,Kg,25,43,34
Brinjal Long,2023-03-30,Kg,53,87,70
Cow pea(Long),2023-03-30,Kg,87,126,106
Green Peas,2023-03-30,Kg,135,190,162
French Bean(Local),2023-03-30,Kg,69,107,88
Bitter Gourd,2023-03-30,Kg,95,163,129
Bottle Gourd,2023-03-30,Kg,51,70,60
Pointed Gourd(Local),2023-03-30,Kg,67,115,91
Snake Gourd,2023-03-30,Kg,64,85,74
Sponge Gourd,2023-03-30,Kg,74,115,94
Pumpkin,2023-03-30,Kg,37,61,49
Squash(Long),2023-03-30,Kg,45,74,59
Okra,2023-03-30,Kg,90,119,104
Arum,2023-03-30,Kg,69,108,88
Barela,2023-03-30,Kg,44,63,53
Radish Red,2023-03-30,Kg,38,61,49
Mushroom(Button),2023-03-30,Kg,429,567,498
Mushroom(Kanya),2023-03-30,Kg,181,259,220
Spinach Leaf,2023-03-30,Kg,97,138,117
Mustard Leaf,2023-03-30,Kg,50,70,60
Coriander,2023-03-30,Kg,194,339,266
Garlic Dry Nepali,2023-03-30,Kg,250,370,310
Garlic Dry Chinese,2023-03-30,Kg,306,394,350
Ginger,2023-03-30,Kg,164,259,211
Chilly Green,2023-03-30,Kg,97,141,119
Capsicum,2023-03-30,Kg,108,185,146
Cucumber(Local),2023-03-30,Kg,74,116,95
Apple(Jholey),2023-03-30,Kg,177,289,233
Banana,2023-03-30,Dozen,109,163,136
Pomegranate,2023-03-30,Kg,294,409,351
Orange(Nepali),2023-03-30,Kg,99,164,131
Papaya(Indian),2023-03-30,Kg,102,151,126
Tomato Big(Nepali),2023-03-31,Kg,49,72,60
Tomato Small(Local),2023-03-31,Kg,33,68,50
Potato Red,2023-03-31,Kg,56,84,70
Potato White,2023-03-31,Kg,49,63,56
Onion Dry (Indian),2023-03-31,Kg,72,102,87
Carrot(Local),2023-03-31,Kg,103,148,125
Cabbage(Local),2023-03-31,Kg,32,58,45
Cauliflower Local,2023-03-31,Kg,60,96,78
Raddish White(Local),2023-03-31,Kg,25,40,32
Brinjal Long,2023-03-31,Kg,54,83,68
Cow pea(Long),2023-03-31,Kg,83,118,100
Green Peas,2023-03-31,Kg,143,177,160
French Bean(Local),2023-03-31,Kg,73,115,94
Bitter Gourd,2023-03-31,Kg,102,159,130
Bottle Gourd,2023-03-31,Kg,48,68,58
Pointed Gourd(Local),2023-03-31,Kg,77,103,90
Snake Gourd,2023-03-31,Kg,55,90,72
Sponge Gourd,2023-03-31,Kg,76,108,92
Pumpkin,2023-03-31,Kg,41,57,49
Squash(Long),2023-03-31,Kg,52,73,62
Okra,2023-03-31,Kg,88,113,100
Arum,2023-03-31,Kg,78,109,93
Barela,2023-03-31,Kg,46,69,57
Radish Red,2023-03-31,Kg,36,55,45
Mushroom(Button),2023-03-31,Kg,439,610,524
Mushroom(Kanya),2023-03-31,Kg,181,243,212
Spinach Leaf,2023-03-31,Kg,112,164,138
Mustard Leaf,2023-03-31,Kg,44,69,56
Coriander,2023-03-31,Kg,193,329,261
Garlic Dry Nepali,2023-03-31,Kg,256,375,315
Garlic Dry Chinese,2023-03-31,Kg,293,396,344
Ginger,2023-03-31,Kg,196,294,245
Chilly Green,2023-03-31,Kg,89,154,121
Capsicum,2023-03-31,Kg,124,179,151
Cucumber(Local),2023-03-31,Kg,76,121,98
Apple(Jholey),2023-03-31,Kg,182,309,245
Banana,2023-03-31,Dozen,121,191,156
Pomegranate,2023-03-31,Kg,312,427,369
Orange(Nepali),2023-03-31,Kg,94,177,135
Papaya(Indian),2023-03-31,Kg,99,130,114
Tomato Big(Nepali),2023-04-01,Kg,44,74,59
Tomato Small(Local),2023-04-01,Kg,34,64,49
Potato Red,2023-04-01,Kg,63,86,74
Potato White,2023-04-01,Kg,43,65,54
Onion Dry (Indian),2023-04-01,Kg,77,123,100
Carrot(Local),2023-04-01,Kg,104,136,120
Cabbage(Local),2023-04-01,Kg,39,57,48
Cauliflower Local,2023-04-01,Kg,60,109,84
Raddish White(Local),2023-04-01,Kg,25,48,36
Brinjal Long,2023-04-01,Kg,58,83,70
Cow pea(Long),2023-04-01,Kg,77,136,106
Green Peas,2023-04-01,Kg,156,202,179
French Bean(Local),2023-04-01,Kg,73,102,87
Bitter Gourd,2023-04-01,Kg,90,150,120
Bottle Gourd,2023-04-01,Kg,44,73,58
Pointed Gourd(Local),2023-04-01,Kg,77,107,92
Snake Gourd,2023-04-01,Kg,60,91,75
Sponge Gourd,2023-04-01,Kg,65,102,83
Pumpkin,2023-04-01,Kg,43,67,55
Squash(Long),2023-04-01,Kg,45,75,60
Okra,2023-04-01,Kg,91,122,106
Arum,2023-04-01,Kg,78,95,86
Barela,2023-04-01,Kg,44,69,56
Radish Red,2023-04-01,Kg,39,61,50
Mushroom(Button),2023-04-01,Kg,427,565,496
Mushroom(Kanya),2023-04-01,Kg,174,271,222
Spinach Leaf,2023-04-01,Kg,107,153,130
Mustard Leaf,2023-04-01,Kg,49,71,60
Coriander,2023-04-01,Kg,182,333,257
Garlic Dry Nepali,2023-04-01,Kg,255,359,307
Garlic Dry Chinese,2023-04-01,Kg,298,381,339
Ginger,2023-04-01,Kg,191,286,238
Chilly Green,2023-04-01,Kg,96,150,123
Capsicum,2023-04-01,Kg,119,180,149
Cucumber(Local),2023-04-01,Kg,69,103,86
Apple(Jholey),2023-04-01,Kg,166,320,243
Banana,2023-04-01,Dozen,129,175,152
Pomegranate,2023-04-01,Kg,297,476,386
Orange(Nepali),2023-04-01,Kg,97,176,136
Papaya(Indian),2023-04-01,Kg,94,150,122
Tomato Big(Nepali),2023-04-02,Kg,46,75,60
Tomato Small(Local),2023-04-02,Kg,33,57,45
Potato Red,2023-04-02,Kg,57,94,75
Potato White,2023-04-02,Kg,51,73,62
Onion Dry (Indian),2023-04-02,Kg,70,117,93
Carrot(Local),2023-04-02,Kg,105,135,120
Cabbage(Local),2023-04-02,Kg,35,60,47
Cauliflower Local,2023-04-02,Kg,63,103,83
Raddish White(Local),2023-04-02,Kg,25,42,33
Brinjal Long,2023-04-02,Kg,52,87,69
Cow pea(Long),2023-04-02,Kg,88,129,108
Green Peas,2023-04-02,Kg,153,175,164
French Bean(Local),2023-04-02,Kg,71,107,89
Bitter Gourd,2023-04-02,Kg,87,145,116
Bottle Gourd,2023-04-02,Kg,45,76,60
Pointed Gourd(Local),2023-04-02,Kg,69,108,88
Snake Gourd,2023-04-02,Kg,62,94,78
Sponge Gourd,2023-04-02,Kg,75,101,88
Pumpkin,2023-04-02,Kg,44,62,53
Squash(Long),2023-04-02,Kg,47,68,57
Okra,2023-04-02,Kg,88,104,96
Arum,2023-04-02,Kg,70,103,86
Barela,2023-04-02,Kg,51,69,60
Radish Red,2023-04-02,Kg,37,57,47
Mushroom(Button),2023-04-02,Kg,406,538,472
Mushroom(Kanya),2023-04-02,Kg,189,272,230
Spinach Leaf,2023-04-02,Kg,97,162,129
Mustard Leaf,2023-04-02,Kg,52,73,62
Coriander,2023-04-02,Kg,194,340,267
Garlic Dry Nepali,2023-04-02,Kg,254,339,296
Garlic Dry Chinese,2023-04-02,Kg,324,434,379
Ginger,2023-04-02,Kg,180,281,230
Chilly Green,2023-04-02,Kg,105,145,125
Capsicum,2023-04-02,Kg,126,164,145
Cucumber(Local),2023-04-02,Kg,71,121,96
Apple(Jholey),2023-04-02,Kg,171,308,239
Banana,2023-04-02,Dozen,113,172,142
Pomegranate,2023-04-02,Kg,300,417,358
Orange(Nepali),2023-04-02,Kg,91,171,131
Papaya(Indian),2023-04-02,Kg,101,132,116
Tomato Big(Nepali),2023-04-03,Kg,51,75,63
Tomato Small(Local),2023-04-03,Kg,36,65,50
Potato Red,2023-04-03,Kg,57,88,72
Potato White,2023-04-03,Kg,47,63,55
Onion Dry (Indian),2023-04-03,Kg,66,102,84
Carrot(Local),2023-04-03,Kg,102,131,116
Cabbage(Local),2023-04-03,Kg,39,59,49
Cauliflower Local,2023-04-03,Kg,59,105,82
Raddish White(Local),2023-04-03,Kg,24,42,33
Brinjal Long,2023-04-03,Kg,58,86,72
Cow pea(Long),2023-04-03,Kg,90,127,108
Green Peas,2023-04-03,Kg,145,188,166
French Bean(Local),2023-04-03,Kg,68,98,83
Bitter Gourd,2023-04-03,Kg,103,157,130
Bottle Gourd,2023-04-03,Kg,51,70,60
Pointed Gourd(Local),2023-04-03,Kg,75,120,97
Snake Gourd,2023-04-03,Kg,65,88,76
Sponge Gourd,2023-04-03,Kg,73,112,92
Pumpkin,2023-04-03,Kg,42,66,54
Squash(Long),2023-04-03,Kg,44,82,63
Okra,2023-04-03,Kg,80,112,96
Arum,2023-04-03,Kg,74,94,84
Barela,2023-04-03,Kg,47,71,59
Radish Red,2023-04-03,Kg,34,56,45
Mushroom(Button),2023-04-03,Kg,437,603,520
Mushroom(Kanya),2023-04-03,Kg,194,252,223
Spinach Leaf,2023-04-03,Kg,99,157,128
Mustard Leaf,2023-04-03,Kg,48,74,61
Coriander,2023-04-03,Kg,178,336,257
Garlic Dry Nepali,2023-04-03,Kg,257,341,299
Garlic Dry Chinese,2023-04-03,Kg,282,380,331
Ginger,2023-04-03,Kg,177,295,236
Chilly Green,2023-04-03,Kg,96,164,130
Capsicum,2023-04-03,Kg,109,186,147
Cucumber(Local),2023-04-03,Kg,72,104,88
Apple(Jholey),2023-04-03,Kg,176,340,258
Banana,2023-04-03,Dozen,115,183,149
Pomegranate,2023-04-03,Kg,303,457,380
Orange(Nepali),2023-04-03,Kg,97,178,137
Papaya(Indian),2023-04-03,Kg,105,142,123
Tomato Big(Nepali),2023-04-04,Kg,44,78,61
Tomato Small(Local),2023-04-04,Kg,34,68,51
Potato Red,2023-04-04,Kg,54,83,68
Potato White,2023-04-04,Kg,48,64,56
Onion Dry (Indian),2023-04-04,Kg,78,105,91
Carrot(Local),2023-04-04,Kg,104,142,123
Cabbage(Local),2023-04-04,Kg,32,61,46
Cauliflower Local,2023-04-04,Kg,63,102,82
Raddish White(Local),2023-04-04,Kg,22,47,34
Brinjal Long,2023-04-04,Kg,57,83,70
Cow pea(Long),2023-04-04,Kg,92,128,110
Green Peas,2023-04-04,Kg,148,201,174
French Bean(Local),2023-04-04,Kg,72,107,89
Bitter Gourd,2023-04-04,Kg,96,147,121
Bottle Gourd,2023-04-04,Kg,47,73,60
Pointed Gourd(Local),2023-04-04,Kg,71,121,96
Snake Gourd,2023-04-04,Kg,61,92,76
Sponge Gourd,2023-04-04,Kg,74,112,93
Pumpkin,2023-04-04,Kg,38,58,48
Squash(Long),2023-04-04,Kg,46,71,58
Okra,2023-04-04,Kg,82,122,102
Arum,2023-04-04,Kg,71,110,90
Barela,2023-04-04,Kg,44,66,55
Radish Red,2023-04-04,Kg,34,51,42
Mushroom(Button),2023-04-04,Kg,460,608,534
Mushroom(Kanya),2023-04-04,Kg,185,268,226
Spinach Leaf,2023-04-04,Kg,112,164,138
Mustard Leaf,2023-04-04,Kg,43,78,60
Coriander,2023-04-04,Kg,173,309,241
Garlic Dry Nepali,2023-04-04,Kg,229,325,277
Garlic Dry Chinese,2023-04-04,Kg,270,408,339
Ginger,2023-04-04,Kg,188,250,219
Chilly Green,2023-04-04,Kg,98,158,128
Capsicum,2023-04-04,Kg,117,188,152
Cucumber(Local),2023-04-04,Kg,68,115,91
Apple(Jholey),2023-04-04,Kg,192,323,257
Banana,2023-04-04,Dozen,117,186,151
Pomegranate,2023-04-04,Kg,293,481,387
Orange(Nepali),2023-04-04,Kg,92,175,133
Papaya(Indian),2023-04-04,Kg,100,144,122
Tomato Big(Nepali),2023-04-05,Kg,47,69,58
Tomato Small(Local),2023-04-05,Kg,37,61,49
Potato Red,2023-04-05,Kg,60,91,75
Potato White,2023-04-05,Kg,52,63,57
Onion Dry (Indian),2023-04-05,Kg,70,107,88
Carrot(Local),2023-04-05,Kg,103,139,121
Cabbage(Local),2023-04-05,Kg,36,54,45
Cauliflower Local,2023-04-05,Kg,55,99,77
Raddish White(Local),2023-04-05,Kg,23,47,35
Brinjal Long,2023-04-05,Kg,54,87,70
Cow pea(Long),2023-04-05,Kg,81,126,103
Green Peas,2023-04-05,Kg,132,186,159
French Bean(Local),2023-04-05,Kg,78,98,88
Bitter Gourd,2023-04-05,Kg,95,140,117
Bottle Gourd,2023-04-05,Kg,49,79,64
Pointed Gourd(Local),2023-04-05,Kg,65,120,92
Snake Gourd,2023-04-05,Kg,60,80,70
Sponge Gourd,2023-04-05,Kg,65,106,85
Pumpkin,2023-04-05,Kg,43,61,52
Squash(Long),2023-04-05,Kg,47,79,63
Okra,2023-04-05,Kg,91,114,102
Arum,2023-04-05,Kg,66,105,85
Barela,2023-04-05,Kg,49,63,56
Radish Red,2023-04-05,Kg,36,51,43
Mushroom(Button),2023-04-05,Kg,448,516,482
Mushroom(Kanya),2023-04-05,Kg,173,238,205
Spinach Leaf,2023-04-05,Kg,111,142,126
Mustard Leaf,2023-04-05,Kg,46,70,58
Coriander,2023-04-05,Kg,165,326,245
Garlic Dry Nepali,2023-04-05,Kg,236,339,287
Garlic Dry Chinese,2023-04-05,Kg,290,402,346
Ginger,2023-04-05,Kg,190,271,230
Chilly Green,2023-04-05,Kg,101,162,131
Capsicum,2023-04-05,Kg,121,190,155
Cucumber(Local),2023-04-05,Kg,73,118,95
Apple(Jholey),2023-04-05,Kg,185,332,258
Banana,2023-04-05,Dozen,112,189,150
Pomegranate,2023-04-05,Kg,303,399,351
Orange(Nepali),2023-04-05,Kg,97,155,126
Papaya(Indian),2023-04-05,Kg,97,128,112
Tomato Big(Nepali),2023-04-06,Kg,45,82,63
Tomato Small(Local),2023-04-06,Kg,33,65,49
Potato Red,2023-04-06,Kg,64,92,78
Potato White,2023-04-06,Kg,51,67,59
Onion Dry (Indian),2023-04-06,Kg,67,122,94
Carrot(Local),2023-04-06,Kg,86,147,116
Cabbage(Local),2023-04-06,Kg,37,53,45
Cauliflower Local,2023-04-06,Kg,64,97,80
Raddish White(Local),2023-04-06,Kg,24,39,31
Brinjal Long,2023-04-06,Kg,52,77,64
Cow pea(Long),2023-04-06,Kg,78,132,105
Green Peas,2023-04-06,Kg,152,186,169
French Bean(Local),2023-04-06,Kg,72,109,90
Bitter Gourd,2023-04-06,Kg,98,162,130
Bottle Gourd,2023-04-06,Kg,48,81,64
Pointed Gourd(Local),2023-04-06,Kg,68,120,94
Snake Gourd,2023-04-06,Kg,57,91,74
Sponge Gourd,2023-04-06,Kg,75,99,87
Pumpkin,2023-04-06,Kg,41,62,51
Squash(Long),2023-04-06,Kg,51,69,60
Okra,2023-04-06,Kg,78,105,91
Arum,2023-04-06,Kg,65,97,81
Barela,2023-04-06,Kg,43,65,54
Radish Red,2023-04-06,Kg,38,58,48
Mushroom(Button),2023-04-06,Kg,408,551,479
Mushroom(Kanya),2023-04-06,Kg,178,248,213
Spinach Leaf,2023-04-06,Kg,103,159,131
Mustard Leaf,2023-04-06,Kg,51,72,61
Coriander,2023-04-06,Kg,174,312,243
Garlic Dry Nepali,2023-04-06,Kg,226,342,284
Garlic Dry Chinese,2023-04-06,Kg,296,368,332
Ginger,2023-04-06,Kg,173,278,225
Chilly Green,2023-04-06,Kg,92,139,115
Capsicum,2023-04-06,Kg,124,179,151
Cucumber(Local),2023-04-06,Kg,77,122,99
Apple(Jholey),2023-04-06,Kg,189,327,258
Banana,2023-04-06,Dozen,111,175,143
Pomegranate,2023-04-06,Kg,287,475,381
Orange(Nepali),2023-04-06,Kg,101,157,129
Papaya(Indian),2023-04-06,Kg,93,132,112
Tomato Big(Nepali),2023-04-07,Kg,46,69,57
Tomato Small(Local),2023-04-07,Kg,38,64,51
Potato Red,2023-04-07,Kg,61,96,78
Potato White,2023-04-07,Kg,51,66,58
Onion Dry (Indian),2023-04-07,Kg,76,119,97
Carrot(Local),2023-04-07,Kg,91,139,115
Cabbage(Local),2023-04-07,Kg,37,54,45
Cauliflower Local,2023-04-07,Kg,55,105,80
Raddish White(Local),2023-04-07,Kg,26,43,34
Brinjal Long,2023-04-07,Kg,57,89,73
Cow pea(Long),2023-04-07,Kg,89,125,107
Green Peas,2023-04-07,Kg,144,175,159
French Bean(Local),2023-04-07,Kg,68,101,84
Bitter Gourd,2023-04-07,Kg,96,156,126
Bottle Gourd,2023-04-07,Kg,43,70,56
Pointed Gourd(Local),2023-04-07,Kg,70,114,92
Snake Gourd,2023-04-07,Kg,59,93,76
Sponge Gourd,2023-04-07,Kg,67,103,85
Pumpkin,2023-04-07,Kg,41,65,53
Squash(Long),2023-04-07,Kg,46,76,61
Okra,2023-04-07,Kg,85,108,96
Arum,2023-04-07,Kg,75,108,91
Barela,2023-04-07,Kg,46,70,58
Radish Red,2023-04-07,Kg,37,60,48
Mushroom(Button),2023-04-07,Kg,416,589,502
Mushroom(Kanya),2023-04-07,Kg,181,249,215
Spinach Leaf,2023-04-07,Kg,98,163,130
Mustard Leaf,2023-04-07,Kg,50,73,61
Coriander,2023-04-07,Kg,164,329,246
Garlic Dry Nepali,2023-04-07,Kg,251,372,311
Garlic Dry Chinese,2023-04-07,Kg,306,371,338
Ginger,2023-04-07,Kg,190,252,221
Chilly Green,2023-04-07,Kg,100,151,125
Capsicum,2023-04-07,Kg,115,170,142
Cucumber(Local),2023-04-07,Kg,71,113,92
Apple(Jholey),2023-04-07,Kg,181,308,244
Banana,2023-04-07,Dozen,114,170,142
Pomegranate,2023-04-07,Kg,295,401,348
Orange(Nepali),2023-04-07,Kg,93,159,126
Papaya(Indian),2023-04-07,Kg,95,147,121
Tomato Big(Nepali),2023-04-08,Kg,45,79,62
Tomato Small(Local),2023-04-08,Kg,37,63,50
Potato Red,2023-04-08,Kg,56,90,73
Potato White,2023-04-08,Kg,47,65,56
Onion Dry (Indian),2023-04-08,Kg,69,106,87
Carrot(Local),2023-04-08,Kg,89,148,118
Cabbage(Local),2023-04-08,Kg,32,53,42
Cauliflower Local,2023-04-08,Kg,55,97,76
Raddish White(Local),2023-04-08,Kg,24,44,34
Brinjal Long,2023-04-08,Kg,51,76,63
Cow pea(Long),2023-04-08,Kg,81,131,106
Green Peas,2023-04-08,Kg,139,180,159
French Bean(Local),2023-04-08,Kg,64,108,86
Bitter Gourd,2023-04-08,Kg,96,146,121
Bottle Gourd,2023-04-08,Kg,43,81,62
Pointed Gourd(Local),2023-04-08,Kg,75,109,92
Snake Gourd,2023-04-08,Kg,62,94,78
Sponge Gourd,2023-04-08,Kg,71,106,88
Pumpkin,2023-04-08,Kg,41,68,54
Squash(Long),2023-04-08,Kg,51,75,63
Okra,2023-04-08,Kg,90,108,99
Arum,2023-04-08,Kg,70,105,87
Barela,2023-04-08,Kg,51,68,59
Radish Red,2023-04-08,Kg,33,59,46
Mushroom(Button),2023-04-08,Kg,427,552,489
Mushroom(Kanya),2023-04-08,Kg,165,275,220
Spinach Leaf,2023-04-08,Kg,97,160,128
Mustard Leaf,2023-04-08,Kg,44,72,58
Coriander,2023-04-08,Kg,162,339,250
Garlic Dry Nepali,2023-04-08,Kg,253,323,288
Garlic Dry Chinese,2023-04-08,Kg,284,413,348
Ginger,2023-04-08,Kg,164,281,222
Chilly Green,2023-04-08,Kg,89,153,121
Capsicum,2023-04-08,Kg,109,178,143
Cucumber(Local),2023-04-08,Kg,75,113,94
Apple(Jholey),2023-04-08,Kg,171,299,235
Banana,2023-04-08,Dozen,129,174,151
Pomegranate,2023-04-08,Kg,304,440,372
Orange(Nepali),2023-04-08,Kg,93,155,124
Papaya(Indian),2023-04-08,Kg,97,136,116
Tomato Big(Nepali),2023-04-09,Kg,44,79,61
Tomato Small(Local),2023-04-09,Kg,38,65,51
Potato Red,2023-04-09,Kg,64,85,74
Potato White,2023-04-09,Kg,51,74,62
Onion Dry (Indian),2023-04-09,Kg,73,119,96
Carrot(Local),2023-04-09,Kg,102,129,115
Cabbage(Local),2023-04-09,Kg,38,57,47
Cauliflower Local,2023-04-09,Kg,61,106,83
Raddish White(Local),2023-04-09,Kg,23,40,31
Brinjal Long,2023-04-09,Kg,49,77,63
Cow pea(Long),2023-04-09,Kg,91,129,110
Green Peas,2023-04-09,Kg,137,206,171
French Bean(Local),2023-04-09,Kg,73,109,91
Bitter Gourd,2023-04-09,Kg,91,163,127
Bottle Gourd,2023-04-09,Kg,46,80,63
Pointed Gourd(Local),2023-04-09,Kg,78,115,96
Snake Gourd,2023-04-09,Kg,56,94,75
Sponge Gourd,2023-04-09,Kg,72,103,87
Pumpkin,2023-04-09,Kg,41,64,52
Squash(Long),2023-04-09,Kg,43,76,59
Okra,2023-04-09,Kg,81,104,92
Arum,2023-04-09,Kg,75,107,91
Barela,2023-04-09,Kg,47,72,59
Radish Red,2023-04-09,Kg,36,53,44
Mushroom(Button),2023-04-09,Kg,434,566,500
Mushroom(Kanya),2023-04-09,Kg,165,272,218
Spinach Leaf,2023-04-09,Kg,103,142,122
Mustard Leaf,2023-04-09,Kg,44,69,56
Coriander,2023-04-09,Kg,168,320,244
Garlic Dry Nepali,2023-04-09,Kg,216,353,284
Garlic Dry Chinese,2023-04-09,Kg,279,374,326
Ginger,2023-04-09,Kg,190,268,229
Chilly Green,2023-04-09,Kg,91,150,120
Capsicum,2023-04-09,Kg,113,181,147
Cucumber(Local),2023-04-09,Kg,67,107,87
Apple(Jholey),2023-04-09,Kg,185,336,260
Banana,2023-04-09,Dozen,130,182,156
Pomegranate,2023-04-09,Kg,296,437,366
Orange(Nepali),2023-04-09,Kg,95,157,126
Papaya(Indian),2023-04-09,Kg,98,143,120
Tomato Big(Nepali),2023-04-10,Kg,48,69,58
Tomato Small(Local),2023-04-10,Kg,36,60,48
Potato Red,2023-04-10,Kg,58,93,75
Potato White,2023-04-10,Kg,46,66,56
Onion Dry (Indian),2023-04-10,Kg,78,104,91
Carrot(Local),2023-04-10,Kg,93,135,114
Cabbage(Local),2023-04-10,Kg,35,61,48
Cauliflower Local,2023-04-10,Kg,57,103,80
Raddish White(Local),2023-04-10,Kg,24,47,35
Brinjal Long,2023-04-10,Kg,48,84,66
Cow pea(Long),2023-04-10,Kg,84,124,104
Green Peas,2023-04-10,Kg,137,203,170
French Bean(Local),2023-04-10,Kg,75,109,92
Bitter Gourd,2023-04-10,Kg,98,139,118
Bottle Gourd,2023-04-10,Kg,50,80,65
Pointed Gourd(Local),2023-04-10,Kg,72,107,89
Snake Gourd,2023-04-10,Kg,56,88,72
Sponge Gourd,2023-04-10,Kg,76,117,96
Pumpkin,2023-04-10,Kg,39,63,51
Squash(Long),2023-04-10,Kg,47,79,63
Okra,2023-04-10,Kg,78,113,95
Arum,2023-04-10,Kg,74,101,87
Barela,2023-04-10,Kg,43,70,56
Radish Red,2023-04-10,Kg,37,60,48
Mushroom(Button),2023-04-10,Kg,399,548,473
Mushroom(Kanya),2023-04-10,Kg,176,253,214
Spinach Leaf,2023-04-10,Kg,101,145,123
Mustard Leaf,2023-04-10,Kg,46,70,58
Coriander,2023-04-10,Kg,185,297,241
Garlic Dry Nepali,2023-04-10,Kg,252,327,289
Garlic Dry Chinese,2023-04-10,Kg,276,393,334
Ginger,2023-04-10,Kg,189,261,225
Chilly Green,2023-04-10,Kg,91,157,124
Capsicum,2023-04-10,Kg,121,169,145
Cucumber(Local),2023-04-10,Kg,77,104,90
Apple(Jholey),2023-04-10,Kg,173,303,238
Banana,2023-04-10,Dozen,126,159,142
Pomegranate,2023-04-10,Kg,271,481,376
Orange(Nepali),2023-04-10,Kg,102,172,137
Papaya(Indian),2023-04-10,Kg,88,138,113
Tomato Big(Nepali),2023-04-11,Kg,50,71,60
Tomato Small(Local),2023-04-11,Kg,35,64,49
Potato Red,2023-04-11,Kg,64,80,72
Potato White,2023-04-11,Kg,49,67,58
Onion Dry (Indian),2023-04-11,Kg,69,103,86
Carrot(Local),2023-04-11,Kg,103,145,124
Cabbage(Local),2023-04-11,Kg,34,61,47
Cauliflower Local,2023-04-11,Kg,64,92,78
Raddish White(Local),2023-04-11,Kg,23,45,34
Brinjal Long,2023-04-11,Kg,55,83,69
Cow pea(Long),2023-04-11,Kg,88,128,108
Green Peas,2023-04-11,Kg,152,202,177
French Bean(Local),2023-04-11,Kg,67,105,86
Bitter Gourd,2023-04-11,Kg,92,149,120
Bottle Gourd,2023-04-11,Kg,49,71,60
Pointed Gourd(Local),2023-04-11,Kg,71,113,92
Snake Gourd,2023-04-11,Kg,60,80,70
Sponge Gourd,2023-04-11,Kg,78,113,95
Pumpkin,2023-04-11,Kg,45,59,52
Squash(Long),2023-04-11,Kg,50,79,64
Okra,2023-04-11,Kg,86,111,98
Arum,2023-04-11,Kg,67,101,84
Barela,2023-04-11,Kg,43,74,58
Radish Red,2023-04-11,Kg,37,57,47
Mushroom(Button),2023-04-11,Kg,401,587,494
Mushroom(Kanya),2023-04-11,Kg,180,271,225
Spinach Leaf,2023-04-11,Kg,111,155,133
Mustard Leaf,2023-04-11,Kg,50,68,59
Coriander,2023-04-11,Kg,195,313,254
Garlic Dry Nepali,2023-04-11,Kg,223,358,290
Garlic Dry Chinese,2023-04-11,Kg,326,429,377
Ginger,2023-04-11,Kg,190,291,240
Chilly Green,2023-04-11,Kg,88,146,117
Capsicum,2023-04-11,Kg,118,181,149
Cucumber(Local),2023-04-11,Kg,68,117,92
Apple(Jholey),2023-04-11,Kg,193,292,242
Banana,2023-04-11,Dozen,122,178,150
Pomegranate,2023-04-11,Kg,292,411,351
Orange(Nepali),2023-04-11,Kg,103,162,132
Papaya(Indian),2023-04-11,Kg,96,149,122
Tomato Big(Nepali),2023-04-12,Kg,51,69,60
Tomato Small(Local),2023-04-12,Kg,33,67,50
Potato Red,2023-04-12,Kg,59,91,75
Potato White,2023-04-12,Kg,45,69,57
Onion Dry (Indian),2023-04-12,Kg,72,117,94
Carrot(Local),2023-04-12,Kg,92,145,118
Cabbage(Local),2023-04-12,Kg,39,57,48
Cauliflower Local,2023-04-12,Kg,61,106,83
Raddish White(Local),2023-04-12,Kg,25,47,36
Brinjal Long,2023-04-12,Kg,48,82,65
Cow pea(Long),2023-04-12,Kg,78,133,105
Green Peas,2023-04-12,Kg,137,177,157
French Bean(Local),2023-04-12,Kg,77,116,96
Bitter Gourd,2023-04-12,Kg,86,153,119
Bottle Gourd,2023-04-12,Kg,43,72,57
Pointed Gourd(Local),2023-04-12,Kg,71,117,94
Snake Gourd,2023-04-12,Kg,65,83,74
Sponge Gourd,2023-04-12,Kg,71,116,93
Pumpkin,2023-04-12,Kg,43,60,51
Squash(Long),2023-04-12,Kg,51,73,62
Okra,2023-04-12,Kg,81,116,98
Arum,2023-04-12,Kg,65,104,84
Barela,2023-04-12,Kg,47,68,57
Radish Red,2023-04-12,Kg,32,53,42
Mushroom(Button),2023-04-12,Kg,449,592,520
Mushroom(Kanya),2023-04-12,Kg,189,234,211
Spinach Leaf,2023-04-12,Kg,98,154,126
Mustard Leaf,2023-04-12,Kg,48,77,62
Coriander,2023-04-12,Kg,164,313,238
Garlic Dry Nepali,2023-04-12,Kg,257,370,313
Garlic Dry Chinese,2023-04-12,Kg,310,395,352
Ginger,2023-04-12,Kg,190,276,233
Chilly Green,2023-04-12,Kg,96,151,123
Capsicum,2023-04-12,Kg,117,164,140
Cucumber(Local),2023-04-12,Kg,75,111,93
Apple(Jholey),2023-04-12,Kg,186,295,240
Banana,2023-04-12,Dozen,117,170,143
Pomegranate,2023-04-12,Kg,313,433,373
Orange(Nepali),2023-04-12,Kg,91,151,121
Papaya(Indian),2023-04-12,Kg,96,147,121
Tomato Big(Nepali),2023-04-13,Kg,49,70,59
Tomato Small(Local),2023-04-13,Kg,39,61,50
Potato Red,2023-04-13,Kg,62,82,72
Potato White,2023-04-13,Kg,51,69,60
Onion Dry (Indian),2023-04-13,Kg,70,121,95
Carrot(Local),2023-04-13,Kg,99,139,119
Cabbage(Local),2023-04-13,Kg,33,54,43
Cauliflower Local,2023-04-13,Kg,65,92,78
Raddish White(Local),2023-04-13,Kg,24,40,32
Brinjal Long,2023-04-13,Kg,54,87,70
Cow pea(Long),2023-04-13,Kg,90,120,105
Green Peas,2023-04-13,Kg,142,178,160
French Bean(Local),2023-04-13,Kg,76,111,93
Bitter Gourd,2023-04-13,Kg,100,164,132
Bottle Gourd,2023-04-13,Kg,49,74,61
Pointed Gourd(Local),2023-04-13,Kg,72,117,94
Snake Gourd,2023-04-13,Kg,62,82,72
Sponge Gourd,2023-04-13,Kg,74,113,93
Pumpkin,2023-04-13,Kg,43,64,53
Squash(Long),2023-04-13,Kg,51,70,60
Okra,2023-04-13,Kg,82,112,97
Arum,2023-04-13,Kg,65,104,84
Barela,2023-04-13,Kg,46,65,55
Radish Red,2023-04-13,Kg,39,61,50
Mushroom(Button),2023-04-13,Kg,445,524,484
Mushroom(Kanya),2023-04-13,Kg,191,250,220
Spinach Leaf,2023-04-13,Kg,114,139,126
Mustard Leaf,2023-04-13,Kg,50,69,59
Coriander,2023-04-13,Kg,176,315,245
Garlic Dry Nepali,2023-04-13,Kg,249,322,285
Garlic Dry Chinese,2023-04-13,Kg,285,396,340
Ginger,2023-04-13,Kg,186,256,221
Chilly Green,2023-04-13,Kg,95,162,128
Capsicum,2023-04-13,Kg,122,173,147
Cucumber(Local),2023-04-13,Kg,77,108,92
Apple(Jholey),2023-04-13,Kg,182,328,255
Banana,2023-04-13,Dozen,108,180,144
Pomegranate,2023-04-13,Kg,323,430,376
Orange(Nepali),2023-04-13,Kg,87,150,118
Papaya(Indian),2023-04-13,Kg,90,145,117
Tomato Big(Nepali),2023-04-14,Kg,46,77,61
Tomato Small(Local),2023-04-14,Kg,35,65,50
Potato Red,2023-04-14,Kg,59,91,75
Potato White,2023-04-14,Kg,46,67,56
Onion Dry (Indian),2023-04-14,Kg,70,108,89
Carrot(Local),2023-04-14,Kg,102,128,115
Cabbage(Local),2023-04-14,Kg,36,53,44
Cauliflower Local,2023-04-14,Kg,56,106,81
Raddish White(Local),2023-04-14,Kg,22,47,34
Brinjal Long,2023-04-14,Kg,48,76,62
Cow pea(Long),2023-04-14,Kg,81,129,105
Green Peas,2023-04-14,Kg,150,186,168
French Bean(Local),2023-04-14,Kg,65,103,84
Bitter Gourd,2023-04-14,Kg,93,138,115
Bottle Gourd,2023-04-14,Kg,45,70,57
Pointed Gourd(Local),2023-04-14,Kg,65,116,90
Snake Gourd,2023-04-14,Kg,64,88,76
Sponge Gourd,2023-04-14,Kg,69,102,85
Pumpkin,2023-04-14,Kg,45,60,52
Squash(Long),2023-04-14,Kg,44,72,58
Okra,2023-04-14,Kg,83,122,102
Arum,2023-04-14,Kg,78,106,92
Barela,2023-04-14,Kg,48,64,56
Radish Red,2023-04-14,Kg,32,61,46
Mushroom(Button),2023-04-14,Kg,399,523,461
Mushroom(Kanya),2023-04-14,Kg,162,244,203
Spinach Leaf,2023-04-14,Kg,97,157,127
Mustard Leaf,2023-04-14,Kg,49,74,61
Coriander,2023-04-14,Kg,182,328,255
Garlic Dry Nepali,2023-04-14,Kg,238,366,302
Garlic Dry Chinese,2023-04-14,Kg,315,396,355
Ginger,2023-04-14,Kg,174,266,220
Chilly Green,2023-04-14,Kg,91,142,116
Capsicum,2023-04-14,Kg,111,184,147
Cucumber(Local),2023-04-14,Kg,68,110,89
Apple(Jholey),2023-04-14,Kg,192,325,258
Banana,2023-04-14,Dozen,107,169,138
Pomegranate,2023-04-14,Kg,275,431,353
Orange(Nepali),2023-04-14,Kg,91,165,128
Papaya(Indian),2023-04-14,Kg,91,146,118
Tomato Big(Nepali),2023-04-15,Kg,52,79,65
Tomato Small(Local),2023-04-15,Kg,38,63,50
Potato Red,2023-04-15,Kg,54,85,69
Potato White,2023-04-15,Kg,46,62,54
Onion Dry (Indian),2023-04-15,Kg,65,102,83
Carrot(Local),2023-04-15,Kg,88,129,108
Cabbage(Local),2023-04-15,Kg,34,55,44
Cauliflower Local,2023-04-15,Kg,57,104,80
Raddish White(Local),2023-04-15,Kg,25,40,32
Brinjal Long,2023-04-15,Kg,50,81,65
Cow pea(Long),2023-04-15,Kg,84,114,99
Green Peas,2023-04-15,Kg,148,173,160
French Bean(Local),2023-04-15,Kg,77,103,90
Bitter Gourd,2023-04-15,Kg,95,158,126
Bottle Gourd,2023-04-15,Kg,47,79,63
Pointed Gourd(Local),2023-04-15,Kg,68,103,85
Snake Gourd,2023-04-15,Kg,61,81,71
Sponge Gourd,2023-04-15,Kg,65,116,90
Pumpkin,2023-04-15,Kg,44,64,54
Squash(Long),2023-04-15,Kg,46,73,59
Okra,2023-04-15,Kg,76,114,95
Arum,2023-04-15,Kg,69,105,87
Barela,2023-04-15,Kg,46,75,60
Radish Red,2023-04-15,Kg,35,54,44
Mushroom(Button),2023-04-15,Kg,398,605,501
Mushroom(Kanya),2023-04-15,Kg,183,234,208
Spinach Leaf,2023-04-15,Kg,103,137,120
Mustard Leaf,2023-04-15,Kg,50,73,61
Coriander,2023-04-15,Kg,179,319,249
Garlic Dry Nepali,2023-04-15,Kg,260,365,312
Garlic Dry Chinese,2023-04-15,Kg,305,372,338
Ginger,2023-04-15,Kg,191,257,224
Chilly Green,2023-04-15,Kg,93,137,115
Capsicum,2023-04-15,Kg,111,165,138
Cucumber(Local),2023-04-15,Kg,67,102,84
Apple(Jholey),2023-04-15,Kg,186,334,260
Banana,2023-04-15,Dozen,115,164,139
Pomegranate,2023-04-15,Kg,300,417,358
Orange(Nepali),2023-04-15,Kg,96,149,122
Papaya(Indian),2023-04-15,Kg,91,135,113
Tomato Big(Nepali),2023-04-16,Kg,52,73,62
Tomato Small(Local),2023-04-16,Kg,35,66,50
Potato Red,2023-04-16,Kg,61,84,72
Potato White,2023-04-16,Kg,50,74,62
Onion Dry (Indian),2023-04-16,Kg,73,105,89
Carrot(Local),2023-04-16,Kg,95,150,122
Cabbage(Local),2023-04-16,Kg,38,61,49
Cauliflower Local,2023-04-16,Kg,63,106,84
Raddish White(Local),2023-04-16,Kg,24,47,35
Brinjal Long,2023-04-16,Kg,56,77,66
Cow pea(Long),2023-04-16,Kg,87,115,101
Green Peas,2023-04-16,Kg,133,202,167
French Bean(Local),2023-04-16,Kg,75,97,86
Bitter Gourd,2023-04-16,Kg,94,150,122
Bottle Gourd,2023-04-16,Kg,43,68,55
Pointed Gourd(Local),2023-04-16,Kg,73,108,90
Snake Gourd,2023-04-16,Kg,64,88,76
Sponge Gourd,2023-04-16,Kg,71,109,90
Pumpkin,2023-04-16,Kg,38,61,49
Squash(Long),2023-04-16,Kg,46,81,63
Okra,2023-04-16,Kg,81,106,93
Arum,2023-04-16,Kg,78,105,91
Barela,2023-04-16,Kg,46,64,55
Radish Red,2023-04-16,Kg,38,57,47
Mushroom(Button),2023-04-16,Kg,443,557,500
Mushroom(Kanya),2023-04-16,Kg,193,259,226
Spinach Leaf,2023-04-16,Kg,115,150,132
Mustard Leaf,2023-04-16,Kg,49,78,63
Coriander,2023-04-16,Kg,174,304,239
Garlic Dry Nepali,2023-04-16,Kg,239,327,283
Garlic Dry Chinese,2023-04-16,Kg,290,387,338
Ginger,2023-04-16,Kg,166,260,213
Chilly Green,2023-04-16,Kg,98,159,128
Capsicum,2023-04-16,Kg,114,183,148
Cucumber(Local),2023-04-16,Kg,74,117,95
Apple(Jholey),2023-04-16,Kg,194,332,263
Banana,2023-04-16,Dozen,115,170,142
Pomegranate,2023-04-16,Kg,297,475,386
Orange(Nepali),2023-04-16,Kg,91,150,120
Papaya(Indian),2023-04-16,Kg,99,129,114
Tomato Big(Nepali),2023-04-17,Kg,51,81,66
Tomato Small(Local),2023-04-17,Kg,34,60,47
Potato Red,2023-04-17,Kg,63,85,74
Potato White,2023-04-17,Kg,46,73,59
Onion Dry (Indian),2023-04-17,Kg,64,121,92
Carrot(Local),2023-04-17,Kg,87,141,114
Cabbage(Local),2023-04-17,Kg,37,57,47
Cauliflower Local,2023-04-17,Kg,53,104,78
Raddish White(Local),2023-04-17,Kg,25,40,32
Brinjal Long,2023-04-17,Kg,55,87,71
Cow pea(Long),2023-04-17,Kg,86,122,104
Green Peas,2023-04-17,Kg,137,198,167
French Bean(Local),2023-04-17,Kg,68,100,84
Bitter Gourd,2023-04-17,Kg,98,155,126
Bottle Gourd,2023-04-17,Kg,47,71,59
Pointed Gourd(Local),2023-04-17,Kg,78,116,97
Snake Gourd,2023-04-17,Kg,62,94,78
Sponge Gourd,2023-04-17,Kg,65,109,87
Pumpkin,2023-04-17,Kg,42,62,52
Squash(Long),2023-04-17,Kg,51,77,64
Okra,2023-04-17,Kg,84,112,98
Arum,2023-04-17,Kg,67,93,80
Barela,2023-04-17,Kg,46,74,60
Radish Red,2023-04-17,Kg,37,60,48
Mushroom(Button),2023-04-17,Kg,388,599,493
Mushroom(Kanya),2023-04-17,Kg,194,268,231
Spinach Leaf,2023-04-17,Kg,107,150,128
Mustard Leaf,2023-04-17,Kg,49,79,64
Coriander,2023-04-17,Kg,166,291,228
Garlic Dry Nepali,2023-04-17,Kg,216,318,267
Garlic Dry Chinese,2023-04-17,Kg,273,385,329
Ginger,2023-04-17,Kg,181,250,215
Chilly Green,2023-04-17,Kg,92,138,115
Capsicum,2023-04-17,Kg,129,188,158
Cucumber(Local),2023-04-17,Kg,74,110,92
Apple(Jholey),2023-04-17,Kg,167,330,248
Banana,2023-04-17,Dozen,125,189,157
Pomegranate,2023-04-17,Kg,323,418,370
Orange(Nepali),2023-04-17,Kg,89,171,130
Papaya(Indian),2023-04-17,Kg,101,126,113
Tomato Big(Nepali),2023-04-18,Kg,46,77,61
Tomato Small(Local),2023-04-18,Kg,33,67,50
Potato Red,2023-04-18,Kg,59,85,72
Potato White,2023-04-18,Kg,50,69,59
Onion Dry (Indian),2023-04-18,Kg,69,118,93
Carrot(Local),2023-04-18,Kg,99,134,116
Cabbage(Local),2023-04-18,Kg,33,52,42
Cauliflower Local,2023-04-18,Kg,63,105,84
Raddish White(Local),2023-04-18,Kg,23,41,32
Brinjal Long,2023-04-18,Kg,57,77,67
Cow pea(Long),2023-04-18,Kg,91,134,112
Green Peas,2023-04-18,Kg,141,197,169
French Bean(Local),2023-04-18,Kg,77,112,94
Bitter Gourd,2023-04-18,Kg,95,157,126
Bottle Gourd,2023-04-18,Kg,45,71,58
Pointed Gourd(Local),2023-04-18,Kg,76,106,91
Snake Gourd,2023-04-18,Kg,62,86,74
Sponge Gourd,2023-04-18,Kg,74,100,87
Pumpkin,2023-04-18,Kg,45,62,53
Squash(Long),2023-04-18,Kg,46,82,64
Okra,2023-04-18,Kg,80,113,96
Arum,2023-04-18,Kg,65,91,78
Barela,2023-04-18,Kg,51,69,60
Radish Red,2023-04-18,Kg,34,57,45
Mushroom(Button),2023-04-18,Kg,444,511,477
Mushroom(Kanya),2023-04-18,Kg,178,259,218
Spinach Leaf,2023-04-18,Kg,113,145,129
Mustard Leaf,2023-04-18,Kg,47,70,58
Coriander,2023-04-18,Kg,190,299,244
Garlic Dry Nepali,2023-04-18,Kg,257,370,313
Garlic Dry Chinese,2023-04-18,Kg,309,366,337
Ginger,2023-04-18,Kg,178,279,228
Chilly Green,2023-04-18,Kg,97,141,119
Capsicum,2023-04-18,Kg,123,163,143
Cucumber(Local),2023-04-18,Kg,67,118,92
Apple(Jholey),2023-04-18,Kg,182,311,246
Banana,2023-04-18,Dozen,124,169,146
Pomegranate,2023-04-18,Kg,324,454,389
Orange(Nepali),2023-04-18,Kg,97,161,129
Papaya(Indian),2023-04-18,Kg,93,135,114
Tomato Big(Nepali),2023-04-19,Kg,47,75,61
Tomato Small(Local),2023-04-19,Kg,38,58,48
Potato Red,2023-04-19,Kg,60,88,74
Potato White,2023-04-19,Kg,43,65,54
Onion Dry (Indian),2023-04-19,Kg,68,122,95
Carrot(Local),2023-04-19,Kg,104,147,125
Cabbage(Local),2023-04-19,Kg,33,51,42
Cauliflower Local,2023-04-19,Kg,61,92,76
Raddish White(Local),2023-04-19,Kg,25,42,33
Brinjal Long,2023-04-19,Kg,50,84,67
Cow pea(Long),2023-04-19,Kg,78,131,104
Green Peas,2023-04-19,Kg,154,191,172
French Bean(Local),2023-04-19,Kg,68,100,84
Bitter Gourd,2023-04-19,Kg,99,137,118
Bottle Gourd,2023-04-19,Kg,44,81,62
Pointed Gourd(Local),2023-04-19,Kg,72,104,88
Snake Gourd,2023-04-19,Kg,63,94,78
Sponge Gourd,2023-04-19,Kg,69,99,84
Pumpkin,2023-04-19,Kg,38,58,48
Squash(Long),2023-04-19,Kg,44,74,59
Okra,2023-04-19,Kg,84,109,96
Arum,2023-04-19,Kg,65,96,80
Barela,2023-04-19,Kg,49,69,59
Radish Red,2023-04-19,Kg,35,58,46
Mushroom(Button),2023-04-19,Kg,446,535,490
Mushroom(Kanya),2023-04-19,Kg,172,238,205
Spinach Leaf,2023-04-19,Kg,115,144,129
Mustard Leaf,2023-04-19,Kg,51,70,60
Coriander,2023-04-19,Kg,187,297,242
Garlic Dry Nepali,2023-04-19,Kg,246,355,300
Garlic Dry Chinese,2023-04-19,Kg,286,384,335
Ginger,2023-04-19,Kg,169,276,222
Chilly Green,2023-04-19,Kg,93,160,126
Capsicum,2023-04-19,Kg,116,160,138
Cucumber(Local),2023-04-19,Kg,74,115,94
Apple(Jholey),2023-04-19,Kg,161,340,250
Banana,2023-04-19,Dozen,130,162,146
Pomegranate,2023-04-19,Kg,285,462,373
Orange(Nepali),2023-04-19,Kg,100,150,125
Papaya(Indian),2023-04-19,Kg,94,138,116
Tomato Big(Nepali),2023-04-20,Kg,50,77,63
Tomato Small(Local),2023-04-20,Kg,34,61,47
Potato Red,2023-04-20,Kg,57,84,70
Potato White,2023-04-20,Kg,49,68,58
Onion Dry (Indian),2023-04-20,Kg,77,120,98
Carrot(Local),2023-04-20,Kg,100,138,119
Cabbage(Local),2023-04-20,Kg,39,61,50
Cauliflower Local,2023-04-20,Kg,55,95,75
Raddish White(Local),2023-04-20,Kg,23,46,34
Brinjal Long,2023-04-20,Kg,53,79,66
Cow pea(Long),2023-04-20,Kg,86,123,104
Green Peas,2023-04-20,Kg,132,196,164
French Bean(Local),2023-04-20,Kg,68,98,83
Bitter Gourd,2023-04-20,Kg,98,149,123
Bottle Gourd,2023-04-20,Kg,51,75,63
Pointed Gourd(Local),2023-04-20,Kg,73,121,97
Snake Gourd,2023-04-20,Kg,64,82,73
Sponge Gourd,2023-04-20,Kg,71,114,92
Pumpkin,2023-04-20,Kg,40,59,49
Squash(Long),2023-04-20,Kg,46,79,62
Okra,2023-04-20,Kg,79,110,94
Arum,2023-04-20,Kg,70,96,83
Barela,2023-04-20,Kg,51,64,57
Radish Red,2023-04-20,Kg,38,61,49
Mushroom(Button),2023-04-20,Kg,429,516,472
Mushroom(Kanya),2023-04-20,Kg,185,242,213
Spinach Leaf,2023-04-20,Kg,107,162,134
Mustard Leaf,2023-04-20,Kg,43,69,56
Coriander,2023-04-20,Kg,181,291,236
Garlic Dry Nepali,2023-04-20,Kg,244,364,304
Garlic Dry Chinese,2023-04-20,Kg,305,426,365
Ginger,2023-04-20,Kg,182,276,229
Chilly Green,2023-04-20,Kg,92,152,122
Capsicum,2023-04-20,Kg,128,180,154
Cucumber(Local),2023-04-20,Kg,76,109,92
Apple(Jholey),2023-04-20,Kg,182,298,240
Banana,2023-04-20,Dozen,113,181,147
Pomegranate,2023-04-20,Kg,317,412,364
Orange(Nepali),2023-04-20,Kg,103,156,129
Papaya(Indian),2023-04-20,Kg,98,137,117
Tomato Big(Nepali),2023-04-21,Kg,46,68,57
Tomato Small(Local),2023-04-21,Kg,32,58,45
Potato Red,2023-04-21,Kg,60,80,70
Potato White,2023-04-21,Kg,42,69,55
Onion Dry (Indian),2023-04-21,Kg,68,121,94
Carrot(Local),2023-04-21,Kg,87,147,117
Cabbage(Local),2023-04-21,Kg,36,56,46
Cauliflower Local,2023-04-21,Kg,61,106,83
Raddish White(Local),2023-04-21,Kg,22,41,31
Brinjal Long,2023-04-21,Kg,55,88,71
Cow pea(Long),2023-04-21,Kg,87,125,106
Green Peas,2023-04-21,Kg,132,199,165
French Bean(Local),2023-04-21,Kg,70,103,86
Bitter Gourd,2023-04-21,Kg,86,161,123
Bottle Gourd,2023-04-21,Kg,52,80,66
Pointed Gourd(Local),2023-04-21,Kg,68,113,90
Snake Gourd,2023-04-21,Kg,60,80,70
Sponge Gourd,2023-04-21,Kg,72,109,90
Pumpkin,2023-04-21,Kg,41,61,51
Squash(Long),2023-04-21,Kg,46,69,57
Okra,2023-04-21,Kg,85,102,93
Arum,2023-04-21,Kg,69,93,81
Barela,2023-04-21,Kg,48,73,60
Radish Red,2023-04-21,Kg,33,59,46
Mushroom(Button),2023-04-21,Kg,443,556,499
Mushroom(Kanya),2023-04-21,Kg,169,234,201
Spinach Leaf,2023-04-21,Kg,110,141,125
Mustard Leaf,2023-04-21,Kg,46,67,56
Coriander,2023-04-21,Kg,186,284,235
Garlic Dry Nepali,2023-04-21,Kg,218,339,278
Garlic Dry Chinese,2023-04-21,Kg,293,403,348
Ginger,2023-04-21,Kg,165,261,213
Chilly Green,2023-04-21,Kg,87,152,119
Capsicum,2023-04-21,Kg,114,160,137
Cucumber(Local),2023-04-21,Kg,71,102,86
Apple(Jholey),2023-04-21,Kg,195,313,254
Banana,2023-04-21,Dozen,112,179,145
Pomegranate,2023-04-21,Kg,290,429,359
Orange(Nepali),2023-04-21,Kg,99,160,129
Papaya(Indian),2023-04-21,Kg,93,131,112
Tomato Big(Nepali),2023-04-22,Kg,43,68,55
Tomato Small(Local),2023-04-22,Kg,32,62,47
Potato Red,2023-04-22,Kg,53,94,73
Potato White,2023-04-22,Kg,51,64,57
Onion Dry (Indian),2023-04-22,Kg,67,106,86
Carrot(Local),2023-04-22,Kg,88,130,109
Cabbage(Local),2023-04-22,Kg,34,59,46
Cauliflower Local,2023-04-22,Kg,59,100,79
Raddish White(Local),2023-04-22,Kg,23,42,32
Brinjal Long,2023-04-22,Kg,54,74,64
Cow pea(Long),2023-04-22,Kg,81,125,103
Green Peas,2023-04-22,Kg,130,204,167
French Bean(Local),2023-04-22,Kg,70,98,84
Bitter Gourd,2023-04-22,Kg,96,146,121
Bottle Gourd,2023-04-22,Kg,45,74,59
Pointed Gourd(Local),2023-04-22,Kg,74,109,91
Snake Gourd,2023-04-22,Kg,57,90,73
Sponge Gourd,2023-04-22,Kg,66,106,86
Pumpkin,2023-04-22,Kg,39,66,52
Squash(Long),2023-04-22,Kg,45,70,57
Okra,2023-04-22,Kg,80,114,97
Arum,2023-04-22,Kg,72,99,85
Barela,2023-04-22,Kg,48,62,55
Radish Red,2023-04-22,Kg,33,56,44
Mushroom(Button),2023-04-22,Kg,419,609,514
Mushroom(Kanya),2023-04-22,Kg,163,231,197
Spinach Leaf,2023-04-22,Kg,113,146,129
Mustard Leaf,2023-04-22,Kg,49,75,62
Coriander,2023-04-22,Kg,163,286,224
Garlic Dry Nepali,2023-04-22,Kg,220,355,287
Garlic Dry Chinese,2023-04-22,Kg,267,387,327
Ginger,2023-04-22,Kg,193,297,245
Chilly Green,2023-04-22,Kg,91,136,113
Capsicum,2023-04-22,Kg,114,166,140
Cucumber(Local),2023-04-22,Kg,64,116,90
Apple(Jholey),2023-04-22,Kg,185,282,233
Banana,2023-04-22,Dozen,109,170,139
Pomegranate,2023-04-22,Kg,311,475,393
Orange(Nepali),2023-04-22,Kg,86,158,122
Papaya(Indian),2023-04-22,Kg,91,126,108
Tomato Big(Nepali),2023-04-23,Kg,50,79,64
Tomato Small(Local),2023-04-23,Kg,37,63,50
Potato Red,2023-04-23,Kg,63,85,74
Potato White,2023-04-23,Kg,51,64,57
Onion Dry (Indian),2023-04-23,Kg,77,114,95
Carrot(Local),2023-04-23,Kg,104,142,123
Cabbage(Local),2023-04-23,Kg,35,57,46
Cauliflower Local,2023-04-23,Kg,57,95,76
Raddish White(Local),2023-04-23,Kg,24,44,34
Brinjal Long,2023-04-23,Kg,51,74,62
Cow pea(Long),2023-04-23,Kg,87,135,111
Green Peas,2023-04-23,Kg,143,175,159
French Bean(Local),2023-04-23,Kg,66,99,82
Bitter Gourd,2023-04-23,Kg,90,153,121
Bottle Gourd,2023-04-23,Kg,52,79,65
Pointed Gourd(Local),2023-04-23,Kg,67,101,84
Snake Gourd,2023-04-23,Kg,62,94,78
Sponge Gourd,2023-04-23,Kg,70,100,85
Pumpkin,2023-04-23,Kg,41,59,50
Squash(Long),2023-04-23,Kg,49,78,63
Okra,2023-04-23,Kg,91,119,105
Arum,2023-04-23,Kg,72,107,89
Barela,2023-04-23,Kg,48,71,59
Radish Red,2023-04-23,Kg,34,57,45
Mushroom(Button),2023-04-23,Kg,451,537,494
Mushroom(Kanya),2023-04-23,Kg,164,268,216
Spinach Leaf,2023-04-23,Kg,96,140,118
Mustard Leaf,2023-04-23,Kg,43,79,61
Coriander,2023-04-23,Kg,191,306,248
Garlic Dry Nepali,2023-04-23,Kg,213,324,268
Garlic Dry Chinese,2023-04-23,Kg,295,412,353
Ginger,2023-04-23,Kg,171,284,227
Chilly Green,2023-04-23,Kg,103,154,128
Capsicum,2023-04-23,Kg,107,190,148
Cucumber(Local),2023-04-23,Kg,76,114,95
Apple(Jholey),2023-04-23,Kg,169,339,254
Banana,2023-04-23,Dozen,112,163,137
Pomegranate,2023-04-23,Kg,291,407,349
Orange(Nepali),2023-04-23,Kg,90,164,127
Papaya(Indian),2023-04-23,Kg,99,125,112
Tomato Big(Nepali),2023-04-24,Kg,44,74,59
Tomato Small(Local),2023-04-24,Kg,37,65,51
Potato Red,2023-04-24,Kg,58,88,73
Potato White,2023-04-24,Kg,51,62,56
Onion Dry (Indian),2023-04-24,Kg,67,120,93
Carrot(Local),2023-04-24,Kg,92,141,116
Cabbage(Local),2023-04-24,Kg,33,59,46
Cauliflower Local,2023-04-24,Kg,63,94,78
Raddish White(Local),2023-04-24,Kg,23,43,33
Brinjal Long,2023-04-24,Kg,54,86,70
Cow pea(Long),2023-04-24,Kg,81,129,105
Green Peas,2023-04-24,Kg,150,174,162
French Bean(Local),2023-04-24,Kg,69,112,90
Bitter Gourd,2023-04-24,Kg,85,161,123
Bottle Gourd,2023-04-24,Kg,43,75,59
Pointed Gourd(Local),2023-04-24,Kg,68,108,88
Snake Gourd,2023-04-24,Kg,62,90,76
Sponge Gourd,2023-04-24,Kg,65,96,80
Pumpkin,2023-04-24,Kg,37,61,49
Squash(Long),2023-04-24,Kg,45,81,63
Okra,2023-04-24,Kg,89,121,105
Arum,2023-04-24,Kg,74,95,84
Barela,2023-04-24,Kg,51,62,56
Radish Red,2023-04-24,Kg,37,55,46
Mushroom(Button),2023-04-24,Kg,425,550,487
Mushroom(Kanya),2023-04-24,Kg,168,261,214
Spinach Leaf,2023-04-24,Kg,99,150,124
Mustard Leaf,2023-04-24,Kg,51,72,61
Coriander,2023-04-24,Kg,163,313,238
Garlic Dry Nepali,2023-04-24,Kg,234,353,293
Garlic Dry Chinese,2023-04-24,Kg,317,408,362
Ginger,2023-04-24,Kg,179,259,219
Chilly Green,2023-04-24,Kg,103,141,122
Capsicum,2023-04-24,Kg,128,158,143
Cucumber(Local),2023-04-24,Kg,75,116,95
Apple(Jholey),2023-04-24,Kg,162,298,230
Banana,2023-04-24,Dozen,113,190,151
Pomegranate,2023-04-24,Kg,306,423,364
Orange(Nepali),2023-04-24,Kg,93,163,128
Papaya(Indian),2023-04-24,Kg,103,136,119
Tomato Big(Nepali),2023-04-25,Kg,51,81,66
Tomato Small(Local),2023-04-25,Kg,32,60,46
Potato Red,2023-04-25,Kg,57,82,69
Potato White,2023-04-25,Kg,44,69,56
Onion Dry (Indian),2023-04-25,Kg,72,111,91
Carrot(Local),2023-04-25,Kg,101,126,113
Cabbage(Local),2023-04-25,Kg,33,60,46
Cauliflower Local,2023-04-25,Kg,60,93,76
Raddish White(Local),2023-04-25,Kg,23,41,32
Brinjal Long,2023-04-25,Kg,50,73,61
Cow pea(Long),2023-04-25,Kg,76,125,100
Green Peas,2023-04-25,Kg,138,199,168
French Bean(Local),2023-04-25,Kg,69,115,92
Bitter Gourd,2023-04-25,Kg,89,150,119
Bottle Gourd,2023-04-25,Kg,49,80,64
Pointed Gourd(Local),2023-04-25,Kg,70,105,87
Snake Gourd,2023-04-25,Kg,58,82,70
Sponge Gourd,2023-04-25,Kg,64,100,82
Pumpkin,2023-04-25,Kg,39,64,51
Squash(Long),2023-04-25,Kg,45,69,57
Okra,2023-04-25,Kg,81,115,98
Arum,2023-04-25,Kg,75,100,87
Barela,2023-04-25,Kg,48,64,56
Radish Red,2023-04-25,Kg,38,51,44
Mushroom(Button),2023-04-25,Kg,382,520,451
Mushroom(Kanya),2023-04-25,Kg,183,254,218
Spinach Leaf,2023-04-25,Kg,103,139,121
Mustard Leaf,2023-04-25,Kg,50,71,60
Coriander,2023-04-25,Kg,181,281,231
Garlic Dry Nepali,2023-04-25,Kg,247,337,292
Garlic Dry Chinese,2023-04-25,Kg,300,360,330
Ginger,2023-04-25,Kg,185,259,222
Chilly Green,2023-04-25,Kg,92,137,114
Capsicum,2023-04-25,Kg,117,177,147
Cucumber(Local),2023-04-25,Kg,63,104,83
Apple(Jholey),2023-04-25,Kg,168,328,248
Banana,2023-04-25,Dozen,121,183,152
Pomegranate,2023-04-25,Kg,297,442,369
Orange(Nepali),2023-04-25,Kg,94,165,129
Papaya(Indian),2023-04-25,Kg,98,129,113
Tomato Big(Nepali),2023-04-26,Kg,50,78,64
Tomato Small(Local),2023-04-26,Kg,36,61,48
Potato Red,2023-04-26,Kg,64,86,75
Potato White,2023-04-26,Kg,42,72,57
Onion Dry (Indian),2023-04-26,Kg,72,111,91
Carrot(Local),2023-04-26,Kg,86,132,109
Cabbage(Local),2023-04-26,Kg,37,51,44
Cauliflower Local,2023-04-26,Kg,57,106,81
Raddish White(Local),2023-04-26,Kg,21,39,30
Brinjal Long,2023-04-26,Kg,50,74,62
Cow pea(Long),2023-04-26,Kg,80,128,104
Green Peas,2023-04-26,Kg,141,198,169
French Bean(Local),2023-04-26,Kg,68,103,85
Bitter Gourd,2023-04-26,Kg,90,138,114
Bottle Gourd,2023-04-26,Kg,48,73,60
Pointed Gourd(Local),2023-04-26,Kg,68,120,94
Snake Gourd,2023-04-26,Kg,64,86,75
Sponge Gourd,2023-04-26,Kg,77,113,95
Pumpkin,2023-04-26,Kg,37,56,46
Squash(Long),2023-04-26,Kg,49,80,64
Okra,2023-04-26,Kg,77,118,97
Arum,2023-04-26,Kg,75,101,88
Barela,2023-04-26,Kg,43,63,53
Radish Red,2023-04-26,Kg,33,59,46
Mushroom(Button),2023-04-26,Kg,382,592,487
Mushroom(Kanya),2023-04-26,Kg,184,237,210
Spinach Leaf,2023-04-26,Kg,116,154,135
Mustard Leaf,2023-04-26,Kg,46,72,59
Coriander,2023-04-26,Kg,169,282,225
Garlic Dry Nepali,2023-04-26,Kg,237,362,299
Garlic Dry Chinese,2023-04-26,Kg,301,379,340
Ginger,2023-04-26,Kg,172,275,223
Chilly Green,2023-04-26,Kg,96,162,129
Capsicum,2023-04-26,Kg,119,174,146
Cucumber(Local),2023-04-26,Kg,64,103,83
Apple(Jholey),2023-04-26,Kg,191,331,261
Banana,2023-04-26,Dozen,115,180,147
Pomegranate,2023-04-26,Kg,284,456,370
Orange(Nepali),2023-04-26,Kg,94,162,128
Papaya(Indian),2023-04-26,Kg,91,127,109
Tomato Big(Nepali),2023-04-27,Kg,51,74,62
Tomato Small(Local),2023-04-27,Kg,38,57,47
Potato Red,2023-04-27,Kg,63,82,72
Potato White,2023-04-27,Kg,44,68,56
Onion Dry (Indian),2023-04-27,Kg,73,116,94
Carrot(Local),2023-04-27,Kg,100,133,116
Cabbage(Local),2023-04-27,Kg,33,54,43
Cauliflower Local,2023-04-27,Kg,59,108,83
Raddish White(Local),2023-04-27,Kg,23,42,32
Brinjal Long,2023-04-27,Kg,49,83,66
Cow pea(Long),2023-04-27,Kg,86,123,104
Green Peas,2023-04-27,Kg,130,185,157
French Bean(Local),2023-04-27,Kg,65,111,88
Bitter Gourd,2023-04-27,Kg,95,156,125
Bottle Gourd,2023-04-27,Kg,50,77,63
Pointed Gourd(Local),2023-04-27,Kg,64,104,84
Snake Gourd,2023-04-27,Kg,55,91,73
Sponge Gourd,2023-04-27,Kg,76,114,95
Pumpkin,2023-04-27,Kg,44,65,54
Squash(Long),2023-04-27,Kg,45,81,63
Okra,2023-04-27,Kg,85,114,99
Arum,2023-04-27,Kg,70,101,85
Barela,2023-04-27,Kg,42,62,52
Radish Red,2023-04-27,Kg,32,56,44
Mushroom(Button),2023-04-27,Kg,436,553,494
Mushroom(Kanya),2023-04-27,Kg,188,270,229
Spinach Leaf,2023-04-27,Kg,113,157,135
Mustard Leaf,2023-04-27,Kg,43,78,60
Coriander,2023-04-27,Kg,171,302,236
Garlic Dry Nepali,2023-04-27,Kg,244,351,297
Garlic Dry Chinese,2023-04-27,Kg,289,380,334
Ginger,2023-04-27,Kg,167,281,224
Chilly Green,2023-04-27,Kg,97,147,122
Capsicum,2023-04-27,Kg,108,177,142
Cucumber(Local),2023-04-27,Kg,71,108,89
Apple(Jholey),2023-04-27,Kg,180,284,232
Banana,2023-04-27,Dozen,115,169,142
Pomegranate,2023-04-27,Kg,270,430,350
Orange(Nepali),2023-04-27,Kg,99,157,128
Papaya(Indian),2023-04-27,Kg,90,136,113
Tomato Big(Nepali),2023-04-28,Kg,46,68,57
Tomato Small(Local),2023-04-28,Kg,36,57,46
Potato Red,2023-04-28,Kg,56,80,68
Potato White,2023-04-28,Kg,50,67,58
Onion Dry (Indian),2023-04-28,Kg,77,118,97
Carrot(Local),2023-04-28,Kg,94,133,113
Cabbage(Local),2023-04-28,Kg,36,51,43
Cauliflower Local,2023-04-28,Kg,60,106,83
Raddish White(Local),2023-04-28,Kg,22,46,34
Brinjal Long,2023-04-28,Kg,53,79,66
Cow pea(Long),2023-04-28,Kg,74,129,101
Green Peas,2023-04-28,Kg,152,170,161
French Bean(Local),2023-04-28,Kg,65,109,87
Bitter Gourd,2023-04-28,Kg,95,160,127
Bottle Gourd,2023-04-28,Kg,44,80,62
Pointed Gourd(Local),2023-04-28,Kg,70,107,88
Snake Gourd,2023-04-28,Kg,62,82,72
Sponge Gourd,2023-04-28,Kg,64,105,84
Pumpkin,2023-04-28,Kg,43,59,51
Squash(Long),2023-04-28,Kg,49,69,59
Okra,2023-04-28,Kg,90,101,95
Arum,2023-04-28,Kg,65,102,83
Barela,2023-04-28,Kg,50,66,58
Radish Red,2023-04-28,Kg,33,50,41
Mushroom(Button),2023-04-28,Kg,426,573,499
Mushroom(Kanya),2023-04-28,Kg,162,234,198
Spinach Leaf,2023-04-28,Kg,113,138,125
Mustard Leaf,2023-04-28,Kg,51,76,63
Coriander,2023-04-28,Kg,192,297,244
Garlic Dry Nepali,2023-04-28,Kg,252,348,300
Garlic Dry Chinese,2023-04-28,Kg,266,411,338
Ginger,2023-04-28,Kg,173,288,230
Chilly Green,2023-04-28,Kg,90,140,115
Capsicum,2023-04-28,Kg,106,172,139
Cucumber(Local),2023-04-28,Kg,77,119,98
Apple(Jholey),2023-04-28,Kg,163,306,234
Banana,2023-04-28,Dozen,119,169,144
Pomegranate,2023-04-28,Kg,304,407,355
Orange(Nepali),2023-04-28,Kg,98,171,134
Papaya(Indian),2023-04-28,Kg,92,140,116
Tomato Big(Nepali),2023-04-29,Kg,44,78,61
Tomato Small(Local),2023-04-29,Kg,35,61,48
Potato Red,2023-04-29,Kg,56,88,72
Potato White,2023-04-29,Kg,49,70,59
Onion Dry (Indian),2023-04-29,Kg,70,114,92
Carrot(Local),2023-04-29,Kg,95,127,111
Cabbage(Local),2023-04-29,Kg,32,57,44
Cauliflower Local,2023-04-29,Kg,61,97,79
Raddish White(Local),2023-04-29,Kg,25,44,34
Brinjal Long,2023-04-29,Kg,54,78,66
Cow pea(Long),2023-04-29,Kg,78,116,97
Green Peas,2023-04-29,Kg,129,186,157
French Bean(Local),2023-04-29,Kg,66,98,82
Bitter Gourd,2023-04-29,Kg,94,146,120
Bottle Gourd,2023-04-29,Kg,48,71,59
Pointed Gourd(Local),2023-04-29,Kg,76,103,89
Snake Gourd,2023-04-29,Kg,59,90,74
Sponge Gourd,2023-04-29,Kg,70,112,91
Pumpkin,2023-04-29,Kg,41,60,50
Squash(Long),2023-04-29,Kg,46,77,61
Okra,2023-04-29,Kg,90,113,101
Arum,2023-04-29,Kg,74,96,85
Barela,2023-04-29,Kg,48,66,57
Radish Red,2023-04-29,Kg,34,58,46
Mushroom(Button),2023-04-29,Kg,429,510,469
Mushroom(Kanya),2023-04-29,Kg,166,240,203
Spinach Leaf,2023-04-29,Kg,103,135,119
Mustard Leaf,2023-04-29,Kg,50,75,62
Coriander,2023-04-29,Kg,179,320,249
Garlic Dry Nepali,2023-04-29,Kg,221,360,290
Garlic Dry Chinese,2023-04-29,Kg,321,408,364
Ginger,2023-04-29,Kg,190,268,229
Chilly Green,2023-04-29,Kg,101,158,129
Capsicum,2023-04-29,Kg,122,165,143
Cucumber(Local),2023-04-29,Kg,64,109,86
Apple(Jholey),2023-04-29,Kg,159,325,242
Banana,2023-04-29,Dozen,108,157,132
Pomegranate,2023-04-29,Kg,320,445,382
Orange(Nepali),2023-04-29,Kg,102,168,135
Papaya(Indian),2023-04-29,Kg,90,128,109
Tomato Big(Nepali),2023-04-30,Kg,44,68,56
Tomato Small(Local),2023-04-30,Kg,35,59,47
Potato Red,2023-04-30,Kg,56,89,72
Potato White,2023-04-30,Kg,50,73,61
Onion Dry (Indian),2023-04-30,Kg,71,109,90
Carrot(Local),2023-04-30,Kg,89,147,118
Cabbage(Local),2023-04-30,Kg,34,52,43
Cauliflower Local,2023-04-30,Kg,61,107,84
Raddish White(Local),2023-04-30,Kg,25,43,34
Brinjal Long,2023-04-30,Kg,58,74,66
Cow pea(Long),2023-04-30,Kg,85,120,102
Green Peas,2023-04-30,Kg,141,196,168
French Bean(Local),2023-04-30,Kg,68,102,85
Bitter Gourd,2023-04-30,Kg,99,158,128
Bottle Gourd,2023-04-30,Kg,48,73,60
Pointed Gourd(Local),2023-04-30,Kg,67,120,93
Snake Gourd,2023-04-30,Kg,60,92,76
Sponge Gourd,2023-04-30,Kg,64,111,87
Pumpkin,2023-04-30,Kg,43,59,51
Squash(Long),2023-04-30,Kg,45,67,56
Okra,2023-04-30,Kg,84,112,98
Arum,2023-04-30,Kg,64,91,77
Barela,2023-04-30,Kg,51,65,58
Radish Red,2023-04-30,Kg,38,57,47
Mushroom(Button),2023-04-30,Kg,413,553,483
Mushroom(Kanya),2023-04-30,Kg,175,248,211
Spinach Leaf,2023-04-30,Kg,101,147,124
Mustard Leaf,2023-04-30,Kg,48,70,59
Coriander,2023-04-30,Kg,191,313,252
Garlic Dry Nepali,2023-04-30,Kg,230,321,275
Garlic Dry Chinese,2023-04-30,Kg,264,378,321
Ginger,2023-04-30,Kg,165,247,206
Chilly Green,2023-04-30,Kg,89,153,121
Capsicum,2023-04-30,Kg,109,157,133
Cucumber(Local),2023-04-30,Kg,72,110,91
Apple(Jholey),2023-04-30,Kg,161,289,225
Banana,2023-04-30,Dozen,111,183,147
Pomegranate,2023-04-30,Kg,266,425,345
Orange(Nepali),2023-04-30,Kg,95,170,132
Papaya(Indian),2023-04-30,Kg,94,130,112
Tomato Big(Nepali),2023-05-01,Kg,46,69,57
Tomato Small(Local),2023-05-01,Kg,34,64,49
Potato Red,2023-05-01,Kg,58,90,74
Potato White,2023-05-01,Kg,50,67,58
Onion Dry (Indian),2023-05-01,Kg,76,103,89
Carrot(Local),2023-05-01,Kg,87,129,108
Cabbage(Local),2023-05-01,Kg,33,56,44
Cauliflower Local,2023-05-01,Kg,59,100,79
Raddish White(Local),2023-05-01,Kg,22,44,33
Brinjal Long,2023-05-01,Kg,58,80,69
Cow pea(Long),2023-05-01,Kg,81,117,99
Green Peas,2023-05-01,Kg,138,186,162
French Bean(Local),2023-05-01,Kg,65,99,82
Bitter Gourd,2023-05-01,Kg,96,160,128
Bottle Gourd,2023-05-01,Kg,51,77,64
Pointed Gourd(Local),2023-05-01,Kg,70,108,89
Snake Gourd,2023-05-01,Kg,61,84,72
Sponge Gourd,2023-05-01,Kg,63,106,84
Pumpkin,2023-05-01,Kg,37,61,49
Squash(Long),2023-05-01,Kg,46,77,61
Okra,2023-05-01,Kg,76,113,94
Arum,2023-05-01,Kg,69,89,79
Barela,2023-05-01,Kg,44,62,53
Radish Red,2023-05-01,Kg,36,57,46
Mushroom(Button),2023-05-01,Kg,372,575,473
Mushroom(Kanya),2023-05-01,Kg,167,250,208
Spinach Leaf,2023-05-01,Kg,111,145,128
Mustard Leaf,2023-05-01,Kg,45,77,61
Coriander,2023-05-01,Kg,192,297,244
Garlic Dry Nepali,2023-05-01,Kg,250,323,286
Garlic Dry Chinese,2023-05-01,Kg,291,384,337
Ginger,2023-05-01,Kg,180,257,218
Chilly Green,2023-05-01,Kg,95,160,127
Capsicum,2023-05-01,Kg,111,188,149
Cucumber(Local),2023-05-01,Kg,74,100,87
Apple(Jholey),2023-05-01,Kg,186,294,240
Banana,2023-05-01,Dozen,118,181,149
Pomegranate,2023-05-01,Kg,321,412,366
Orange(Nepali),2023-05-01,Kg,97,152,124
Papaya(Indian),2023-05-01,Kg,87,127,107
Tomato Big(Nepali),2023-05-02,Kg,46,71,58
Tomato Small(Local),2023-05-02,Kg,33,67,50
Potato Red,2023-05-02,Kg,53,81,67
Potato White,2023-05-02,Kg,50,71,60
Onion Dry (Indian),2023-05-02,Kg,72,101,86
Carrot(Local),2023-05-02,Kg,91,142,116
Cabbage(Local),2023-05-02,Kg,37,57,47
Cauliflower Local,2023-05-02,Kg,55,91,73
Raddish White(Local),2023-05-02,Kg,23,43,33
Brinjal Long,2023-05-02,Kg,52,76,64
Cow pea(Long),2023-05-02,Kg,85,129,107
Green Peas,2023-05-02,Kg,135,185,160
French Bean(Local),2023-05-02,Kg,77,105,91
Bitter Gourd,2023-05-02,Kg,85,136,110
Bottle Gourd,2023-05-02,Kg,45,72,58
Pointed Gourd(Local),2023-05-02,Kg,66,112,89
Snake Gourd,2023-05-02,Kg,64,85,74
Sponge Gourd,2023-05-02,Kg,74,97,85
Pumpkin,2023-05-02,Kg,41,61,51
Squash(Long),2023-05-02,Kg,48,80,64
Okra,2023-05-02,Kg,82,102,92
Arum,2023-05-02,Kg,73,92,82
Barela,2023-05-02,Kg,49,69,59
Radish Red,2023-05-02,Kg,31,58,44
Mushroom(Button),2023-05-02,Kg,446,579,512
Mushroom(Kanya),2023-05-02,Kg,188,253,220
Spinach Leaf,2023-05-02,Kg,102,142,122
Mustard Leaf,2023-05-02,Kg,51,78,64
Coriander,2023-05-02,Kg,158,336,247
Garlic Dry Nepali,2023-05-02,Kg,250,331,290
Garlic Dry Chinese,2023-05-02,Kg,276,409,342
Ginger,2023-05-02,Kg,169,255,212
Chilly Green,2023-05-02,Kg,86,159,122
Capsicum,2023-05-02,Kg,107,161,134
Cucumber(Local),2023-05-02,Kg,66,113,89
Apple(Jholey),2023-05-02,Kg,183,290,236
Banana,2023-05-02,Dozen,127,177,152
Pomegranate,2023-05-02,Kg,308,461,384
Orange(Nepali),2023-05-02,Kg,88,155,121
Papaya(Indian),2023-05-02,Kg,91,145,118
Tomato Big(Nepali),2023-05-03,Kg,44,76,60
Tomato Small(Local),2023-05-03,Kg,37,64,50
Potato Red,2023-05-03,Kg,64,92,78
Potato White,2023-05-03,Kg,43,72,57
Onion Dry (Indian),2023-05-03,Kg,67,106,86
Carrot(Local),2023-05-03,Kg,101,124,112
Cabbage(Local),2023-05-03,Kg,33,51,42
Cauliflower Local,2023-05-03,Kg,61,104,82
Raddish White(Local),2023-05-03,Kg,24,45,34
Brinjal Long,2023-05-03,Kg,51,83,67
Cow pea(Long),2023-05-03,Kg,83,115,99
Green Peas,2023-05-03,Kg,127,170,148
French Bean(Local),2023-05-03,Kg,76,107,91
Bitter Gourd,2023-05-03,Kg,84,160,122
Bottle Gourd,2023-05-03,Kg,49,73,61
Pointed Gourd(Local),2023-05-03,Kg,65,106,85
Snake Gourd,2023-05-03,Kg,60,88,74
Sponge Gourd,2023-05-03,Kg,71,113,92
Pumpkin,2023-05-03,Kg,39,62,50
Squash(Long),2023-05-03,Kg,49,71,60
Okra,2023-05-03,Kg,87,115,101
Arum,2023-05-03,Kg,69,95,82
Barela,2023-05-03,Kg,43,73,58
Radish Red,2023-05-03,Kg,33,52,42
Mushroom(Button),2023-05-03,Kg,425,590,507
Mushroom(Kanya),2023-05-03,Kg,189,257,223
Spinach Leaf,2023-05-03,Kg,107,136,121
Mustard Leaf,2023-05-03,Kg,47,67,57
Coriander,2023-05-03,Kg,190,322,256
Garlic Dry Nepali,2023-05-03,Kg,224,349,286
Garlic Dry Chinese,2023-05-03,Kg,317,386,351
Ginger,2023-05-03,Kg,184,278,231
Chilly Green,2023-05-03,Kg,94,153,123
Capsicum,2023-05-03,Kg,122,156,139
Cucumber(Local),2023-05-03,Kg,76,109,92
Apple(Jholey),2023-05-03,Kg,192,302,247
Banana,2023-05-03,Dozen,111,178,144
Pomegranate,2023-05-03,Kg,291,449,370
Orange(Nepali),2023-05-03,Kg,90,156,123
Papaya(Indian),2023-05-03,Kg,89,137,113
Tomato Big(Nepali),2023-05-04,Kg,42,77,59
Tomato Small(Local),2023-05-04,Kg,32,64,48
Potato Red,2023-05-04,Kg,58,92,75
Potato White,2023-05-04,Kg,50,63,56
Onion Dry (Indian),2023-05-04,Kg,71,101,86
Carrot(Local),2023-05-04,Kg,84,143,113
Cabbage(Local),2023-05-04,Kg,33,59,46
Cauliflower Local,2023-05-04,Kg,59,93,76
Raddish White(Local),2023-05-04,Kg,23,39,31
Brinjal Long,2023-05-04,Kg,51,86,68
Cow pea(Long),2023-05-04,Kg,77,132,104
Green Peas,2023-05-04,Kg,135,181,158
French Bean(Local),2023-05-04,Kg,67,96,81
Bitter Gourd,2023-05-04,Kg,97,152,124
Bottle Gourd,2023-05-04,Kg,48,78,63
Pointed Gourd(Local),2023-05-04,Kg,76,117,96
Snake Gourd,2023-05-04,Kg,64,90,77
Sponge Gourd,2023-05-04,Kg,63,97,80
Pumpkin,2023-05-04,Kg,42,64,53
Squash(Long),2023-05-04,Kg,43,67,55
Okra,2023-05-04,Kg,86,107,96
Arum,2023-05-04,Kg,76,98,87
Barela,2023-05-04,Kg,42,72,57
Radish Red,2023-05-04,Kg,35,52,43
Mushroom(Button),2023-05-04,Kg,401,563,482
Mushroom(Kanya),2023-05-04,Kg,182,260,221
Spinach Leaf,2023-05-04,Kg,115,159,137
Mustard Leaf,2023-05-04,Kg,43,75,59
Coriander,2023-05-04,Kg,173,282,227
Garlic Dry Nepali,2023-05-04,Kg,256,333,294
Garlic Dry Chinese,2023-05-04,Kg,303,403,353
Ginger,2023-05-04,Kg,184,261,222
Chilly Green,2023-05-04,Kg,94,138,116
Capsicum,2023-05-04,Kg,113,178,145
Cucumber(Local),2023-05-04,Kg,70,100,85
Apple(Jholey),2023-05-04,Kg,191,307,249
Banana,2023-05-04,Dozen,117,162,139
Pomegranate,2023-05-04,Kg,270,422,346
Orange(Nepali),2023-05-04,Kg,89,152,120
Papaya(Indian),2023-05-04,Kg,96,137,116
Tomato Big(Nepali),2023-05-05,Kg,44,76,60
Tomato Small(Local),2023-05-05,Kg,34,60,47
Potato Red,2023-05-05,Kg,60,88,74
Potato White,2023-05-05,Kg,48,63,55
Onion Dry (Indian),2023-05-05,Kg,73,101,87
Carrot(Local),2023-05-05,Kg,89,147,118
Cabbage(Local),2023-05-05,Kg,35,53,44
Cauliflower Local,2023-05-05,Kg,59,93,76
Raddish White(Local),2023-05-05,Kg,21,43,32
Brinjal Long,2023-05-05,Kg,56,87,71
Cow pea(Long),2023-05-05,Kg,78,116,97
Green Peas,2023-05-05,Kg,147,195,171
French Bean(Local),2023-05-05,Kg,73,95,84
Bitter Gourd,2023-05-05,Kg,100,137,118
Bottle Gourd,2023-05-05,Kg,49,74,61
Pointed Gourd(Local),2023-05-05,Kg,68,100,84
Snake Gourd,2023-05-05,Kg,61,79,70
Sponge Gourd,2023-05-05,Kg,72,103,87
Pumpkin,2023-05-05,Kg,37,61,49
Squash(Long),2023-05-05,Kg,44,75,59
Okra,2023-05-05,Kg,86,115,100
Arum,2023-05-05,Kg,63,94,78
Barela,2023-05-05,Kg,49,67,58
Radish Red,2023-05-05,Kg,34,51,42
Mushroom(Button),2023-05-05,Kg,378,512,445
Mushroom(Kanya),2023-05-05,Kg,186,225,205
Spinach Leaf,2023-05-05,Kg,96,136,116
Mustard Leaf,2023-05-05,Kg,46,76,61
Coriander,2023-05-05,Kg,189,335,262
Garlic Dry Nepali,2023-05-05,Kg,226,319,272
Garlic Dry Chinese,2023-05-05,Kg,316,393,354
Ginger,2023-05-05,Kg,186,250,218
Chilly Green,2023-05-05,Kg,100,133,116
Capsicum,2023-05-05,Kg,125,161,143
Cucumber(Local),2023-05-05,Kg,67,115,91
Apple(Jholey),2023-05-05,Kg,163,289,226
Banana,2023-05-05,Dozen,113,176,144
Pomegranate,2023-05-05,Kg,299,394,346
Orange(Nepali),2023-05-05,Kg,96,147,121
Papaya(Indian),2023-05-05,Kg,93,130,111
Tomato Big(Nepali),2023-05-06,Kg,46,79,62
Tomato Small(Local),2023-05-06,Kg,37,63,50
Potato Red,2023-05-06,Kg,55,86,70
Potato White,2023-05-06,Kg,49,71,60
Onion Dry (Indian),2023-05-06,Kg,71,110,90
Carrot(Local),2023-05-06,Kg,102,137,119
Cabbage(Local),2023-05-06,Kg,33,53,43
Cauliflower Local,2023-05-06,Kg,57,94,75
Raddish White(Local),2023-05-06,Kg,22,40,31
Brinjal Long,2023-05-06,Kg,53,73,63
Cow pea(Long),2023-05-06,Kg,87,123,105
Green Peas,2023-05-06,Kg,142,189,165
French Bean(Local),2023-05-06,Kg,66,112,89
Bitter Gourd,2023-05-06,Kg,88,148,118
Bottle Gourd,2023-05-06,Kg,50,71,60
Pointed Gourd(Local),2023-05-06,Kg,75,107,91
Snake Gourd,2023-05-06,Kg,62,83,72
Sponge Gourd,2023-05-06,Kg,72,95,83
Pumpkin,2023-05-06,Kg,44,63,53
Squash(Long),2023-05-06,Kg,49,68,58
Okra,2023-05-06,Kg,85,106,95
Arum,2023-05-06,Kg,70,106,88
Barela,2023-05-06,Kg,45,63,54
Radish Red,2023-05-06,Kg,38,52,45
Mushroom(Button),2023-05-06,Kg,376,523,449
Mushroom(Kanya),2023-05-06,Kg,176,222,199
Spinach Leaf,2023-05-06,Kg,99,133,116
Mustard Leaf,2023-05-06,Kg,42,78,60
Coriander,2023-05-06,Kg,173,299,236
Garlic Dry Nepali,2023-05-06,Kg,210,346,278
Garlic Dry Chinese,2023-05-06,Kg,266,406,336
Ginger,2023-05-06,Kg,161,243,202
Chilly Green,2023-05-06,Kg,100,135,117
Capsicum,2023-05-06,Kg,106,164,135
Cucumber(Local),2023-05-06,Kg,74,118,96
Apple(Jholey),2023-05-06,Kg,168,331,249
Banana,2023-05-06,Dozen,124,185,154
Pomegranate,2023-05-06,Kg,303,400,351
Orange(Nepali),2023-05-06,Kg,97,158,127
Papaya(Indian),2023-05-06,Kg,90,139,114
Tomato Big(Nepali),2023-05-07,Kg,46,72,59
Tomato Small(Local),2023-05-07,Kg,37,64,50
Potato Red,2023-05-07,Kg,60,90,75
Potato White,2023-05-07,Kg,45,63,54
Onion Dry (Indian),2023-05-07,Kg,74,103,88
Carrot(Local),2023-05-07,Kg,85,123,104
Cabbage(Local),2023-05-07,Kg,37,51,44
Cauliflower Local,2023-05-07,Kg,60,97,78
Raddish White(Local),2023-05-07,Kg,23,43,33
Brinjal Long,2023-05-07,Kg,47,75,61
Cow pea(Long),2023-05-07,Kg,78,128,103
Green Peas,2023-05-07,Kg,150,178,164
French Bean(Local),2023-05-07,Kg,74,102,88
Bitter Gourd,2023-05-07,Kg,98,148,123
Bottle Gourd,2023-05-07,Kg,47,71,59
Pointed Gourd(Local),2023-05-07,Kg,71,120,95
Snake Gourd,2023-05-07,Kg,59,87,73
Sponge Gourd,2023-05-07,Kg,71,105,88
Pumpkin,2023-05-07,Kg,38,63,50
Squash(Long),2023-05-07,Kg,47,69,58
Okra,2023-05-07,Kg,84,111,97
Arum,2023-05-07,Kg,71,99,85
Barela,2023-05-07,Kg,42,72,57
Radish Red,2023-05-07,Kg,37,59,48
Mushroom(Button),2023-05-07,Kg,386,601,493
Mushroom(Kanya),2023-05-07,Kg,181,259,220
Spinach Leaf,2023-05-07,Kg,99,149,124
Mustard Leaf,2023-05-07,Kg,51,75,63
Coriander,2023-05-07,Kg,190,293,241
Garlic Dry Nepali,2023-05-07,Kg,228,321,274
Garlic Dry Chinese,2023-05-07,Kg,308,390,349
Ginger,2023-05-07,Kg,190,258,224
Chilly Green,2023-05-07,Kg,94,134,114
Capsicum,2023-05-07,Kg,110,176,143
Cucumber(Local),2023-05-07,Kg,71,102,86
Apple(Jholey),2023-05-07,Kg,171,281,226
Banana,2023-05-07,Dozen,122,172,147
Pomegranate,2023-05-07,Kg,288,390,339
Orange(Nepali),2023-05-07,Kg,88,171,129
Papaya(Indian),2023-05-07,Kg,90,132,111
Tomato Big(Nepali),2023-05-08,Kg,48,66,57
Tomato Small(Local),2023-05-08,Kg,32,55,43
Potato Red,2023-05-08,Kg,63,88,75
Potato White,2023-05-08,Kg,49,65,57
Onion Dry (Indian),2023-05-08,Kg,75,112,93
Carrot(Local),2023-05-08,Kg,97,138,117
Cabbage(Local),2023-05-08,Kg,31,53,42
Cauliflower Local,2023-05-08,Kg,52,105,78
Raddish White(Local),2023-05-08,Kg,21,42,31
Brinjal Long,2023-05-08,Kg,55,80,67
Cow pea(Long),2023-05-08,Kg,87,123,105
Green Peas,2023-05-08,Kg,149,175,162
French Bean(Local),2023-05-08,Kg,68,101,84
Bitter Gourd,2023-05-08,Kg,98,138,118
Bottle Gourd,2023-05-08,Kg,51,71,61
Pointed Gourd(Local),2023-05-08,Kg,74,111,92
Snake Gourd,2023-05-08,Kg,53,92,72
Sponge Gourd,2023-05-08,Kg,75,103,89
Pumpkin,2023-05-08,Kg,38,62,50
Squash(Long),2023-05-08,Kg,47,74,60
Okra,2023-05-08,Kg,80,119,99
Arum,2023-05-08,Kg,66,90,78
Barela,2023-05-08,Kg,45,66,55
Radish Red,2023-05-08,Kg,36,58,47
Mushroom(Button),2023-05-08,Kg,429,594,511
Mushroom(Kanya),2023-05-08,Kg,178,255,216
Spinach Leaf,2023-05-08,Kg,107,152,129
Mustard Leaf,2023-05-08,Kg,44,69,56
Coriander,2023-05-08,Kg,183,300,241
Garlic Dry Nepali,2023-05-08,Kg,252,363,307
Garlic Dry Chinese,2023-05-08,Kg,289,394,341
Ginger,2023-05-08,Kg,189,292,240
Chilly Green,2023-05-08,Kg,90,133,111
Capsicum,2023-05-08,Kg,127,185,156
Cucumber(Local),2023-05-08,Kg,65,102,83
Apple(Jholey),2023-05-08,Kg,180,298,239
Banana,2023-05-08,Dozen,127,159,143
Pomegranate,2023-05-08,Kg,269,390,329
Orange(Nepali),2023-05-08,Kg,92,154,123
Papaya(Indian),2023-05-08,Kg,90,128,109
Tomato Big(Nepali),2023-05-09,Kg,43,67,55
Tomato Small(Local),2023-05-09,Kg,31,57,44
Potato Red,2023-05-09,Kg,62,81,71
Potato White,2023-05-09,Kg,45,64,54
Onion Dry (Indian),2023-05-09,Kg,64,102,83
Carrot(Local),2023-05-09,Kg,87,133,110
Cabbage(Local),2023-05-09,Kg,31,50,40
Cauliflower Local,2023-05-09,Kg,61,102,81
Raddish White(Local),2023-05-09,Kg,23,43,33
Brinjal Long,2023-05-09,Kg,55,82,68
Cow pea(Long),2023-05-09,Kg,87,117,102
Green Peas,2023-05-09,Kg,151,193,172
French Bean(Local),2023-05-09,Kg,74,111,92
Bitter Gourd,2023-05-09,Kg,86,158,122
Bottle Gourd,2023-05-09,Kg,50,74,62
Pointed Gourd(Local),2023-05-09,Kg,73,108,90
Snake Gourd,2023-05-09,Kg,59,87,73
Sponge Gourd,2023-05-09,Kg,68,96,82
Pumpkin,2023-05-09,Kg,42,55,48
Squash(Long),2023-05-09,Kg,48,68,58
Okra,2023-05-09,Kg,86,118,102
Arum,2023-05-09,Kg,63,89,76
Barela,2023-05-09,Kg,49,70,59
Radish Red,2023-05-09,Kg,37,58,47
Mushroom(Button),2023-05-09,Kg,369,550,459
Mushroom(Kanya),2023-05-09,Kg,162,226,194
Spinach Leaf,2023-05-09,Kg,104,136,120
Mustard Leaf,2023-05-09,Kg,48,73,60
Coriander,2023-05-09,Kg,181,305,243
Garlic Dry Nepali,2023-05-09,Kg,241,366,303
Garlic Dry Chinese,2023-05-09,Kg,289,385,337
Ginger,2023-05-09,Kg,183,290,236
Chilly Green,2023-05-09,Kg,95,146,120
Capsicum,2023-05-09,Kg,116,172,144
Cucumber(Local),2023-05-09,Kg,75,106,90
Apple(Jholey),2023-05-09,Kg,180,286,233
Banana,2023-05-09,Dozen,125,167,146
Pomegranate,2023-05-09,Kg,262,448,355
Orange(Nepali),2023-05-09,Kg,84,168,126
Papaya(Indian),2023-05-09,Kg,86,141,113
Tomato Big(Nepali),2023-05-10,Kg,45,76,60
Tomato Small(Local),2023-05-10,Kg,36,57,46
Potato Red,2023-05-10,Kg,60,91,75
Potato White,2023-05-10,Kg,44,67,55
Onion Dry (Indian),2023-05-10,Kg,62,105,83
Carrot(Local),2023-05-10,Kg,95,135,115
Cabbage(Local),2023-05-10,Kg,37,56,46
Cauliflower Local,2023-05-10,Kg,57,89,73
Raddish White(Local),2023-05-10,Kg,20,40,30
Brinjal Long,2023-05-10,Kg,51,81,66
Cow pea(Long),2023-05-10,Kg,84,114,99
Green Peas,2023-05-10,Kg,141,198,169
French Bean(Local),2023-05-10,Kg,71,112,91
Bitter Gourd,2023-05-10,Kg,97,133,115
Bottle Gourd,2023-05-10,Kg,47,68,57
Pointed Gourd(Local),2023-05-10,Kg,73,110,91
Snake Gourd,2023-05-10,Kg,57,81,69
Sponge Gourd,2023-05-10,Kg,67,97,82
Pumpkin,2023-05-10,Kg,38,55,46
Squash(Long),2023-05-10,Kg,43,78,60
Okra,2023-05-10,Kg,76,110,93
Arum,2023-05-10,Kg,68,92,80
Barela,2023-05-10,Kg,49,70,59
Radish Red,2023-05-10,Kg,32,54,43
Mushroom(Button),2023-05-10,Kg,441,564,502
Mushroom(Kanya),2023-05-10,Kg,165,226,195
Spinach Leaf,2023-05-10,Kg,109,146,127
Mustard Leaf,2023-05-10,Kg,43,79,61
Coriander,2023-05-10,Kg,169,295,232
Garlic Dry Nepali,2023-05-10,Kg,237,322,279
Garlic Dry Chinese,2023-05-10,Kg,311,406,358
Ginger,2023-05-10,Kg,167,262,214
Chilly Green,2023-05-10,Kg,84,137,110
Capsicum,2023-05-10,Kg,118,177,147
Cucumber(Local),2023-05-10,Kg,71,112,91
Apple(Jholey),2023-05-10,Kg,187,290,238
Banana,2023-05-10,Dozen,115,184,149
Pomegranate,2023-05-10,Kg,260,432,346
Orange(Nepali),2023-05-10,Kg,84,154,119
Papaya(Indian),2023-05-10,Kg,94,125,109
Tomato Big(Nepali),2023-05-11,Kg,44,67,55
Tomato Small(Local),2023-05-11,Kg,34,64,49
Potato Red,2023-05-11,Kg,61,78,69
Potato White,2023-05-11,Kg,49,68,58
Onion Dry (Indian),2023-05-11,Kg,62,112,87
Carrot(Local),2023-05-11,Kg,88,135,111
Cabbage(Local),2023-05-11,Kg,34,55,44
Cauliflower Local,2023-05-11,Kg,52,99,75
Raddish White(Local),2023-05-11,Kg,22,39,30
Brinjal Long,2023-05-11,Kg,49,86,67
Cow pea(Long),2023-05-11,Kg,85,113,99
Green Peas,2023-05-11,Kg,146,186,166
French Bean(Local),2023-05-11,Kg,73,110,91
Bitter Gourd,2023-05-11,Kg,94,142,118
Bottle Gourd,2023-05-11,Kg,44,77,60
Pointed Gourd(Local),2023-05-11,Kg,72,118,95
Snake Gourd,2023-05-11,Kg,52,86,69
Sponge Gourd,2023-05-11,Kg,69,112,90
Pumpkin,2023-05-11,Kg,39,62,50
Squash(Long),2023-05-11,Kg,48,77,62
Okra,2023-05-11,Kg,78,118,98
Arum,2023-05-11,Kg,73,96,84
Barela,2023-05-11,Kg,41,66,53
Radish Red,2023-05-11,Kg,37,58,47
Mushroom(Button),2023-05-11,Kg,410,514,462
Mushroom(Kanya),2023-05-11,Kg,174,264,219
Spinach Leaf,2023-05-11,Kg,110,157,133
Mustard Leaf,2023-05-11,Kg,47,73,60
Coriander,2023-05-11,Kg,169,315,242
Garlic Dry Nepali,2023-05-11,Kg,234,354,294
Garlic Dry Chinese,2023-05-11,Kg,292,393,342
Ginger,2023-05-11,Kg,170,258,214
Chilly Green,2023-05-11,Kg,95,152,123
Capsicum,2023-05-11,Kg,113,159,136
Cucumber(Local),2023-05-11,Kg,72,105,88
Apple(Jholey),2023-05-11,Kg,159,291,225
Banana,2023-05-11,Dozen,124,180,152
Pomegranate,2023-05-11,Kg,314,387,350
Orange(Nepali),2023-05-11,Kg,93,158,125
Papaya(Indian),2023-05-11,Kg,97,141,119
Tomato Big(Nepali),2023-05-12,Kg,48,76,62
Tomato Small(Local),2023-05-12,Kg,36,63,49
Potato Red,2023-05-12,Kg,57,76,66
Potato White,2023-05-12,Kg,41,69,55
Onion Dry (Indian),2023-05-12,Kg,76,101,88
Carrot(Local),2023-05-12,Kg,97,144,120
Cabbage(Local),2023-05-12,Kg,37,49,43
Cauliflower Local,2023-05-12,Kg,56,90,73
Raddish White(Local),2023-05-12,Kg,23,41,32
Brinjal Long,2023-05-12,Kg,56,71,63
Cow pea(Long),2023-05-12,Kg,84,127,105
Green Peas,2023-05-12,Kg,132,165,148
French Bean(Local),2023-05-12,Kg,75,108,91
Bitter Gourd,2023-05-12,Kg,92,132,112
Bottle Gourd,2023-05-12,Kg,44,67,55
Pointed Gourd(Local),2023-05-12,Kg,70,118,94
Snake Gourd,2023-05-12,Kg,61,80,70
Sponge Gourd,2023-05-12,Kg,66,95,80
Pumpkin,2023-05-12,Kg,42,59,50
Squash(Long),2023-05-12,Kg,45,77,61
Okra,2023-05-12,Kg,77,102,89
Arum,2023-05-12,Kg,73,100,86
Barela,2023-05-12,Kg,42,68,55
Radish Red,2023-05-12,Kg,36,57,46
Mushroom(Button),2023-05-12,Kg,439,532,485
Mushroom(Kanya),2023-05-12,Kg,185,241,213
Spinach Leaf,2023-05-12,Kg,98,154,126
Mustard Leaf,2023-05-12,Kg,49,75,62
Coriander,2023-05-12,Kg,162,316,239
Garlic Dry Nepali,2023-05-12,Kg,229,366,297
Garlic Dry Chinese,2023-05-12,Kg,285,413,349
Ginger,2023-05-12,Kg,175,267,221
Chilly Green,2023-05-12,Kg,95,142,118
Capsicum,2023-05-12,Kg,107,156,131
Cucumber(Local),2023-05-12,Kg,72,102,87
Apple(Jholey),2023-05-12,Kg,176,276,226
Banana,2023-05-12,Dozen,120,160,140
Pomegranate,2023-05-12,Kg,304,420,362
Orange(Nepali),2023-05-12,Kg,88,162,125
Papaya(Indian),2023-05-12,Kg,83,137,110
Tomato Big(Nepali),2023-05-13,Kg,48,72,60
Tomato Small(Local),2023-05-13,Kg,36,59,47
Potato Red,2023-05-13,Kg,60,90,75
Potato White,2023-05-13,Kg,46,65,55
Onion Dry (Indian),2023-05-13,Kg,66,108,87
Carrot(Local),2023-05-13,Kg,89,120,104
Cabbage(Local),2023-05-13,Kg,37,58,47
Cauliflower Local,2023-05-13,Kg,57,97,77
Raddish White(Local),2023-05-13,Kg,23,44,33
Brinjal Long,2023-05-13,Kg,53,72,62
Cow pea(Long),2023-05-13,Kg,85,112,98
Green Peas,2023-05-13,Kg,141,169,155
French Bean(Local),2023-05-13,Kg,73,112,92
Bitter Gourd,2023-05-13,Kg,94,144,119
Bottle Gourd,2023-05-13,Kg,49,67,58
Pointed Gourd(Local),2023-05-13,Kg,71,112,91
Snake Gourd,2023-05-13,Kg,60,92,76
Sponge Gourd,2023-05-13,Kg,67,93,80
Pumpkin,2023-05-13,Kg,39,62,50
Squash(Long),2023-05-13,Kg,44,68,56
Okra,2023-05-13,Kg,81,114,97
Arum,2023-05-13,Kg,70,101,85
Barela,2023-05-13,Kg,41,72,56
Radish Red,2023-05-13,Kg,36,53,44
Mushroom(Button),2023-05-13,Kg,364,496,430
Mushroom(Kanya),2023-05-13,Kg,185,223,204
Spinach Leaf,2023-05-13,Kg,113,150,131
Mustard Leaf,2023-05-13,Kg,49,75,62
Coriander,2023-05-13,Kg,177,284,230
Garlic Dry Nepali,2023-05-13,Kg,211,345,278
Garlic Dry Chinese,2023-05-13,Kg,284,419,351
Ginger,2023-05-13,Kg,169,267,218
Chilly Green,2023-05-13,Kg,82,133,107
Capsicum,2023-05-13,Kg,118,179,148
Cucumber(Local),2023-05-13,Kg,66,111,88
Apple(Jholey),2023-05-13,Kg,172,316,244
Banana,2023-05-13,Dozen,120,155,137
Pomegranate,2023-05-13,Kg,294,391,342
Orange(Nepali),2023-05-13,Kg,97,150,123
Papaya(Indian),2023-05-13,Kg,93,144,118
Tomato Big(Nepali),2023-05-14,Kg,48,67,57
Tomato Small(Local),2023-05-14,Kg,34,56,45
Potato Red,2023-05-14,Kg,61,78,69
Potato White,2023-05-14,Kg,47,66,56
Onion Dry (Indian),2023-05-14,Kg,65,117,91
Carrot(Local),2023-05-14,Kg,87,132,109
Cabbage(Local),2023-05-14,Kg,37,55,46
Cauliflower Local,2023-05-14,Kg,54,95,74
Raddish White(Local),2023-05-14,Kg,25,41,33
Brinjal Long,2023-05-14,Kg,51,83,67
Cow pea(Long),2023-05-14,Kg,75,111,93
Green Peas,2023-05-14,Kg,146,186,166
French Bean(Local),2023-05-14,Kg,65,98,81
Bitter Gourd,2023-05-14,Kg,95,146,120
Bottle Gourd,2023-05-14,Kg,48,76,62
Pointed Gourd(Local),2023-05-14,Kg,70,105,87
Snake Gourd,2023-05-14,Kg,58,78,68
Sponge Gourd,2023-05-14,Kg,67,109,88
Pumpkin,2023-05-14,Kg,37,65,51
Squash(Long),2023-05-14,Kg,45,69,57
Okra,2023-05-14,Kg,84,117,100
Arum,2023-05-14,Kg,63,92,77
Barela,2023-05-14,Kg,49,62,55
Radish Red,2023-05-14,Kg,37,59,48
Mushroom(Button),2023-05-14,Kg,364,530,447
Mushroom(Kanya),2023-05-14,Kg,156,219,187
Spinach Leaf,2023-05-14,Kg,93,155,124
Mustard Leaf,2023-05-14,Kg,42,74,58
Coriander,2023-05-14,Kg,183,317,250
Garlic Dry Nepali,2023-05-14,Kg,221,343,282
Garlic Dry Chinese,2023-05-14,Kg,310,392,351
Ginger,2023-05-14,Kg,157,272,214
Chilly Green,2023-05-14,Kg,93,154,123
Capsicum,2023-05-14,Kg,123,160,141
Cucumber(Local),2023-05-14,Kg,71,113,92
Apple(Jholey),2023-05-14,Kg,156,320,238
Banana,2023-05-14,Dozen,110,161,135
Pomegranate,2023-05-14,Kg,295,449,372
Orange(Nepali),2023-05-14,Kg,98,163,130
Papaya(Indian),2023-05-14,Kg,98,126,112
Tomato Big(Nepali),2023-05-15,Kg,49,77,63
Tomato Small(Local),2023-05-15,Kg,32,61,46
Potato Red,2023-05-15,Kg,52,91,71
Potato White,2023-05-15,Kg,49,64,56
Onion Dry (Indian),2023-05-15,Kg,63,101,82
Carrot(Local),2023-05-15,Kg,82,142,112
Cabbage(Local),2023-05-15,Kg,34,57,45
Cauliflower Local,2023-05-15,Kg,57,97,77
Raddish White(Local),2023-05-15,Kg,24,42,33
Brinjal Long,2023-05-15,Kg,48,79,63
Cow pea(Long),2023-05-15,Kg,81,130,105
Green Peas,2023-05-15,Kg,131,183,157
French Bean(Local),2023-05-15,Kg,64,93,78
Bitter Gourd,2023-05-15,Kg,100,138,119
Bottle Gourd,2023-05-15,Kg,42,78,60
Pointed Gourd(Local),2023-05-15,Kg,63,100,81
Snake Gourd,2023-05-15,Kg,54,77,65
Sponge Gourd,2023-05-15,Kg,72,99,85
Pumpkin,2023-05-15,Kg,39,63,51
Squash(Long),2023-05-15,Kg,46,66,56
Okra,2023-05-15,Kg,76,113,94
Arum,2023-05-15,Kg,72,89,80
Barela,2023-05-15,Kg,47,67,57
Radish Red,2023-05-15,Kg,31,49,40
Mushroom(Button),2023-05-15,Kg,370,544,457
Mushroom(Kanya),2023-05-15,Kg,185,260,222
Spinach Leaf,2023-05-15,Kg,106,147,126
Mustard Leaf,2023-05-15,Kg,42,78,60
Coriander,2023-05-15,Kg,188,314,251
Garlic Dry Nepali,2023-05-15,Kg,247,333,290
Garlic Dry Chinese,2023-05-15,Kg,299,415,357
Ginger,2023-05-15,Kg,159,241,200
Chilly Green,2023-05-15,Kg,98,135,116
Capsicum,2023-05-15,Kg,120,155,137
Cucumber(Local),2023-05-15,Kg,74,109,91
Apple(Jholey),2023-05-15,Kg,172,276,224
Banana,2023-05-15,Dozen,106,163,134
Pomegranate,2023-05-15,Kg,296,447,371
Orange(Nepali),2023-05-15,Kg,84,161,122
Papaya(Indian),2023-05-15,Kg,89,139,114
Tomato Big(Nepali),2023-05-16,Kg,43,77,60
Tomato Small(Local),2023-05-16,Kg,35,54,44
Potato Red,2023-05-16,Kg,53,91,72
Potato White,2023-05-16,Kg,49,65,57
Onion Dry (Indian),2023-05-16,Kg,66,115,90
Carrot(Local),2023-05-16,Kg,91,122,106
Cabbage(Local),2023-05-16,Kg,34,58,46
Cauliflower Local,2023-05-16,Kg,56,102,79
Raddish White(Local),2023-05-16,Kg,24,38,31
Brinjal Long,2023-05-16,Kg,50,72,61
Cow pea(Long),2023-05-16,Kg,75,122,98
Green Peas,2023-05-16,Kg,147,179,163
French Bean(Local),2023-05-16,Kg,69,111,90
Bitter Gourd,2023-05-16,Kg,90,154,122
Bottle Gourd,2023-05-16,Kg,44,74,59
Pointed Gourd(Local),2023-05-16,Kg,73,102,87
Snake Gourd,2023-05-16,Kg,54,83,68
Sponge Gourd,2023-05-16,Kg,75,94,84
Pumpkin,2023-05-16,Kg,40,57,48
Squash(Long),2023-05-16,Kg,46,77,61
Okra,2023-05-16,Kg,86,101,93
Arum,2023-05-16,Kg,70,91,80
Barela,2023-05-16,Kg,45,64,54
Radish Red,2023-05-16,Kg,32,57,44
Mushroom(Button),2023-05-16,Kg,398,536,467
Mushroom(Kanya),2023-05-16,Kg,171,259,215
Spinach Leaf,2023-05-16,Kg,100,142,121
Mustard Leaf,2023-05-16,Kg,49,72,60
Coriander,2023-05-16,Kg,163,293,228
Garlic Dry Nepali,2023-05-16,Kg,241,338,289
Garlic Dry Chinese,2023-05-16,Kg,260,367,313
Ginger,2023-05-16,Kg,187,271,229
Chilly Green,2023-05-16,Kg,83,138,110
Capsicum,2023-05-16,Kg,111,165,138
Cucumber(Local),2023-05-16,Kg,73,112,92
Apple(Jholey),2023-05-16,Kg,156,278,217
Banana,2023-05-16,Dozen,108,155,131
Pomegranate,2023-05-16,Kg,287,402,344
Orange(Nepali),2023-05-16,Kg,84,142,113
Papaya(Indian),2023-05-16,Kg,85,136,110
Tomato Big(Nepali),2023-05-17,Kg,45,78,61
Tomato Small(Local),2023-05-17,Kg,31,58,44
Potato Red,2023-05-17,Kg,57,87,72
Potato White,2023-05-17,Kg,46,68,57
Onion Dry (Indian),2023-05-17,Kg,68,112,90
Carrot(Local),2023-05-17,Kg,90,131,110
Cabbage(Local),2023-05-17,Kg,33,50,41
Cauliflower Local,2023-05-17,Kg,54,100,77
Raddish White(Local),2023-05-17,Kg,24,44,34
Brinjal Long,2023-05-17,Kg,53,79,66
Cow pea(Long),2023-05-17,Kg,74,113,93
Green Peas,2023-05-17,Kg,149,195,172
French Bean(Local),2023-05-17,Kg,67,99,83
Bitter Gourd,2023-05-17,Kg,96,135,115
Bottle Gourd,2023-05-17,Kg,49,69,59
Pointed Gourd(Local),2023-05-17,Kg,69,109,89
Snake Gourd,2023-05-17,Kg,55,88,71
Sponge Gourd,2023-05-17,Kg,63,96,79
Pumpkin,2023-05-17,Kg,42,58,50
Squash(Long),2023-05-17,Kg,47,70,58
Okra,2023-05-17,Kg,78,99,88
Arum,2023-05-17,Kg,74,92,83
Barela,2023-05-17,Kg,47,67,57
Radish Red,2023-05-17,Kg,37,58,47
Mushroom(Button),2023-05-17,Kg,376,543,459
Mushroom(Kanya),2023-05-17,Kg,157,236,196
Spinach Leaf,2023-05-17,Kg,95,144,119
Mustard Leaf,2023-05-17,Kg,46,68,57
Coriander,2023-05-17,Kg,179,326,252
Garlic Dry Nepali,2023-05-17,Kg,222,325,273
Garlic Dry Chinese,2023-05-17,Kg,261,419,340
Ginger,2023-05-17,Kg,156,274,215
Chilly Green,2023-05-17,Kg,100,130,115
Capsicum,2023-05-17,Kg,117,161,139
Cucumber(Local),2023-05-17,Kg,70,109,89
Apple(Jholey),2023-05-17,Kg,161,282,221
Banana,2023-05-17,Dozen,108,169,138
Pomegranate,2023-05-17,Kg,303,381,342
Orange(Nepali),2023-05-17,Kg,97,154,125
Papaya(Indian),2023-05-17,Kg,93,125,109
Tomato Big(Nepali),2023-05-18,Kg,48,65,56
Tomato Small(Local),2023-05-18,Kg,36,63,49
Potato Red,2023-05-18,Kg,51,81,66
Potato White,2023-05-18,Kg,43,61,52
Onion Dry (Indian),2023-05-18,Kg,63,108,85
Carrot(Local),2023-05-18,Kg,100,124,112
Cabbage(Local),2023-05-18,Kg,32,52,42
Cauliflower Local,2023-05-18,Kg,52,102,77
Raddish White(Local),2023-05-18,Kg,20,41,30
Brinjal Long,2023-05-18,Kg,49,84,66
Cow pea(Long),2023-05-18,Kg,84,119,101
Green Peas,2023-05-18,Kg,144,183,163
French Bean(Local),2023-05-18,Kg,74,96,85
Bitter Gourd,2023-05-18,Kg,95,146,120
Bottle Gourd,2023-05-18,Kg,46,72,59
Pointed Gourd(Local),2023-05-18,Kg,61,98,79
Snake Gourd,2023-05-18,Kg,54,86,70
Sponge Gourd,2023-05-18,Kg,69,110,89
Pumpkin,2023-05-18,Kg,42,56,49
Squash(Long),2023-05-18,Kg,48,72,60
Okra,2023-05-18,Kg,87,99,93
Arum,2023-05-18,Kg,63,93,78
Barela,2023-05-18,Kg,45,71,58
Radish Red,2023-05-18,Kg,31,51,41
Mushroom(Button),2023-05-18,Kg,395,568,481
Mushroom(Kanya),2023-05-18,Kg,166,257,211
Spinach Leaf,2023-05-18,Kg,108,150,129
Mustard Leaf,2023-05-18,Kg,49,70,59
Coriander,2023-05-18,Kg,168,322,245
Garlic Dry Nepali,2023-05-18,Kg,207,365,286
Garlic Dry Chinese,2023-05-18,Kg,296,364,330
Ginger,2023-05-18,Kg,156,251,203
Chilly Green,2023-05-18,Kg,82,141,111
Capsicum,2023-05-18,Kg,121,171,146
Cucumber(Local),2023-05-18,Kg,67,104,85
Apple(Jholey),2023-05-18,Kg,186,312,249
Banana,2023-05-18,Dozen,121,156,138
Pomegranate,2023-05-18,Kg,267,400,333
Orange(Nepali),2023-05-18,Kg,92,148,120
Papaya(Indian),2023-05-18,Kg,99,133,116
Tomato Big(Nepali),2023-05-19,Kg,47,65,56
Tomato Small(Local),2023-05-19,Kg,31,63,47
Potato Red,2023-05-19,Kg,56,86,71
Potato White,2023-05-19,Kg,46,67,56
Onion Dry (Indian),2023-05-19,Kg,67,106,86
Carrot(Local),2023-05-19,Kg,91,132,111
Cabbage(Local),2023-05-19,Kg,35,58,46
Cauliflower Local,2023-05-19,Kg,54,99,76
Raddish White(Local),2023-05-19,Kg,23,42,32
Brinjal Long,2023-05-19,Kg,50,70,60
Cow pea(Long),2023-05-19,Kg,71,108,89
Green Peas,2023-05-19,Kg,133,165,149
French Bean(Local),2023-05-19,Kg,74,106,90
Bitter Gourd,2023-05-19,Kg,88,136,112
Bottle Gourd,2023-05-19,Kg,43,69,56
Pointed Gourd(Local),2023-05-19,Kg,71,116,93
Snake Gourd,2023-05-19,Kg,61,82,71
Sponge Gourd,2023-05-19,Kg,69,103,86
Pumpkin,2023-05-19,Kg,39,60,49
Squash(Long),2023-05-19,Kg,44,76,60
Okra,2023-05-19,Kg,84,110,97
Arum,2023-05-19,Kg,71,93,82
Barela,2023-05-19,Kg,46,63,54
Radish Red,2023-05-19,Kg,31,57,44
Mushroom(Button),2023-05-19,Kg,391,500,445
Mushroom(Kanya),2023-05-19,Kg,155,249,202
Spinach Leaf,2023-05-19,Kg,109,137,123
Mustard Leaf,2023-05-19,Kg,45,67,56
Coriander,2023-05-19,Kg,170,306,238
Garlic Dry Nepali,2023-05-19,Kg,224,334,279
Garlic Dry Chinese,2023-05-19,Kg,286,357,321
Ginger,2023-05-19,Kg,171,246,208
Chilly Green,2023-05-19,Kg,91,147,119
Capsicum,2023-05-19,Kg,124,179,151
Cucumber(Local),2023-05-19,Kg,63,114,88
Apple(Jholey),2023-05-19,Kg,165,318,241
Banana,2023-05-19,Dozen,103,174,138
Pomegranate,2023-05-19,Kg,288,393,340
Orange(Nepali),2023-05-19,Kg,83,150,116
Papaya(Indian),2023-05-19,Kg,98,142,120
Tomato Big(Nepali),2023-05-20,Kg,42,77,59
Tomato Small(Local),2023-05-20,Kg,36,60,48
Potato Red,2023-05-20,Kg,57,79,68
Potato White,2023-05-20,Kg,45,59,52
Onion Dry (Indian),2023-05-20,Kg,63,103,83
Carrot(Local),2023-05-20,Kg,82,125,103
Cabbage(Local),2023-05-20,Kg,35,54,44
Cauliflower Local,2023-05-20,Kg,53,94,73
Raddish White(Local),2023-05-20,Kg,21,44,32
Brinjal Long,2023-05-20,Kg,55,71,63
Cow pea(Long),2023-05-20,Kg,77,115,96
Green Peas,2023-05-20,Kg,137,166,151
French Bean(Local),2023-05-20,Kg,73,97,85
Bitter Gourd,2023-05-20,Kg,95,148,121
Bottle Gourd,2023-05-20,Kg,47,75,61
Pointed Gourd(Local),2023-05-20,Kg,68,110,89
Snake Gourd,2023-05-20,Kg,58,87,72
Sponge Gourd,2023-05-20,Kg,67,101,84
Pumpkin,2023-05-20,Kg,42,54,48
Squash(Long),2023-05-20,Kg,49,66,57
Okra,2023-05-20,Kg,82,114,98
Arum,2023-05-20,Kg,71,89,80
Barela,2023-05-20,Kg,42,62,52
Radish Red,2023-05-20,Kg,34,57,45
Mushroom(Button),2023-05-20,Kg,397,489,443
Mushroom(Kanya),2023-05-20,Kg,171,224,197
Spinach Leaf,2023-05-20,Kg,105,139,122
Mustard Leaf,2023-05-20,Kg,43,69,56
Coriander,2023-05-20,Kg,186,293,239
Garlic Dry Nepali,2023-05-20,Kg,204,356,280
Garlic Dry Chinese,2023-05-20,Kg,309,413,361
Ginger,2023-05-20,Kg,182,272,227
Chilly Green,2023-05-20,Kg,82,140,111
Capsicum,2023-05-20,Kg,116,157,136
Cucumber(Local),2023-05-20,Kg,63,100,81
Apple(Jholey),2023-05-20,Kg,169,311,240
Banana,2023-05-20,Dozen,102,152,127
Pomegranate,2023-05-20,Kg,282,403,342
Orange(Nepali),2023-05-20,Kg,92,143,117
Papaya(Indian),2023-05-20,Kg,98,122,110
Tomato Big(Nepali),2023-05-21,Kg,42,72,57
Tomato Small(Local),2023-05-21,Kg,32,59,45
Potato Red,2023-05-21,Kg,57,81,69
Potato White,2023-05-21,Kg,44,63,53
Onion Dry (Indian),2023-05-21,Kg,64,104,84
Carrot(Local),2023-05-21,Kg,93,139,116
Cabbage(Local),2023-05-21,Kg,35,57,46
Cauliflower Local,2023-05-21,Kg,54,97,75
Raddish White(Local),2023-05-21,Kg,21,38,29
Brinjal Long,2023-05-21,Kg,48,80,64
Cow pea(Long),2023-05-21,Kg,85,125,105
Green Peas,2023-05-21,Kg,132,182,157
French Bean(Local),2023-05-21,Kg,71,92,81
Bitter Gourd,2023-05-21,Kg,88,134,111
Bottle Gourd,2023-05-21,Kg,44,65,54
Pointed Gourd(Local),2023-05-21,Kg,69,99,84
Snake Gourd,2023-05-21,Kg,61,85,73
Sponge Gourd,2023-05-21,Kg,63,97,80
Pumpkin,2023-05-21,Kg,43,54,48
Squash(Long),2023-05-21,Kg,45,68,56
Okra,2023-05-21,Kg,79,96,87
Arum,2023-05-21,Kg,65,91,78
Barela,2023-05-21,Kg,41,69,55
Radish Red,2023-05-21,Kg,37,52,44
Mushroom(Button),2023-05-21,Kg,430,514,472
Mushroom(Kanya),2023-05-21,Kg,162,243,202
Spinach Leaf,2023-05-21,Kg,108,154,131
Mustard Leaf,2023-05-21,Kg,48,73,60
Coriander,2023-05-21,Kg,182,278,230
Garlic Dry Nepali,2023-05-21,Kg,230,342,286
Garlic Dry Chinese,2023-05-21,Kg,302,368,335
Ginger,2023-05-21,Kg,182,241,211
Chilly Green,2023-05-21,Kg,83,137,110
Capsicum,2023-05-21,Kg,111,176,143
Cucumber(Local),2023-05-21,Kg,68,100,84
Apple(Jholey),2023-05-21,Kg,184,279,231
Banana,2023-05-21,Dozen,122,174,148
Pomegranate,2023-05-21,Kg,292,425,358
Orange(Nepali),2023-05-21,Kg,85,141,113
Papaya(Indian),2023-05-21,Kg,82,133,107
Tomato Big(Nepali),2023-05-22,Kg,45,72,58
Tomato Small(Local),2023-05-22,Kg,35,59,47
Potato Red,2023-05-22,Kg,53,85,69
Potato White,2023-05-22,Kg,49,64,56
Onion Dry (Indian),2023-05-22,Kg,71,111,91
Carrot(Local),2023-05-22,Kg,95,131,113
Cabbage(Local),2023-05-22,Kg,35,48,41
Cauliflower Local,2023-05-22,Kg,55,95,75
Raddish White(Local),2023-05-22,Kg,24,38,31
Brinjal Long,2023-05-22,Kg,52,79,65
Cow pea(Long),2023-05-22,Kg,75,107,91
Green Peas,2023-05-22,Kg,147,175,161
French Bean(Local),2023-05-22,Kg,71,107,89
Bitter Gourd,2023-05-22,Kg,83,140,111
Bottle Gourd,2023-05-22,Kg,46,64,55
Pointed Gourd(Local),2023-05-22,Kg,73,104,88
Snake Gourd,2023-05-22,Kg,60,84,72
Sponge Gourd,2023-05-22,Kg,71,95,83
Pumpkin,2023-05-22,Kg,36,63,49
Squash(Long),2023-05-22,Kg,45,71,58
Okra,2023-05-22,Kg,86,105,95
Arum,2023-05-22,Kg,62,87,74
Barela,2023-05-22,Kg,43,70,56
Radish Red,2023-05-22,Kg,35,48,41
Mushroom(Button),2023-05-22,Kg,390,579,484
Mushroom(Kanya),2023-05-22,Kg,170,239,204
Spinach Leaf,2023-05-22,Kg,110,154,132
Mustard Leaf,2023-05-22,Kg,48,66,57
Coriander,2023-05-22,Kg,178,312,245
Garlic Dry Nepali,2023-05-22,Kg,232,305,268
Garlic Dry Chinese,2023-05-22,Kg,293,361,327
Ginger,2023-05-22,Kg,180,264,222
Chilly Green,2023-05-22,Kg,85,130,107
Capsicum,2023-05-22,Kg,109,174,141
Cucumber(Local),2023-05-22,Kg,70,106,88
Apple(Jholey),2023-05-22,Kg,156,294,225
Banana,2023-05-22,Dozen,116,165,140
Pomegranate,2023-05-22,Kg,267,380,323
Orange(Nepali),2023-05-22,Kg,98,161,129
Papaya(Indian),2023-05-22,Kg,93,128,110
Tomato Big(Nepali),2023-05-23,Kg,42,74,58
Tomato Small(Local),2023-05-23,Kg,30,59,44
Potato Red,2023-05-23,Kg,57,77,67
Potato White,2023-05-23,Kg,41,66,53
Onion Dry (Indian),2023-05-23,Kg,67,101,84
Carrot(Local),2023-05-23,Kg,93,118,105
Cabbage(Local),2023-05-23,Kg,30,49,39
Cauliflower Local,2023-05-23,Kg,51,101,76
Raddish White(Local),2023-05-23,Kg,20,40,30
Brinjal Long,2023-05-23,Kg,55,70,62
Cow pea(Long),2023-05-23,Kg,76,113,94
Green Peas,2023-05-23,Kg,143,164,153
French Bean(Local),2023-05-23,Kg,66,100,83
Bitter Gourd,2023-05-23,Kg,87,139,113
Bottle Gourd,2023-05-23,Kg,45,72,58
Pointed Gourd(Local),2023-05-23,Kg,67,104,85
Snake Gourd,2023-05-23,Kg,56,86,71
Sponge Gourd,2023-05-23,Kg,72,94,83
Pumpkin,2023-05-23,Kg,40,58,49
Squash(Long),2023-05-23,Kg,42,75,58
Okra,2023-05-23,Kg,81,100,90
Arum,2023-05-23,Kg,73,96,84
Barela,2023-05-23,Kg,42,70,56
Radish Red,2023-05-23,Kg,32,48,40
Mushroom(Button),2023-05-23,Kg,420,492,456
Mushroom(Kanya),2023-05-23,Kg,163,255,209
Spinach Leaf,2023-05-23,Kg,110,131,120
Mustard Leaf,2023-05-23,Kg,46,64,55
Coriander,2023-05-23,Kg,184,321,252
Garlic Dry Nepali,2023-05-23,Kg,206,352,279
Garlic Dry Chinese,2023-05-23,Kg,288,368,328
Ginger,2023-05-23,Kg,182,245,213
Chilly Green,2023-05-23,Kg,84,143,113
Capsicum,2023-05-23,Kg,114,178,146
Cucumber(Local),2023-05-23,Kg,72,97,84
Apple(Jholey),2023-05-23,Kg,153,307,230
Banana,2023-05-23,Dozen,103,157,130
Pomegranate,2023-05-23,Kg,260,384,322
Orange(Nepali),2023-05-23,Kg,97,164,130
Papaya(Indian),2023-05-23,Kg,97,132,114
Tomato Big(Nepali),2023-05-24,Kg,42,73,57
Tomato Small(Local),2023-05-24,Kg,37,57,47
Potato Red,2023-05-24,Kg,55,90,72
Potato White,2023-05-24,Kg,43,67,55
Onion Dry (Indian),2023-05-24,Kg,66,111,88
Carrot(Local),2023-05-24,Kg,97,134,115
Cabbage(Local),2023-05-24,Kg,35,48,41
Cauliflower Local,2023-05-24,Kg,59,95,77
Raddish White(Local),2023-05-24,Kg,24,37,30
Brinjal Long,2023-05-24,Kg,52,79,65
Cow pea(Long),2023-05-24,Kg,71,116,93
Green Peas,2023-05-24,Kg,141,166,153
French Bean(Local),2023-05-24,Kg,68,107,87
Bitter Gourd,2023-05-24,Kg,86,153,119
Bottle Gourd,2023-05-24,Kg,41,77,59
Pointed Gourd(Local),2023-05-24,Kg,70,102,86
Snake Gourd,2023-05-24,Kg,51,83,67
Sponge Gourd,2023-05-24,Kg,63,101,82
Pumpkin,2023-05-24,Kg,42,63,52
Squash(Long),2023-05-24,Kg,42,64,53
Okra,2023-05-24,Kg,80,105,92
Arum,2023-05-24,Kg,68,90,79
Barela,2023-05-24,Kg,40,65,52
Radish Red,2023-05-24,Kg,35,52,43
Mushroom(Button),2023-05-24,Kg,381,501,441
Mushroom(Kanya),2023-05-24,Kg,169,258,213
Spinach Leaf,2023-05-24,Kg,96,152,124
Mustard Leaf,2023-05-24,Kg,40,65,52
Coriander,2023-05-24,Kg,154,284,219
Garlic Dry Nepali,2023-05-24,Kg,224,317,270
Garlic Dry Chinese,2023-05-24,Kg,253,360,306
Ginger,2023-05-24,Kg,151,248,199
Chilly Green,2023-05-24,Kg,83,129,106
Capsicum,2023-05-24,Kg,103,167,135
Cucumber(Local),2023-05-24,Kg,66,112,89
Apple(Jholey),2023-05-24,Kg,174,318,246
Banana,2023-05-24,Dozen,118,153,135
Pomegranate,2023-05-24,Kg,303,451,377
Orange(Nepali),2023-05-24,Kg,90,146,118
Papaya(Indian),2023-05-24,Kg,83,130,106
Tomato Big(Nepali),2023-05-25,Kg,48,71,59
Tomato Small(Local),2023-05-25,Kg,31,57,44
Potato Red,2023-05-25,Kg,55,76,65
Potato White,2023-05-25,Kg,41,65,53
Onion Dry (Indian),2023-05-25,Kg,63,115,89
Carrot(Local),2023-05-25,Kg,98,119,108
Cabbage(Local),2023-05-25,Kg,36,53,44
Cauliflower Local,2023-05-25,Kg,52,93,72
Raddish White(Local),2023-05-25,Kg,23,42,32
Brinjal Long,2023-05-25,Kg,48,78,63
Cow pea(Long),2023-05-25,Kg,84,118,101
Green Peas,2023-05-25,Kg,136,162,149
French Bean(Local),2023-05-25,Kg,62,98,80
Bitter Gourd,2023-05-25,Kg,94,149,121
Bottle Gourd,2023-05-25,Kg,48,65,56
Pointed Gourd(Local),2023-05-25,Kg,64,98,81
Snake Gourd,2023-05-25,Kg,59,84,71
Sponge Gourd,2023-05-25,Kg,64,98,81
Pumpkin,2023-05-25,Kg,38,55,46
Squash(Long),2023-05-25,Kg,44,73,58
Okra,2023-05-25,Kg,81,115,98
Arum,2023-05-25,Kg,67,93,80
Barela,2023-05-25,Kg,42,65,53
Radish Red,2023-05-25,Kg,33,55,44
Mushroom(Button),2023-05-25,Kg,353,561,457
Mushroom(Kanya),2023-05-25,Kg,168,228,198
Spinach Leaf,2023-05-25,Kg,107,136,121
Mustard Leaf,2023-05-25,Kg,40,76,58
Coriander,2023-05-25,Kg,160,270,215
Garlic Dry Nepali,2023-05-25,Kg,220,339,279
Garlic Dry Chinese,2023-05-25,Kg,290,394,342
Ginger,2023-05-25,Kg,166,280,223
Chilly Green,2023-05-25,Kg,83,131,107
Capsicum,2023-05-25,Kg,114,180,147
Cucumber(Local),2023-05-25,Kg,61,97,79
Apple(Jholey),2023-05-25,Kg,157,295,226
Banana,2023-05-25,Dozen,106,155,130
Pomegranate,2023-05-25,Kg,306,442,374
Orange(Nepali),2023-05-25,Kg,95,157,126
Papaya(Indian),2023-05-25,Kg,86,139,112
Tomato Big(Nepali),2023-05-26,Kg,48,72,60
Tomato Small(Local),2023-05-26,Kg,36,63,49
Potato Red,2023-05-26,Kg,52,86,69
Potato White,2023-05-26,Kg,41,63,52
Onion Dry (Indian),2023-05-26,Kg,73,108,90
Carrot(Local),2023-05-26,Kg,82,130,106
Cabbage(Local),2023-05-26,Kg,33,56,44
Cauliflower Local,2023-05-26,Kg,59,92,75
Raddish White(Local),2023-05-26,Kg,22,37,29
Brinjal Long,2023-05-26,Kg,55,70,62
Cow pea(Long),2023-05-26,Kg,83,107,95
Green Peas,2023-05-26,Kg,146,167,156
French Bean(Local),2023-05-26,Kg,72,103,87
Bitter Gourd,2023-05-26,Kg,95,129,112
Bottle Gourd,2023-05-26,Kg,44,75,59
Pointed Gourd(Local),2023-05-26,Kg,63,108,85
Snake Gourd,2023-05-26,Kg,60,74,67
Sponge Gourd,2023-05-26,Kg,73,107,90
Pumpkin,2023-05-26,Kg,40,58,49
Squash(Long),2023-05-26,Kg,47,65,56
Okra,2023-05-26,Kg,81,102,91
Arum,2023-05-26,Kg,65,97,81
Barela,2023-05-26,Kg,45,67,56
Radish Red,2023-05-26,Kg,31,55,43
Mushroom(Button),2023-05-26,Kg,359,568,463
Mushroom(Kanya),2023-05-26,Kg,159,246,202
Spinach Leaf,2023-05-26,Kg,95,131,113
Mustard Leaf,2023-05-26,Kg,45,63,54
Coriander,2023-05-26,Kg,167,271,219
Garlic Dry Nepali,2023-05-26,Kg,213,359,286
Garlic Dry Chinese,2023-05-26,Kg,299,378,338
Ginger,2023-05-26,Kg,158,278,218
Chilly Green,2023-05-26,Kg,84,153,118
Capsicum,2023-05-26,Kg,113,154,133
Cucumber(Local),2023-05-26,Kg,69,114,91
Apple(Jholey),2023-05-26,Kg,160,302,231
Banana,2023-05-26,Dozen,111,175,143
Pomegranate,2023-05-26,Kg,294,421,357
Orange(Nepali),2023-05-26,Kg,96,155,125
Papaya(Indian),2023-05-26,Kg,96,139,117
Tomato Big(Nepali),2023-05-27,Kg,44,66,55
Tomato Small(Local),2023-05-27,Kg,34,53,43
Potato Red,2023-05-27,Kg,59,77,68
Potato White,2023-05-27,Kg,45,68,56
Onion Dry (Indian),2023-05-27,Kg,63,113,88
Carrot(Local),2023-05-27,Kg,93,127,110
Cabbage(Local),2023-05-27,Kg,36,55,45
Cauliflower Local,2023-05-27,Kg,53,102,77
Raddish White(Local),2023-05-27,Kg,24,41,32
Brinjal Long,2023-05-27,Kg,55,75,65
Cow pea(Long),2023-05-27,Kg,80,127,103
Green Peas,2023-05-27,Kg,121,183,152
French Bean(Local),2023-05-27,Kg,65,92,78
Bitter Gourd,2023-05-27,Kg,95,129,112
Bottle Gourd,2023-05-27,Kg,46,74,60
Pointed Gourd(Local),2023-05-27,Kg,70,112,91
Snake Gourd,2023-05-27,Kg,52,78,65
Sponge Gourd,2023-05-27,Kg,73,106,89
Pumpkin,2023-05-27,Kg,41,60,50
Squash(Long),2023-05-27,Kg,48,72,60
Okra,2023-05-27,Kg,76,110,93
Arum,2023-05-27,Kg,71,89,80
Barela,2023-05-27,Kg,48,65,56
Radish Red,2023-05-27,Kg,34,51,42
Mushroom(Button),2023-05-27,Kg,405,494,449
Mushroom(Kanya),2023-05-27,Kg,182,218,200
Spinach Leaf,2023-05-27,Kg,90,145,117
Mustard Leaf,2023-05-27,Kg,41,69,55
Coriander,2023-05-27,Kg,154,286,220
Garlic Dry Nepali,2023-05-27,Kg,207,356,281
Garlic Dry Chinese,2023-05-27,Kg,252,341,296
Ginger,2023-05-27,Kg,159,252,205
Chilly Green,2023-05-27,Kg,81,129,105
Capsicum,2023-05-27,Kg,105,172,138
Cucumber(Local),2023-05-27,Kg,72,95,83
Apple(Jholey),2023-05-27,Kg,160,304,232
Banana,2023-05-27,Dozen,115,178,146
Pomegranate,2023-05-27,Kg,265,420,342
Orange(Nepali),2023-05-27,Kg,87,163,125
Papaya(Indian),2023-05-27,Kg,83,128,105
Tomato Big(Nepali),2023-05-28,Kg,41,70,55
Tomato Small(Local),2023-05-28,Kg,33,59,46
Potato Red,2023-05-28,Kg,50,84,67
Potato White,2023-05-28,Kg,41,58,49
Onion Dry (Indian),2023-05-28,Kg,69,106,87
Carrot(Local),2023-05-28,Kg,93,133,113
Cabbage(Local),2023-05-28,Kg,36,57,46
Cauliflower Local,2023-05-28,Kg,54,94,74
Raddish White(Local),2023-05-28,Kg,20,38,29
Brinjal Long,2023-05-28,Kg,51,79,65
Cow pea(Long),2023-05-28,Kg,80,122,101
Green Peas,2023-05-28,Kg,135,179,157
French Bean(Local),2023-05-28,Kg,65,98,81
Bitter Gourd,2023-05-28,Kg,89,150,119
Bottle Gourd,2023-05-28,Kg,47,71,59
Pointed Gourd(Local),2023-05-28,Kg,72,113,92
Snake Gourd,2023-05-28,Kg,59,75,67
Sponge Gourd,2023-05-28,Kg,64,98,81
Pumpkin,2023-05-28,Kg,40,61,50
Squash(Long),2023-05-28,Kg,46,63,54
Okra,2023-05-28,Kg,82,107,94
Arum,2023-05-28,Kg,68,93,80
Barela,2023-05-28,Kg,42,58,50
Radish Red,2023-05-28,Kg,34,54,44
Mushroom(Button),2023-05-28,Kg,382,562,472
Mushroom(Kanya),2023-05-28,Kg,180,229,204
Spinach Leaf,2023-05-28,Kg,103,148,125
Mustard Leaf,2023-05-28,Kg,48,73,60
Coriander,2023-05-28,Kg,160,276,218
Garlic Dry Nepali,2023-05-28,Kg,230,343,286
Garlic Dry Chinese,2023-05-28,Kg,286,379,332
Ginger,2023-05-28,Kg,175,273,224
Chilly Green,2023-05-28,Kg,82,151,116
Capsicum,2023-05-28,Kg,101,150,125
Cucumber(Local),2023-05-28,Kg,70,102,86
Apple(Jholey),2023-05-28,Kg,169,271,220
Banana,2023-05-28,Dozen,101,159,130
Pomegranate,2023-05-28,Kg,260,376,318
Orange(Nepali),2023-05-28,Kg,88,147,117
Papaya(Indian),2023-05-28,Kg,90,136,113
Tomato Big(Nepali),2023-05-29,Kg,43,66,54
Tomato Small(Local),2023-05-29,Kg,35,55,45
Potato Red,2023-05-29,Kg,53,82,67
Potato White,2023-05-29,Kg,44,68,56
Onion Dry (Indian),2023-05-29,Kg,60,100,80
Carrot(Local),2023-05-29,Kg,88,122,105
Cabbage(Local),2023-05-29,Kg,34,47,40
Cauliflower Local,2023-05-29,Kg,54,96,75
Raddish White(Local),2023-05-29,Kg,20,38,29
Brinjal Long,2023-05-29,Kg,46,73,59
Cow pea(Long),2023-05-29,Kg,81,121,101
Green Peas,2023-05-29,Kg,135,176,155
French Bean(Local),2023-05-29,Kg,61,104,82
Bitter Gourd,2023-05-29,Kg,92,137,114
Bottle Gourd,2023-05-29,Kg,43,68,55
Pointed Gourd(Local),2023-05-29,Kg,61,104,82
Snake Gourd,2023-05-29,Kg,50,86,68
Sponge Gourd,2023-05-29,Kg,66,106,86
Pumpkin,2023-05-29,Kg,35,55,45
Squash(Long),2023-05-29,Kg,43,72,57
Okra,2023-05-29,Kg,72,98,85
Arum,2023-05-29,Kg,60,92,76
Barela,2023-05-29,Kg,46,60,53
Radish Red,2023-05-29,Kg,32,52,42
Mushroom(Button),2023-05-29,Kg,355,561,458
Mushroom(Kanya),2023-05-29,Kg,177,213,195
Spinach Leaf,2023-05-29,Kg,99,139,119
Mustard Leaf,2023-05-29,Kg,40,71,55
Coriander,2023-05-29,Kg,174,277,225
Garlic Dry Nepali,2023-05-29,Kg,217,324,270
Garlic Dry Chinese,2023-05-29,Kg,254,348,301
Ginger,2023-05-29,Kg,180,234,207
Chilly Green,2023-05-29,Kg,88,136,112
Capsicum,2023-05-29,Kg,100,156,128
Cucumber(Local),2023-05-29,Kg,65,99,82
Apple(Jholey),2023-05-29,Kg,173,280,226
Banana,2023-05-29,Dozen,105,156,130
Pomegranate,2023-05-29,Kg,299,373,336
Orange(Nepali),2023-05-29,Kg,87,139,113
Papaya(Indian),2023-05-29,Kg,93,122,107
Tomato Big(Nepali),2023-05-30,Kg,42,65,53
Tomato Small(Local),2023-05-30,Kg,35,56,45
Potato Red,2023-05-30,Kg,58,86,72
Potato White,2023-05-30,Kg,44,57,50
Onion Dry (Indian),2023-05-30,Kg,72,98,85
Carrot(Local),2023-05-30,Kg,90,136,113
Cabbage(Local),2023-05-30,Kg,36,48,42
Cauliflower Local,2023-05-30,Kg,51,84,67
Raddish White(Local),2023-05-30,Kg,20,42,31
Brinjal Long,2023-05-30,Kg,45,81,63
Cow pea(Long),2023-05-30,Kg,85,121,103
Green Peas,2023-05-30,Kg,123,190,156
French Bean(Local),2023-05-30,Kg,60,89,74
Bitter Gourd,2023-05-30,Kg,80,148,114
Bottle Gourd,2023-05-30,Kg,45,73,59
Pointed Gourd(Local),2023-05-30,Kg,66,95,80
Snake Gourd,2023-05-30,Kg,50,86,68
Sponge Gourd,2023-05-30,Kg,68,100,84
Pumpkin,2023-05-30,Kg,40,53,46
Squash(Long),2023-05-30,Kg,42,68,55
Okra,2023-05-30,Kg,72,109,90
Arum,2023-05-30,Kg,67,85,76
Barela,2023-05-30,Kg,40,69,54
Radish Red,2023-05-30,Kg,31,56,43
Mushroom(Button),2023-05-30,Kg,400,564,482
Mushroom(Kanya),2023-05-30,Kg,164,237,200
Spinach Leaf,2023-05-30,Kg,104,136,120
Mustard Leaf,2023-05-30,Kg,41,70,55
Coriander,2023-05-30,Kg,173,284,228
Garlic Dry Nepali,2023-05-30,Kg,227,338,282
Garlic Dry Chinese,2023-05-30,Kg,280,402,341
Ginger,2023-05-30,Kg,155,234,194
Chilly Green,2023-05-30,Kg,86,128,107
Capsicum,2023-05-30,Kg,117,161,139
Cucumber(Local),2023-05-30,Kg,69,97,83
Apple(Jholey),2023-05-30,Kg,158,268,213
Banana,2023-05-30,Dozen,110,158,134
Pomegranate,2023-05-30,Kg,258,414,336
Orange(Nepali),2023-05-30,Kg,89,159,124
Papaya(Indian),2023-05-30,Kg,88,139,113
Tomato Big(Nepali),2023-05-31,Kg,44,68,56
Tomato Small(Local),2023-05-31,Kg,36,61,48
Potato Red,2023-05-31,Kg,52,73,62
Potato White,2023-05-31,Kg,40,66,53
Onion Dry (Indian),2023-05-31,Kg,67,110,88
Carrot(Local),2023-05-31,Kg,82,134,108
Cabbage(Local),2023-05-31,Kg,33,53,43
Cauliflower Local,2023-05-31,Kg,53,92,72
Raddish White(Local),2023-05-31,Kg,20,39,29
Brinjal Long,2023-05-31,Kg,51,75,63
Cow pea(Long),2023-05-31,Kg,84,118,101
Green Peas,2023-05-31,Kg,122,173,147
French Bean(Local),2023-05-31,Kg,65,95,80
Bitter Gourd,2023-05-31,Kg,93,130,111
Bottle Gourd,2023-05-31,Kg,43,63,53
Pointed Gourd(Local),2023-05-31,Kg,62,96,79
Snake Gourd,2023-05-31,Kg,51,86,68
Sponge Gourd,2023-05-31,Kg,69,105,87
Pumpkin,2023-05-31,Kg,41,61,51
Squash(Long),2023-05-31,Kg,41,64,52
Okra,2023-05-31,Kg,70,97,83
Arum,2023-05-31,Kg,70,97,83
Barela,2023-05-31,Kg,41,66,53
Radish Red,2023-05-31,Kg,35,48,41
Mushroom(Button),2023-05-31,Kg,366,508,437
Mushroom(Kanya),2023-05-31,Kg,177,246,211
Spinach Leaf,2023-05-31,Kg,99,126,112
Mustard Leaf,2023-05-31,Kg,46,63,54
Coriander,2023-05-31,Kg,177,279,228
Garlic Dry Nepali,2023-05-31,Kg,203,348,275
Garlic Dry Chinese,2023-05-31,Kg,269,387,328
Ginger,2023-05-31,Kg,173,231,202
Chilly Green,2023-05-31,Kg,91,142,116
Capsicum,2023-05-31,Kg,113,166,139
Cucumber(Local),2023-05-31,Kg,60,94,77
Apple(Jholey),2023-05-31,Kg,157,316,236
Banana,2023-05-31,Dozen,101,172,136
Pomegranate,2023-05-31,Kg,294,421,357
Orange(Nepali),2023-05-31,Kg,90,139,114
Papaya(Indian),2023-05-31,Kg,92,117,104
Tomato Big(Nepali),2023-06-01,Kg,39,69,54
Tomato Small(Local),2023-06-01,Kg,34,61,47
Potato Red,2023-06-01,Kg,58,78,68
Potato White,2023-06-01,Kg,46,63,54
Onion Dry (Indian),2023-06-01,Kg,64,112,88
Carrot(Local),2023-06-01,Kg,87,130,108
Cabbage(Local),2023-06-01,Kg,30,50,40
Cauliflower Local,2023-06-01,Kg,49,95,72
Raddish White(Local),2023-06-01,Kg,21,40,30
Brinjal Long,2023-06-01,Kg,50,76,63
Cow pea(Long),2023-06-01,Kg,75,118,96
Green Peas,2023-06-01,Kg,143,174,158
French Bean(Local),2023-06-01,Kg,64,93,78
Bitter Gourd,2023-06-01,Kg,86,129,107
Bottle Gourd,2023-06-01,Kg,43,70,56
Pointed Gourd(Local),2023-06-01,Kg,70,101,85
Snake Gourd,2023-06-01,Kg,51,83,67
Sponge Gourd,2023-06-01,Kg,64,97,80
Pumpkin,2023-06-01,Kg,35,59,47
Squash(Long),2023-06-01,Kg,40,72,56
Okra,2023-06-01,Kg,76,106,91
Arum,2023-06-01,Kg,61,89,75
Barela,2023-06-01,Kg,39,66,52
Radish Red,2023-06-01,Kg,35,48,41
Mushroom(Button),2023-06-01,Kg,395,484,439
Mushroom(Kanya),2023-06-01,Kg,175,217,196
Spinach Leaf,2023-06-01,Kg,89,149,119
Mustard Leaf,2023-06-01,Kg,44,63,53
Coriander,2023-06-01,Kg,168,267,217
Garlic Dry Nepali,2023-06-01,Kg,206,352,279
Garlic Dry Chinese,2023-06-01,Kg,274,336,305
Ginger,2023-06-01,Kg,171,249,210
Chilly Green,2023-06-01,Kg,81,138,109
Capsicum,2023-06-01,Kg,111,175,143
Cucumber(Local),2023-06-01,Kg,65,99,82
Apple(Jholey),2023-06-01,Kg,174,265,219
Banana,2023-06-01,Dozen,114,156,135
Pomegranate,2023-06-01,Kg,280,395,337
Orange(Nepali),2023-06-01,Kg,91,136,113
Papaya(Indian),2023-06-01,Kg,85,131,108
Tomato Big(Nepali),2023-06-02,Kg,42,69,55
Tomato Small(Local),2023-06-02,Kg,31,54,42
Potato Red,2023-06-02,Kg,57,80,68
Potato White,2023-06-02,Kg,46,69,57
Onion Dry (Indian),2023-06-02,Kg,64,107,85
Carrot(Local),2023-06-02,Kg,79,130,104
Cabbage(Local),2023-06-02,Kg,34,48,41
Cauliflower Local,2023-06-02,Kg,57,89,73
Raddish White(Local),2023-06-02,Kg,21,37,29
Brinjal Long,2023-06-02,Kg,45,71,58
Cow pea(Long),2023-06-02,Kg,73,105,89
Green Peas,2023-06-02,Kg,129,163,146
French Bean(Local),2023-06-02,Kg,70,98,84
Bitter Gourd,2023-06-02,Kg,95,132,113
Bottle Gourd,2023-06-02,Kg,48,74,61
Pointed Gourd(Local),2023-06-02,Kg,59,107,83
Snake Gourd,2023-06-02,Kg,55,78,66
Sponge Gourd,2023-06-02,Kg,67,96,81
Pumpkin,2023-06-02,Kg,42,52,47
Squash(Long),2023-06-02,Kg,39,75,57
Okra,2023-06-02,Kg,82,102,92
Arum,2023-06-02,Kg,66,96,81
Barela,2023-06-02,Kg,41,68,54
Radish Red,2023-06-02,Kg,33,55,44
Mushroom(Button),2023-06-02,Kg,413,519,466
Mushroom(Kanya),2023-06-02,Kg,180,225,202
Spinach Leaf,2023-06-02,Kg,106,129,117
Mustard Leaf,2023-06-02,Kg,43,68,55
Coriander,2023-06-02,Kg,167,284,225
Garlic Dry Nepali,2023-06-02,Kg,223,323,273
Garlic Dry Chinese,2023-06-02,Kg,295,343,319
Ginger,2023-06-02,Kg,156,254,205
Chilly Green,2023-06-02,Kg,86,148,117
Capsicum,2023-06-02,Kg,113,169,141
Cucumber(Local),2023-06-02,Kg,59,111,85
Apple(Jholey),2023-06-02,Kg,158,295,226
Banana,2023-06-02,Dozen,100,175,137
Pomegranate,2023-06-02,Kg,298,422,360
Orange(Nepali),2023-06-02,Kg,81,153,117
Papaya(Indian),2023-06-02,Kg,96,132,114
Tomato Big(Nepali),2023-06-03,Kg,47,69,58
Tomato Small(Local),2023-06-03,Kg,33,56,44
Potato Red,2023-06-03,Kg,57,83,70
Potato White,2023-06-03,Kg,44,57,50
Onion Dry (Indian),2023-06-03,Kg,60,96,78
Carrot(Local),2023-06-03,Kg,86,127,106
Cabbage(Local),2023-06-03,Kg,30,51,40
Cauliflower Local,2023-06-03,Kg,53,84,68
Raddish White(Local),2023-06-03,Kg,19,42,30
Brinjal Long,2023-06-03,Kg,53,71,62
Cow pea(Long),2023-06-03,Kg,80,104,92
Green Peas,2023-06-03,Kg,135,175,155
French Bean(Local),2023-06-03,Kg,59,100,79
Bitter Gourd,2023-06-03,Kg,91,142,116
Bottle Gourd,2023-06-03,Kg,42,72,57
Pointed Gourd(Local),2023-06-03,Kg,70,101,85
Snake Gourd,2023-06-03,Kg,53,87,70
Sponge Gourd,2023-06-03,Kg,61,103,82
Pumpkin,2023-06-03,Kg,39,52,45
Squash(Long),2023-06-03,Kg,46,66,56
Okra,2023-06-03,Kg,78,105,91
Arum,2023-06-03,Kg,68,92,80
Barela,2023-06-03,Kg,45,64,54
Radish Red,2023-06-03,Kg,33,48,40
Mushroom(Button),2023-06-03,Kg,369,490,429
Mushroom(Kanya),2023-06-03,Kg,152,209,180
Spinach Leaf,2023-06-03,Kg,90,129,109
Mustard Leaf,2023-06-03,Kg,43,72,57
Coriander,2023-06-03,Kg,170,291,230
Garlic Dry Nepali,2023-06-03,Kg,203,348,275
Garlic Dry Chinese,2023-06-03,Kg,260,353,306
Ginger,2023-06-03,Kg,168,263,215
Chilly Green,2023-06-03,Kg,88,144,116
Capsicum,2023-06-03,Kg,102,159,130
Cucumber(Local),2023-06-03,Kg,67,108,87
Apple(Jholey),2023-06-03,Kg,149,262,205
Banana,2023-06-03,Dozen,114,161,137
Pomegranate,2023-06-03,Kg,279,406,342
Orange(Nepali),2023-06-03,Kg,81,141,111
Papaya(Indian),2023-06-03,Kg,84,127,105
Tomato Big(Nepali),2023-06-04,Kg,41,62,51
Tomato Small(Local),2023-06-04,Kg,32,51,41
Potato Red,2023-06-04,Kg,59,73,66
Potato White,2023-06-04,Kg,45,60,52
Onion Dry (Indian),2023-06-04,Kg,67,105,86
Carrot(Local),2023-06-04,Kg,94,121,107
Cabbage(Local),2023-06-04,Kg,30,52,41
Cauliflower Local,2023-06-04,Kg,55,83,69
Raddish White(Local),2023-06-04,Kg,20,38,29
Brinjal Long,2023-06-04,Kg,52,69,60
Cow pea(Long),2023-06-04,Kg,83,116,99
Green Peas,2023-06-04,Kg,140,164,152
French Bean(Local),2023-06-04,Kg,69,88,78
Bitter Gourd,2023-06-04,Kg,90,140,115
Bottle Gourd,2023-06-04,Kg,43,71,57
Pointed Gourd(Local),2023-06-04,Kg,68,111,89
Snake Gourd,2023-06-04,Kg,54,77,65
Sponge Gourd,2023-06-04,Kg,61,94,77
Pumpkin,2023-06-04,Kg,40,57,48
Squash(Long),2023-06-04,Kg,43,64,53
Okra,2023-06-04,Kg,80,94,87
Arum,2023-06-04,Kg,60,83,71
Barela,2023-06-04,Kg,47,61,54
Radish Red,2023-06-04,Kg,32,48,40
Mushroom(Button),2023-06-04,Kg,393,549,471
Mushroom(Kanya),2023-06-04,Kg,159,250,204
Spinach Leaf,2023-06-04,Kg,102,137,119
Mustard Leaf,2023-06-04,Kg,46,64,55
Coriander,2023-06-04,Kg,157,301,229
Garlic Dry Nepali,2023-06-04,Kg,223,313,268
Garlic Dry Chinese,2023-06-04,Kg,261,398,329
Ginger,2023-06-04,Kg,166,252,209
Chilly Green,2023-06-04,Kg,81,147,114
Capsicum,2023-06-04,Kg,111,169,140
Cucumber(Local),2023-06-04,Kg,64,106,85
Apple(Jholey),2023-06-04,Kg,176,272,224
Banana,2023-06-04,Dozen,106,174,140
Pomegranate,2023-06-04,Kg,297,374,335
Orange(Nepali),2023-06-04,Kg,93,135,114
Papaya(Indian),2023-06-04,Kg,84,130,107
Tomato Big(Nepali),2023-06-05,Kg,45,68,56
Tomato Small(Local),2023-06-05,Kg,32,59,45
Potato Red,2023-06-05,Kg,55,72,63
Potato White,2023-06-05,Kg,46,58,52
Onion Dry (Indian),2023-06-05,Kg,66,106,86
Carrot(Local),2023-06-05,Kg,79,133,106
Cabbage(Local),2023-06-05,Kg,32,47,39
Cauliflower Local,2023-06-05,Kg,59,82,70
Raddish White(Local),2023-06-05,Kg,21,39,30
Brinjal Long,2023-06-05,Kg,48,75,61
Cow pea(Long),2023-06-05,Kg,69,107,88
Green Peas,2023-06-05,Kg,141,157,149
French Bean(Local),2023-06-05,Kg,68,92,80
Bitter Gourd,2023-06-05,Kg,93,139,116
Bottle Gourd,2023-06-05,Kg,47,64,55
Pointed Gourd(Local),2023-06-05,Kg,67,110,88
Snake Gourd,2023-06-05,Kg,56,82,69
Sponge Gourd,2023-06-05,Kg,70,96,83
Pumpkin,2023-06-05,Kg,37,61,49
Squash(Long),2023-06-05,Kg,43,69,56
Okra,2023-06-05,Kg,82,104,93
Arum,2023-06-05,Kg,62,98,80
Barela,2023-06-05,Kg,45,57,51
Radish Red,2023-06-05,Kg,29,47,38
Mushroom(Button),2023-06-05,Kg,406,491,448
Mushroom(Kanya),2023-06-05,Kg,178,247,212
Spinach Leaf,2023-06-05,Kg,102,132,117
Mustard Leaf,2023-06-05,Kg,44,69,56
Coriander,2023-06-05,Kg,168,292,230
Garlic Dry Nepali,2023-06-05,Kg,234,315,274
Garlic Dry Chinese,2023-06-05,Kg,276,366,321
Ginger,2023-06-05,Kg,149,234,191
Chilly Green,2023-06-05,Kg,95,148,121
Capsicum,2023-06-05,Kg,98,172,135
Cucumber(Local),2023-06-05,Kg,62,98,80
Apple(Jholey),2023-06-05,Kg,174,312,243
Banana,2023-06-05,Dozen,116,154,135
Pomegranate,2023-06-05,Kg,251,389,320
Orange(Nepali),2023-06-05,Kg,85,157,121
Papaya(Indian),2023-06-05,Kg,93,133,113
Tomato Big(Nepali),2023-06-06,Kg,41,69,55
Tomato Small(Local),2023-06-06,Kg,35,60,47
Potato Red,2023-06-06,Kg,58,74,66
Potato White,2023-06-06,Kg,41,59,50
Onion Dry (Indian),2023-06-06,Kg,71,110,90
Carrot(Local),2023-06-06,Kg,87,130,108
Cabbage(Local),2023-06-06,Kg,33,47,40
Cauliflower Local,2023-06-06,Kg,52,98,75
Raddish White(Local),2023-06-06,Kg,22,36,29
Brinjal Long,2023-06-06,Kg,46,75,60
Cow pea(Long),2023-06-06,Kg,71,111,91
Green Peas,2023-06-06,Kg,140,155,147
French Bean(Local),2023-06-06,Kg,67,91,79
Bitter Gourd,2023-06-06,Kg,78,143,110
Bottle Gourd,2023-06-06,Kg,39,65,52
Pointed Gourd(Local),2023-06-06,Kg,68,96,82
Snake Gourd,2023-06-06,Kg,59,78,68
Sponge Gourd,2023-06-06,Kg,63,91,77
Pumpkin,2023-06-06,Kg,39,57,48
Squash(Long),2023-06-06,Kg,46,72,59
Okra,2023-06-06,Kg,77,110,93
Arum,2023-06-06,Kg,65,91,78
Barela,2023-06-06,Kg,39,64,51
Radish Red,2023-06-06,Kg,32,46,39
Mushroom(Button),2023-06-06,Kg,400,505,452
Mushroom(Kanya),2023-06-06,Kg,156,215,185
Spinach Leaf,2023-06-06,Kg,92,133,112
Mustard Leaf,2023-06-06,Kg,45,62,53
Coriander,2023-06-06,Kg,162,292,227
Garlic Dry Nepali,2023-06-06,Kg,199,310,254
Garlic Dry Chinese,2023-06-06,Kg,277,362,319
Ginger,2023-06-06,Kg,155,258,206
Chilly Green,2023-06-06,Kg,86,128,107
Capsicum,2023-06-06,Kg,118,147,132
Cucumber(Local),2023-06-06,Kg,70,104,87
Apple(Jholey),2023-06-06,Kg,152,271,211
Banana,2023-06-06,Dozen,118,145,131
Pomegranate,2023-06-06,Kg,252,407,329
Orange(Nepali),2023-06-06,Kg,89,155,122
Papaya(Indian),2023-06-06,Kg,79,125,102
Tomato Big(Nepali),2023-06-07,Kg,44,65,54
Tomato Small(Local),2023-06-07,Kg,35,54,44
Potato Red,2023-06-07,Kg,57,84,70
Potato White,2023-06-07,Kg,44,63,53
Onion Dry (Indian),2023-06-07,Kg,70,103,86
Carrot(Local),2023-06-07,Kg,88,133,110
Cabbage(Local),2023-06-07,Kg,30,54,42
Cauliflower Local,2023-06-07,Kg,57,90,73
Raddish White(Local),2023-06-07,Kg,23,42,32
Brinjal Long,2023-06-07,Kg,44,80,62
Cow pea(Long),2023-06-07,Kg,78,108,93
Green Peas,2023-06-07,Kg,119,176,147
French Bean(Local),2023-06-07,Kg,63,94,78
Bitter Gourd,2023-06-07,Kg,88,146,117
Bottle Gourd,2023-06-07,Kg,43,67,55
Pointed Gourd(Local),2023-06-07,Kg,61,103,82
Snake Gourd,2023-06-07,Kg,55,75,65
Sponge Gourd,2023-06-07,Kg,63,91,77
Pumpkin,2023-06-07,Kg,36,56,46
Squash(Long),2023-06-07,Kg,45,73,59
Okra,2023-06-07,Kg,77,111,94
Arum,2023-06-07,Kg,61,86,73
Barela,2023-06-07,Kg,45,60,52
Radish Red,2023-06-07,Kg,31,52,41
Mushroom(Button),2023-06-07,Kg,359,493,426
Mushroom(Kanya),2023-06-07,Kg,159,239,199
Spinach Leaf,2023-06-07,Kg,99,143,121
Mustard Leaf,2023-06-07,Kg,44,66,55
Coriander,2023-06-07,Kg,169,298,233
Garlic Dry Nepali,2023-06-07,Kg,198,293,245
Garlic Dry Chinese,2023-06-07,Kg,274,382,328
Ginger,2023-06-07,Kg,165,253,209
Chilly Green,2023-06-07,Kg,92,129,110
Capsicum,2023-06-07,Kg,105,145,125
Cucumber(Local),2023-06-07,Kg,68,94,81
Apple(Jholey),2023-06-07,Kg,148,256,202
Banana,2023-06-07,Dozen,101,173,137
Pomegranate,2023-06-07,Kg,293,392,342
Orange(Nepali),2023-06-07,Kg,80,136,108
Papaya(Indian),2023-06-07,Kg,86,123,104
Tomato Big(Nepali),2023-06-08,Kg,47,67,57
Tomato Small(Local),2023-06-08,Kg,32,58,45
Potato Red,2023-06-08,Kg,54,81,67
Potato White,2023-06-08,Kg,39,60,49
Onion Dry (Indian),2023-06-08,Kg,70,110,90
Carrot(Local),2023-06-08,Kg,87,125,106
Cabbage(Local),2023-06-08,Kg,34,50,42
Cauliflower Local,2023-06-08,Kg,52,87,69
Raddish White(Local),2023-06-08,Kg,21,41,31
Brinjal Long,2023-06-08,Kg,52,77,64
Cow pea(Long),2023-06-08,Kg,83,117,100
Green Peas,2023-06-08,Kg,130,182,156
French Bean(Local),2023-06-08,Kg,61,94,77
Bitter Gourd,2023-06-08,Kg,93,123,108
Bottle Gourd,2023-06-08,Kg,42,65,53
Pointed Gourd(Local),2023-06-08,Kg,68,98,83
Snake Gourd,2023-06-08,Kg,55,72,63
Sponge Gourd,2023-06-08,Kg,65,93,79
Pumpkin,2023-06-08,Kg,35,54,44
Squash(Long),2023-06-08,Kg,44,68,56
Okra,2023-06-08,Kg,79,107,93
Arum,2023-06-08,Kg,69,90,79
Barela,2023-06-08,Kg,41,58,49
Radish Red,2023-06-08,Kg,31,54,42
Mushroom(Button),2023-06-08,Kg,411,480,445
Mushroom(Kanya),2023-06-08,Kg,158,236,197
Spinach Leaf,2023-06-08,Kg,90,140,115
Mustard Leaf,2023-06-08,Kg,44,66,55
Coriander,2023-06-08,Kg,177,308,242
Garlic Dry Nepali,2023-06-08,Kg,230,340,285
Garlic Dry Chinese,2023-06-08,Kg,256,335,295
Ginger,2023-06-08,Kg,172,246,209
Chilly Green,2023-06-08,Kg,90,145,117
Capsicum,2023-06-08,Kg,104,144,124
Cucumber(Local),2023-06-08,Kg,63,103,83
Apple(Jholey),2023-06-08,Kg,156,303,229
Banana,2023-06-08,Dozen,103,166,134
Pomegranate,2023-06-08,Kg,246,398,322
Orange(Nepali),2023-06-08,Kg,81,136,108
Papaya(Indian),2023-06-08,Kg,78,115,96
Tomato Big(Nepali),2023-06-09,Kg,40,70,55
Tomato Small(Local),2023-06-09,Kg,30,52,41
Potato Red,2023-06-09,Kg,56,82,69
Potato White,2023-06-09,Kg,44,66,55
Onion Dry (Indian),2023-06-09,Kg,62,110,86
Carrot(Local),2023-06-09,Kg,87,116,101
Cabbage(Local),2023-06-09,Kg,31,49,40
Cauliflower Local,2023-06-09,Kg,52,82,67
Raddish White(Local),2023-06-09,Kg,19,40,29
Brinjal Long,2023-06-09,Kg,44,75,59
Cow pea(Long),2023-06-09,Kg,77,122,99
Green Peas,2023-06-09,Kg,137,154,145
French Bean(Local),2023-06-09,Kg,65,96,80
Bitter Gourd,2023-06-09,Kg,91,129,110
Bottle Gourd,2023-06-09,Kg,42,61,51
Pointed Gourd(Local),2023-06-09,Kg,60,104,82
Snake Gourd,2023-06-09,Kg,50,73,61
Sponge Gourd,2023-06-09,Kg,60,95,77
Pumpkin,2023-06-09,Kg,41,54,47
Squash(Long),2023-06-09,Kg,46,65,55
Okra,2023-06-09,Kg,68,105,86
Arum,2023-06-09,Kg,60,91,75
Barela,2023-06-09,Kg,39,59,49
Radish Red,2023-06-09,Kg,30,47,38
Mushroom(Button),2023-06-09,Kg,361,497,429
Mushroom(Kanya),2023-06-09,Kg,158,208,183
Spinach Leaf,2023-06-09,Kg,105,130,117
Mustard Leaf,2023-06-09,Kg,46,64,55
Coriander,2023-06-09,Kg,151,276,213
Garlic Dry Nepali,2023-06-09,Kg,233,299,266
Garlic Dry Chinese,2023-06-09,Kg,254,351,302
Ginger,2023-06-09,Kg,161,229,195
Chilly Green,2023-06-09,Kg,83,148,115
Capsicum,2023-06-09,Kg,101,152,126
Cucumber(Local),2023-06-09,Kg,62,107,84
Apple(Jholey),2023-06-09,Kg,175,257,216
Banana,2023-06-09,Dozen,107,147,127
Pomegranate,2023-06-09,Kg,276,374,325
Orange(Nepali),2023-06-09,Kg,90,140,115
Papaya(Indian),2023-06-09,Kg,89,119,104
Tomato Big(Nepali),2023-06-10,Kg,46,73,59
Tomato Small(Local),2023-06-10,Kg,30,60,45
Potato Red,2023-06-10,Kg,54,80,67
Potato White,2023-06-10,Kg,40,61,50
Onion Dry (Indian),2023-06-10,Kg,67,100,83
Carrot(Local),2023-06-10,Kg,84,116,100
Cabbage(Local),2023-06-10,Kg,31,48,39
Cauliflower Local,2023-06-10,Kg,56,94,75
Raddish White(Local),2023-06-10,Kg,20,41,30
Brinjal Long,2023-06-10,Kg,46,66,56
Cow pea(Long),2023-06-10,Kg,68,116,92
Green Peas,2023-06-10,Kg,124,162,143
French Bean(Local),2023-06-10,Kg,62,88,75
Bitter Gourd,2023-06-10,Kg,91,143,117
Bottle Gourd,2023-06-10,Kg,42,64,53
Pointed Gourd(Local),2023-06-10,Kg,58,104,81
Snake Gourd,2023-06-10,Kg,51,77,64
Sponge Gourd,2023-06-10,Kg,66,102,84
Pumpkin,2023-06-10,Kg,37,61,49
Squash(Long),2023-06-10,Kg,42,71,56
Okra,2023-06-10,Kg,72,103,87
Arum,2023-06-10,Kg,70,94,82
Barela,2023-06-10,Kg,43,57,50
Radish Red,2023-06-10,Kg,33,55,44
Mushroom(Button),2023-06-10,Kg,360,518,439
Mushroom(Kanya),2023-06-10,Kg,156,235,195
Spinach Leaf,2023-06-10,Kg,98,129,113
Mustard Leaf,2023-06-10,Kg,41,65,53
Coriander,2023-06-10,Kg,163,304,233
Garlic Dry Nepali,2023-06-10,Kg,222,301,261
Garlic Dry Chinese,2023-06-10,Kg,286,330,308
Ginger,2023-06-10,Kg,161,239,200
Chilly Green,2023-06-10,Kg,90,144,117
Capsicum,2023-06-10,Kg,105,152,128
Cucumber(Local),2023-06-10,Kg,59,106,82
Apple(Jholey),2023-06-10,Kg,159,290,224
Banana,2023-06-10,Dozen,98,155,126
Pomegranate,2023-06-10,Kg,241,357,299
Orange(Nepali),2023-06-10,Kg,80,155,117
Papaya(Indian),2023-06-10,Kg,82,130,106
Tomato Big(Nepali),2023-06-11,Kg,45,62,53
Tomato Small(Local),2023-06-11,Kg,30,60,45
Potato Red,2023-06-11,Kg,57,72,64
Potato White,2023-06-11,Kg,41,65,53
Onion Dry (Indian),2023-06-11,Kg,61,94,77
Carrot(Local),2023-06-11,Kg,93,127,110
Cabbage(Local),2023-06-11,Kg,34,53,43
Cauliflower Local,2023-06-11,Kg,53,83,68
Raddish White(Local),2023-06-11,Kg,19,39,29
Brinjal Long,2023-06-11,Kg,51,71,61
Cow pea(Long),2023-06-11,Kg,71,118,94
Green Peas,2023-06-11,Kg,139,173,156
French Bean(Local),2023-06-11,Kg,63,91,77
Bitter Gourd,2023-06-11,Kg,81,130,105
Bottle Gourd,2023-06-11,Kg,44,68,56
Pointed Gourd(Local),2023-06-11,Kg,68,100,84
Snake Gourd,2023-06-11,Kg,58,75,66
Sponge Gourd,2023-06-11,Kg,61,97,79
Pumpkin,2023-06-11,Kg,37,56,46
Squash(Long),2023-06-11,Kg,46,63,54
Okra,2023-06-11,Kg,70,96,83
Arum,2023-06-11,Kg,58,94,76
Barela,2023-06-11,Kg,41,64,52
Radish Red,2023-06-11,Kg,29,54,41
Mushroom(Button),2023-06-11,Kg,372,473,422
Mushroom(Kanya),2023-06-11,Kg,157,229,193
Spinach Leaf,2023-06-11,Kg,90,144,117
Mustard Leaf,2023-06-11,Kg,44,70,57
Coriander,2023-06-11,Kg,148,266,207
Garlic Dry Nepali,2023-06-11,Kg,200,297,248
Garlic Dry Chinese,2023-06-11,Kg,270,349,309
Ginger,2023-06-11,Kg,145,259,202
Chilly Green,2023-06-11,Kg,87,128,107
Capsicum,2023-06-11,Kg,106,144,125
Cucumber(Local),2023-06-11,Kg,64,99,81
Apple(Jholey),2023-06-11,Kg,152,290,221
Banana,2023-06-11,Dozen,97,143,120
Pomegranate,2023-06-11,Kg,291,375,333
Orange(Nepali),2023-06-11,Kg,87,153,120
Papaya(Indian),2023-06-11,Kg,87,121,104
Tomato Big(Nepali),2023-06-12,Kg,43,62,52
Tomato Small(Local),2023-06-12,Kg,31,53,42
Potato Red,2023-06-12,Kg,51,76,63
Potato White,2023-06-12,Kg,43,62,52
Onion Dry (Indian),2023-06-12,Kg,61,101,81
Carrot(Local),2023-06-12,Kg,85,134,109
Cabbage(Local),2023-06-12,Kg,34,54,44
Cauliflower Local,2023-06-12,Kg,57,81,69
Raddish White(Local),2023-06-12,Kg,22,37,29
Brinjal Long,2023-06-12,Kg,50,70,60
Cow pea(Long),2023-06-12,Kg,77,108,92
Green Peas,2023-06-12,Kg,124,153,138
French Bean(Local),2023-06-12,Kg,67,100,83
Bitter Gourd,2023-06-12,Kg,83,126,104
Bottle Gourd,2023-06-12,Kg,46,61,53
Pointed Gourd(Local),2023-06-12,Kg,58,93,75
Snake Gourd,2023-06-12,Kg,48,84,66
Sponge Gourd,2023-06-12,Kg,65,96,80
Pumpkin,2023-06-12,Kg,40,53,46
Squash(Long),2023-06-12,Kg,42,71,56
Okra,2023-06-12,Kg,69,95,82
Arum,2023-06-12,Kg,59,89,74
Barela,2023-06-12,Kg,39,56,47
Radish Red,2023-06-12,Kg,30,47,38
Mushroom(Button),2023-06-12,Kg,400,488,444
Mushroom(Kanya),2023-06-12,Kg,162,239,200
Spinach Leaf,2023-06-12,Kg,89,129,109
Mustard Leaf,2023-06-12,Kg,40,70,55
Coriander,2023-06-12,Kg,161,295,228
Garlic Dry Nepali,2023-06-12,Kg,230,305,267
Garlic Dry Chinese,2023-06-12,Kg,250,371,310
Ginger,2023-06-12,Kg,158,230,194
Chilly Green,2023-06-12,Kg,87,130,108
Capsicum,2023-06-12,Kg,98,144,121
Cucumber(Local),2023-06-12,Kg,68,93,80
Apple(Jholey),2023-06-12,Kg,167,259,213
Banana,2023-06-12,Dozen,96,149,122
Pomegranate,2023-06-12,Kg,254,399,326
Orange(Nepali),2023-06-12,Kg,89,154,121
Papaya(Indian),2023-06-12,Kg,88,116,102
Tomato Big(Nepali),2023-06-13,Kg,45,69,57
Tomato Small(Local),2023-06-13,Kg,33,54,43
Potato Red,2023-06-13,Kg,54,75,64
Potato White,2023-06-13,Kg,40,61,50
Onion Dry (Indian),2023-06-13,Kg,59,106,82
Carrot(Local),2023-06-13,Kg,88,114,101
Cabbage(Local),2023-06-13,Kg,30,49,39
Cauliflower Local,2023-06-13,Kg,54,89,71
Raddish White(Local),2023-06-13,Kg,20,35,27
Brinjal Long,2023-06-13,Kg,50,68,59
Cow pea(Long),2023-06-13,Kg,77,106,91
Green Peas,2023-06-13,Kg,137,173,155
French Bean(Local),2023-06-13,Kg,64,97,80
Bitter Gourd,2023-06-13,Kg,87,123,105
Bottle Gourd,2023-06-13,Kg,38,70,54
Pointed Gourd(Local),2023-06-13,Kg,64,95,79
Snake Gourd,2023-06-13,Kg,55,83,69
Sponge Gourd,2023-06-13,Kg,65,101,83
Pumpkin,2023-06-13,Kg,38,56,47
Squash(Long),2023-06-13,Kg,41,73,57
Okra,2023-06-13,Kg,67,105,86
Arum,2023-06-13,Kg,59,91,75
Barela,2023-06-13,Kg,42,65,53
Radish Red,2023-06-13,Kg,32,45,38
Mushroom(Button),2023-06-13,Kg,345,496,420
Mushroom(Kanya),2023-06-13,Kg,168,220,194
Spinach Leaf,2023-06-13,Kg,102,127,114
Mustard Leaf,2023-06-13,Kg,45,70,57
Coriander,2023-06-13,Kg,173,258,215
Garlic Dry Nepali,2023-06-13,Kg,208,313,260
Garlic Dry Chinese,2023-06-13,Kg,270,331,300
Ginger,2023-06-13,Kg,167,233,200
Chilly Green,2023-06-13,Kg,93,133,113
Capsicum,2023-06-13,Kg,96,169,132
Cucumber(Local),2023-06-13,Kg,63,102,82
Apple(Jholey),2023-06-13,Kg,170,301,235
Banana,2023-06-13,Dozen,110,161,135
Pomegranate,2023-06-13,Kg,256,384,320
Orange(Nepali),2023-06-13,Kg,92,151,121
Papaya(Indian),2023-06-13,Kg,79,122,100
Tomato Big(Nepali),2023-06-14,Kg,39,69,54
Tomato Small(Local),2023-06-14,Kg,31,53,42
Potato Red,2023-06-14,Kg,49,74,61
Potato White,2023-06-14,Kg,46,59,52
Onion Dry (Indian),2023-06-14,Kg,60,93,76
Carrot(Local),2023-06-14,Kg,86,123,104
Cabbage(Local),2023-06-14,Kg,33,49,41
Cauliflower Local,2023-06-14,Kg,49,88,68
Raddish White(Local),2023-06-14,Kg,22,37,29
Brinjal Long,2023-06-14,Kg,51,69,60
Cow pea(Long),2023-06-14,Kg,72,101,86
Green Peas,2023-06-14,Kg,128,156,142
French Bean(Local),2023-06-14,Kg,59,100,79
Bitter Gourd,2023-06-14,Kg,85,127,106
Bottle Gourd,2023-06-14,Kg,40,67,53
Pointed Gourd(Local),2023-06-14,Kg,61,94,77
Snake Gourd,2023-06-14,Kg,51,74,62
Sponge Gourd,2023-06-14,Kg,59,91,75
Pumpkin,2023-06-14,Kg,36,59,47
Squash(Long),2023-06-14,Kg,45,62,53
Okra,2023-06-14,Kg,70,109,89
Arum,2023-06-14,Kg,62,86,74
Barela,2023-06-14,Kg,41,56,48
Radish Red,2023-06-14,Kg,31,51,41
Mushroom(Button),2023-06-14,Kg,366,487,426
Mushroom(Kanya),2023-06-14,Kg,170,208,189
Spinach Leaf,2023-06-14,Kg,96,142,119
Mustard Leaf,2023-06-14,Kg,44,72,58
Coriander,2023-06-14,Kg,147,259,203
Garlic Dry Nepali,2023-06-14,Kg,222,282,252
Garlic Dry Chinese,2023-06-14,Kg,283,373,328
Ginger,2023-06-14,Kg,160,264,212
Chilly Green,2023-06-14,Kg,78,132,105
Capsicum,2023-06-14,Kg,115,148,131
Cucumber(Local),2023-06-14,Kg,69,97,83
Apple(Jholey),2023-06-14,Kg,149,271,210
Banana,2023-06-14,Dozen,98,150,124
Pomegranate,2023-06-14,Kg,276,423,349
Orange(Nepali),2023-06-14,Kg,87,137,112
Papaya(Indian),2023-06-14,Kg,85,117,101
Tomato Big(Nepali),2023-06-15,Kg,40,64,52
Tomato Small(Local),2023-06-15,Kg,31,56,43
Potato Red,2023-06-15,Kg,57,77,67
Potato White,2023-06-15,Kg,44,65,54
Onion Dry (Indian),2023-06-15,Kg,65,104,84
Carrot(Local),2023-06-15,Kg,85,116,100
Cabbage(Local),2023-06-15,Kg,32,46,39
Cauliflower Local,2023-06-15,Kg,48,80,64
Raddish White(Local),2023-06-15,Kg,22,41,31
Brinjal Long,2023-06-15,Kg,49,69,59
Cow pea(Long),2023-06-15,Kg,72,106,89
Green Peas,2023-06-15,Kg,124,159,141
French Bean(Local),2023-06-15,Kg,66,97,81
Bitter Gourd,2023-06-15,Kg,84,121,102
Bottle Gourd,2023-06-15,Kg,42,61,51
Pointed Gourd(Local),2023-06-15,Kg,57,106,81
Snake Gourd,2023-06-15,Kg,47,70,58
Sponge Gourd,2023-06-15,Kg,67,92,79
Pumpkin,2023-06-15,Kg,40,51,45
Squash(Long),2023-06-15,Kg,45,63,54
Okra,2023-06-15,Kg,71,108,89
Arum,2023-06-15,Kg,62,87,74
Barela,2023-06-15,Kg,43,59,51
Radish Red,2023-06-15,Kg,32,50,41
Mushroom(Button),2023-06-15,Kg,395,539,467
Mushroom(Kanya),2023-06-15,Kg,147,213,180
Spinach Leaf,2023-06-15,Kg,103,140,121
Mustard Leaf,2023-06-15,Kg,41,70,55
Coriander,2023-06-15,Kg,156,265,210
Garlic Dry Nepali,2023-06-15,Kg,212,296,254
Garlic Dry Chinese,2023-06-15,Kg,270,370,320
Ginger,2023-06-15,Kg,162,242,202
Chilly Green,2023-06-15,Kg,91,123,107
Capsicum,2023-06-15,Kg,111,160,135
Cucumber(Local),2023-06-15,Kg,68,94,81
Apple(Jholey),2023-06-15,Kg,160,298,229
Banana,2023-06-15,Dozen,104,162,133
Pomegranate,2023-06-15,Kg,287,423,355
Orange(Nepali),2023-06-15,Kg,80,134,107
Papaya(Indian),2023-06-15,Kg,81,121,101
Tomato Big(Nepali),2023-06-16,Kg,41,65,53
Tomato Small(Local),2023-06-16,Kg,33,53,43
Potato Red,2023-06-16,Kg,55,73,64
Potato White,2023-06-16,Kg,42,57,49
Onion Dry (Indian),2023-06-16,Kg,61,90,75
Carrot(Local),2023-06-16,Kg,85,119,102
Cabbage(Local),2023-06-16,Kg,32,51,41
Cauliflower Local,2023-06-16,Kg,56,80,68
Raddish White(Local),2023-06-16,Kg,19,36,27
Brinjal Long,2023-06-16,Kg,51,74,62
Cow pea(Long),2023-06-16,Kg,80,112,96
Green Peas,2023-06-16,Kg,115,155,135
French Bean(Local),2023-06-16,Kg,63,87,75
Bitter Gourd,2023-06-16,Kg,90,123,106
Bottle Gourd,2023-06-16,Kg,43,60,51
Pointed Gourd(Local),2023-06-16,Kg,66,102,84
Snake Gourd,2023-06-16,Kg,55,74,64
Sponge Gourd,2023-06-16,Kg,65,95,80
Pumpkin,2023-06-16,Kg,39,53,46
Squash(Long),2023-06-16,Kg,44,66,55
Okra,2023-06-16,Kg,75,104,89
Arum,2023-06-16,Kg,68,91,79
Barela,2023-06-16,Kg,41,58,49
Radish Red,2023-06-16,Kg,32,53,42
Mushroom(Button),2023-06-16,Kg,384,527,455
Mushroom(Kanya),2023-06-16,Kg,152,201,176
Spinach Leaf,2023-06-16,Kg,99,130,114
Mustard Leaf,2023-06-16,Kg,42,65,53
Coriander,2023-06-16,Kg,172,257,214
Garlic Dry Nepali,2023-06-16,Kg,194,309,251
Garlic Dry Chinese,2023-06-16,Kg,263,365,314
Ginger,2023-06-16,Kg,166,260,213
Chilly Green,2023-06-16,Kg,79,123,101
Capsicum,2023-06-16,Kg,97,142,119
Cucumber(Local),2023-06-16,Kg,67,93,80
Apple(Jholey),2023-06-16,Kg,164,269,216
Banana,2023-06-16,Dozen,95,147,121
Pomegranate,2023-06-16,Kg,254,365,309
Orange(Nepali),2023-06-16,Kg,90,144,117
Papaya(Indian),2023-06-16,Kg,81,127,104
Tomato Big(Nepali),2023-06-17,Kg,38,69,53
Tomato Small(Local),2023-06-17,Kg,31,53,42
Potato Red,2023-06-17,Kg,54,71,62
Potato White,2023-06-17,Kg,44,59,51
Onion Dry (Indian),2023-06-17,Kg,62,97,79
Carrot(Local),2023-06-17,Kg,83,128,105
Cabbage(Local),2023-06-17,Kg,30,51,40
Cauliflower Local,2023-06-17,Kg,54,84,69
Raddish White(Local),2023-06-17,Kg,21,38,29
Brinjal Long,2023-06-17,Kg,51,65,58
Cow pea(Long),2023-06-17,Kg,77,101,89
Green Peas,2023-06-17,Kg,120,167,143
French Bean(Local),2023-06-17,Kg,60,95,77
Bitter Gourd,2023-06-17,Kg,80,144,112
Bottle Gourd,2023-06-17,Kg,42,65,53
Pointed Gourd(Local),2023-06-17,Kg,63,105,84
Snake Gourd,2023-06-17,Kg,47,77,62
Sponge Gourd,2023-06-17,Kg,67,98,82
Pumpkin,2023-06-17,Kg,34,52,43
Squash(Long),2023-06-17,Kg,44,63,53
Okra,2023-06-17,Kg,72,98,85
Arum,2023-06-17,Kg,64,88,76
Barela,2023-06-17,Kg,38,66,52
Radish Red,2023-06-17,Kg,29,52,40
Mushroom(Button),2023-06-17,Kg,373,487,430
Mushroom(Kanya),2023-06-17,Kg,162,227,194
Spinach Leaf,2023-06-17,Kg,96,125,110
Mustard Leaf,2023-06-17,Kg,44,65,54
Coriander,2023-06-17,Kg,156,284,220
Garlic Dry Nepali,2023-06-17,Kg,197,281,239
Garlic Dry Chinese,2023-06-17,Kg,241,322,281
Ginger,2023-06-17,Kg,156,222,189
Chilly Green,2023-06-17,Kg,81,140,110
Capsicum,2023-06-17,Kg,102,161,131
Cucumber(Local),2023-06-17,Kg,68,94,81
Apple(Jholey),2023-06-17,Kg,155,260,207
Banana,2023-06-17,Dozen,99,142,120
Pomegranate,2023-06-17,Kg,246,364,305
Orange(Nepali),2023-06-17,Kg,82,148,115
Papaya(Indian),2023-06-17,Kg,86,110,98
Tomato Big(Nepali),2023-06-18,Kg,45,62,53
Tomato Small(Local),2023-06-18,Kg,30,58,44
Potato Red,2023-06-18,Kg,52,71,61
Potato White,2023-06-18,Kg,40,65,52
Onion Dry (Indian),2023-06-18,Kg,61,91,76
Carrot(Local),2023-06-18,Kg,79,112,95
Cabbage(Local),2023-06-18,Kg,33,51,42
Cauliflower Local,2023-06-18,Kg,51,95,73
Raddish White(Local),2023-06-18,Kg,20,37,28
Brinjal Long,2023-06-18,Kg,42,76,59
Cow pea(Long),2023-06-18,Kg,73,104,88
Green Peas,2023-06-18,Kg,122,151,136
French Bean(Local),2023-06-18,Kg,57,90,73
Bitter Gourd,2023-06-18,Kg,89,136,112
Bottle Gourd,2023-06-18,Kg,43,68,55
Pointed Gourd(Local),2023-06-18,Kg,68,91,79
Snake Gourd,2023-06-18,Kg,50,79,64
Sponge Gourd,2023-06-18,Kg,68,99,83
Pumpkin,2023-06-18,Kg,39,52,45
Squash(Long),2023-06-18,Kg,39,68,53
Okra,2023-06-18,Kg,80,98,89
Arum,2023-06-18,Kg,66,82,74
Barela,2023-06-18,Kg,38,54,46
Radish Red,2023-06-18,Kg,31,44,37
Mushroom(Button),2023-06-18,Kg,376,486,431
Mushroom(Kanya),2023-06-18,Kg,167,240,203
Spinach Leaf,2023-06-18,Kg,101,120,110
Mustard Leaf,2023-06-18,Kg,38,71,54
Coriander,2023-06-18,Kg,156,263,209
Garlic Dry Nepali,2023-06-18,Kg,206,318,262
Garlic Dry Chinese,2023-06-18,Kg,247,332,289
Ginger,2023-06-18,Kg,156,225,190
Chilly Green,2023-06-18,Kg,86,122,104
Capsicum,2023-06-18,Kg,99,140,119
Cucumber(Local),2023-06-18,Kg,63,100,81
Apple(Jholey),2023-06-18,Kg,162,282,222
Banana,2023-06-18,Dozen,103,167,135
Pomegranate,2023-06-18,Kg,277,378,327
Orange(Nepali),2023-06-18,Kg,91,135,113
Papaya(Indian),2023-06-18,Kg,83,126,104
Tomato Big(Nepali),2023-06-19,Kg,42,68,55
Tomato Small(Local),2023-06-19,Kg,31,52,41
Potato Red,2023-06-19,Kg,49,70,59
Potato White,2023-06-19,Kg,37,57,47
Onion Dry (Indian),2023-06-19,Kg,58,91,74
Carrot(Local),2023-06-19,Kg,84,127,105
Cabbage(Local),2023-06-19,Kg,33,45,39
Cauliflower Local,2023-06-19,Kg,52,95,73
Raddish White(Local),2023-06-19,Kg,19,36,27
Brinjal Long,2023-06-19,Kg,46,73,59
Cow pea(Long),2023-06-19,Kg,71,112,91
Green Peas,2023-06-19,Kg,120,148,134
French Bean(Local),2023-06-19,Kg,64,97,80
Bitter Gourd,2023-06-19,Kg,84,131,107
Bottle Gourd,2023-06-19,Kg,39,64,51
Pointed Gourd(Local),2023-06-19,Kg,66,103,84
Snake Gourd,2023-06-19,Kg,50,72,61
Sponge Gourd,2023-06-19,Kg,66,89,77
Pumpkin,2023-06-19,Kg,38,50,44
Squash(Long),2023-06-19,Kg,41,62,51
Okra,2023-06-19,Kg,74,101,87
Arum,2023-06-19,Kg,58,88,73
Barela,2023-06-19,Kg,39,63,51
Radish Red,2023-06-19,Kg,34,48,41
Mushroom(Button),2023-06-19,Kg,383,465,424
Mushroom(Kanya),2023-06-19,Kg,160,229,194
Spinach Leaf,2023-06-19,Kg,97,127,112
Mustard Leaf,2023-06-19,Kg,42,69,55
Coriander,2023-06-19,Kg,147,288,217
Garlic Dry Nepali,2023-06-19,Kg,223,294,258
Garlic Dry Chinese,2023-06-19,Kg,264,318,291
Ginger,2023-06-19,Kg,164,218,191
Chilly Green,2023-06-19,Kg,87,128,107
Capsicum,2023-06-19,Kg,95,153,124
Cucumber(Local),2023-06-19,Kg,64,94,79
Apple(Jholey),2023-06-19,Kg,155,281,218
Banana,2023-06-19,Dozen,110,139,124
Pomegranate,2023-06-19,Kg,234,356,295
Orange(Nepali),2023-06-19,Kg,79,137,108
Papaya(Indian),2023-06-19,Kg,78,121,99
Tomato Big(Nepali),2023-06-20,Kg,40,65,52
Tomato Small(Local),2023-06-20,Kg,32,58,45
Potato Red,2023-06-20,Kg,53,78,65
Potato White,2023-06-20,Kg,40,55,47
Onion Dry (Indian),2023-06-20,Kg,63,93,78
Carrot(Local),2023-06-20,Kg,90,128,109
Cabbage(Local),2023-06-20,Kg,30,50,40
Cauliflower Local,2023-06-20,Kg,50,90,70
Raddish White(Local),2023-06-20,Kg,19,36,27
Brinjal Long,2023-06-20,Kg,42,75,58
Cow pea(Long),2023-06-20,Kg,79,114,96
Green Peas,2023-06-20,Kg,126,166,146
French Bean(Local),2023-06-20,Kg,60,93,76
Bitter Gourd,2023-06-20,Kg,88,128,108
Bottle Gourd,2023-06-20,Kg,42,60,51
Pointed Gourd(Local),2023-06-20,Kg,60,94,77
Snake Gourd,2023-06-20,Kg,49,71,60
Sponge Gourd,2023-06-20,Kg,58,93,75
Pumpkin,2023-06-20,Kg,34,53,43
Squash(Long),2023-06-20,Kg,38,68,53
Okra,2023-06-20,Kg,73,105,89
Arum,2023-06-20,Kg,57,87,72
Barela,2023-06-20,Kg,40,63,51
Radish Red,2023-06-20,Kg,33,49,41
Mushroom(Button),2023-06-20,Kg,364,488,426
Mushroom(Kanya),2023-06-20,Kg,156,229,192
Spinach Leaf,2023-06-20,Kg,89,127,108
Mustard Leaf,2023-06-20,Kg,38,60,49
Coriander,2023-06-20,Kg,142,274,208
Garlic Dry Nepali,2023-06-20,Kg,221,290,255
Garlic Dry Chinese,2023-06-20,Kg,240,330,285
Ginger,2023-06-20,Kg,168,245,206
Chilly Green,2023-06-20,Kg,88,128,108
Capsicum,2023-06-20,Kg,107,163,135
Cucumber(Local),2023-06-20,Kg,67,95,81
Apple(Jholey),2023-06-20,Kg,149,291,220
Banana,2023-06-20,Dozen,95,138,116
Pomegranate,2023-06-20,Kg,252,418,335
Orange(Nepali),2023-06-20,Kg,76,137,106
Papaya(Indian),2023-06-20,Kg,78,117,97
Tomato Big(Nepali),2023-06-21,Kg,38,60,49
Tomato Small(Local),2023-06-21,Kg,32,53,42
Potato Red,2023-06-21,Kg,53,81,67
Potato White,2023-06-21,Kg,43,65,54
Onion Dry (Indian),2023-06-21,Kg,60,102,81
Carrot(Local),2023-06-21,Kg,89,121,105
Cabbage(Local),2023-06-21,Kg,32,46,39
Cauliflower Local,2023-06-21,Kg,52,79,65
Raddish White(Local),2023-06-21,Kg,22,40,31
Brinjal Long,2023-06-21,Kg,45,68,56
Cow pea(Long),2023-06-21,Kg,75,116,95
Green Peas,2023-06-21,Kg,120,175,147
French Bean(Local),2023-06-21,Kg,65,86,75
Bitter Gourd,2023-06-21,Kg,84,122,103
Bottle Gourd,2023-06-21,Kg,38,59,48
Pointed Gourd(Local),2023-06-21,Kg,67,98,82
Snake Gourd,2023-06-21,Kg,51,82,66
Sponge Gourd,2023-06-21,Kg,60,91,75
Pumpkin,2023-06-21,Kg,36,55,45
Squash(Long),2023-06-21,Kg,39,63,51
Okra,2023-06-21,Kg,79,90,84
Arum,2023-06-21,Kg,66,80,73
Barela,2023-06-21,Kg,44,60,52
Radish Red,2023-06-21,Kg,28,48,38
Mushroom(Button),2023-06-21,Kg,373,459,416
Mushroom(Kanya),2023-06-21,Kg,152,213,182
Spinach Leaf,2023-06-21,Kg,102,140,121
Mustard Leaf,2023-06-21,Kg,45,59,52
Coriander,2023-06-21,Kg,159,292,225
Garlic Dry Nepali,2023-06-21,Kg,210,318,264
Garlic Dry Chinese,2023-06-21,Kg,239,350,294
Ginger,2023-06-21,Kg,166,227,196
Chilly Green,2023-06-21,Kg,80,137,108
Capsicum,2023-06-21,Kg,105,143,124
Cucumber(Local),2023-06-21,Kg,59,101,80
Apple(Jholey),2023-06-21,Kg,143,286,214
Banana,2023-06-21,Dozen,103,138,120
Pomegranate,2023-06-21,Kg,249,372,310
Orange(Nepali),2023-06-21,Kg,77,134,105
Papaya(Indian),2023-06-21,Kg,79,129,104
Tomato Big(Nepali),2023-06-22,Kg,42,66,54
Tomato Small(Local),2023-06-22,Kg,29,51,40
Potato Red,2023-06-22,Kg,51,71,61
Potato White,2023-06-22,Kg,41,56,48
Onion Dry (Indian),2023-06-22,Kg,60,90,75
Carrot(Local),2023-06-22,Kg,79,118,98
Cabbage(Local),2023-06-22,Kg,31,53,42
Cauliflower Local,2023-06-22,Kg,51,86,68
Raddish White(Local),2023-06-22,Kg,19,38,28
Brinjal Long,2023-06-22,Kg,46,63,54
Cow pea(Long),2023-06-22,Kg,67,102,84
Green Peas,2023-06-22,Kg,124,170,147
French Bean(Local),2023-06-22,Kg,56,95,75
Bitter Gourd,2023-06-22,Kg,74,128,101
Bottle Gourd,2023-06-22,Kg,40,66,53
Pointed Gourd(Local),2023-06-22,Kg,57,91,74
Snake Gourd,2023-06-22,Kg,52,71,61
Sponge Gourd,2023-06-22,Kg,57,98,77
Pumpkin,2023-06-22,Kg,37,58,47
Squash(Long),2023-06-22,Kg,38,65,51
Okra,2023-06-22,Kg,77,96,86
Arum,2023-06-22,Kg,63,92,77
Barela,2023-06-22,Kg,39,59,49
Radish Red,2023-06-22,Kg,30,50,40
Mushroom(Button),2023-06-22,Kg,360,443,401
Mushroom(Kanya),2023-06-22,Kg,144,197,170
Spinach Leaf,2023-06-22,Kg,92,137,114
Mustard Leaf,2023-06-22,Kg,40,68,54
Coriander,2023-06-22,Kg,160,272,216
Garlic Dry Nepali,2023-06-22,Kg,210,314,262
Garlic Dry Chinese,2023-06-22,Kg,267,345,306
Ginger,2023-06-22,Kg,153,255,204
Chilly Green,2023-06-22,Kg,75,124,99
Capsicum,2023-06-22,Kg,107,163,135
Cucumber(Local),2023-06-22,Kg,63,103,83
Apple(Jholey),2023-06-22,Kg,159,252,205
Banana,2023-06-22,Dozen,96,153,124
Pomegranate,2023-06-22,Kg,267,391,329
Orange(Nepali),2023-06-22,Kg,89,153,121
Papaya(Indian),2023-06-22,Kg,84,110,97
Tomato Big(Nepali),2023-06-23,Kg,44,69,56
Tomato Small(Local),2023-06-23,Kg,32,55,43
Potato Red,2023-06-23,Kg,56,69,62
Potato White,2023-06-23,Kg,37,56,46
Onion Dry (Indian),2023-06-23,Kg,65,95,80
Carrot(Local),2023-06-23,Kg,76,126,101
Cabbage(Local),2023-06-23,Kg,32,46,39
Cauliflower Local,2023-06-23,Kg,54,83,68
Raddish White(Local),2023-06-23,Kg,20,39,29
Brinjal Long,2023-06-23,Kg,45,75,60
Cow pea(Long),2023-06-23,Kg,74,108,91
Green Peas,2023-06-23,Kg,125,154,139
French Bean(Local),2023-06-23,Kg,60,95,77
Bitter Gourd,2023-06-23,Kg,78,120,99
Bottle Gourd,2023-06-23,Kg,42,68,55
Pointed Gourd(Local),2023-06-23,Kg,57,99,78
Snake Gourd,2023-06-23,Kg,52,70,61
Sponge Gourd,2023-06-23,Kg,66,96,81
Pumpkin,2023-06-23,Kg,37,56,46
Squash(Long),2023-06-23,Kg,38,65,51
Okra,2023-06-23,Kg,73,93,83
Arum,2023-06-23,Kg,63,94,78
Barela,2023-06-23,Kg,37,61,49
Radish Red,2023-06-23,Kg,27,50,38
Mushroom(Button),2023-06-23,Kg,342,517,429
Mushroom(Kanya),2023-06-23,Kg,143,204,173
Spinach Leaf,2023-06-23,Kg,100,127,113
Mustard Leaf,2023-06-23,Kg,40,66,53
Coriander,2023-06-23,Kg,165,275,220
Garlic Dry Nepali,2023-06-23,Kg,199,288,243
Garlic Dry Chinese,2023-06-23,Kg,240,330,285
Ginger,2023-06-23,Kg,152,257,204
Chilly Green,2023-06-23,Kg,90,135,112
Capsicum,2023-06-23,Kg,105,144,124
Cucumber(Local),2023-06-23,Kg,61,102,81
Apple(Jholey),2023-06-23,Kg,161,268,214
Banana,2023-06-23,Dozen,112,151,131
Pomegranate,2023-06-23,Kg,236,405,320
Orange(Nepali),2023-06-23,Kg,80,135,107
Papaya(Indian),2023-06-23,Kg,85,115,100
Tomato Big(Nepali),2023-06-24,Kg,42,65,53
Tomato Small(Local),2023-06-24,Kg,31,54,42
Potato Red,2023-06-24,Kg,54,70,62
Potato White,2023-06-24,Kg,42,61,51
Onion Dry (Indian),2023-06-24,Kg,63,96,79
Carrot(Local),2023-06-24,Kg,89,125,107
Cabbage(Local),2023-06-24,Kg,29,45,37
Cauliflower Local,2023-06-24,Kg,56,80,68
Raddish White(Local),2023-06-24,Kg,19,37,28
Brinjal Long,2023-06-24,Kg,42,74,58
Cow pea(Long),2023-06-24,Kg,71,102,86
Green Peas,2023-06-24,Kg,123,147,135
French Bean(Local),2023-06-24,Kg,58,84,71
Bitter Gourd,2023-06-24,Kg,74,124,99
Bottle Gourd,2023-06-24,Kg,40,69,54
Pointed Gourd(Local),2023-06-24,Kg,63,92,77
Snake Gourd,2023-06-24,Kg,48,75,61
Sponge Gourd,2023-06-24,Kg,59,99,79
Pumpkin,2023-06-24,Kg,33,53,43
Squash(Long),2023-06-24,Kg,38,64,51
Okra,2023-06-24,Kg,72,95,83
Arum,2023-06-24,Kg,65,82,73
Barela,2023-06-24,Kg,42,58,50
Radish Red,2023-06-24,Kg,28,49,38
Mushroom(Button),2023-06-24,Kg,344,509,426
Mushroom(Kanya),2023-06-24,Kg,154,202,178
Spinach Leaf,2023-06-24,Kg,95,130,112
Mustard Leaf,2023-06-24,Kg,38,64,51
Coriander,2023-06-24,Kg,142,283,212
Garlic Dry Nepali,2023-06-24,Kg,191,296,243
Garlic Dry Chinese,2023-06-24,Kg,258,352,305
Ginger,2023-06-24,Kg,167,236,201
Chilly Green,2023-06-24,Kg,86,141,113
Capsicum,2023-06-24,Kg,98,143,120
Cucumber(Local),2023-06-24,Kg,66,101,83
Apple(Jholey),2023-06-24,Kg,139,266,202
Banana,2023-06-24,Dozen,108,145,126
Pomegranate,2023-06-24,Kg,242,364,303
Orange(Nepali),2023-06-24,Kg,87,137,112
Papaya(Indian),2023-06-24,Kg,75,127,101
Tomato Big(Nepali),2023-06-25,Kg,44,64,54
Tomato Small(Local),2023-06-25,Kg,29,50,39
Potato Red,2023-06-25,Kg,49,73,61
Potato White,2023-06-25,Kg,41,60,50
Onion Dry (Indian),2023-06-25,Kg,63,102,82
Carrot(Local),2023-06-25,Kg,84,113,98
Cabbage(Local),2023-06-25,Kg,30,51,40
Cauliflower Local,2023-06-25,Kg,53,89,71
Raddish White(Local),2023-06-25,Kg,20,36,28
Brinjal Long,2023-06-25,Kg,48,65,56
Cow pea(Long),2023-06-25,Kg,73,112,92
Green Peas,2023-06-25,Kg,127,151,139
French Bean(Local),2023-06-25,Kg,66,84,75
Bitter Gourd,2023-06-25,Kg,82,136,109
Bottle Gourd,2023-06-25,Kg,44,61,52
Pointed Gourd(Local),2023-06-25,Kg,64,94,79
Snake Gourd,2023-06-25,Kg,49,72,60
Sponge Gourd,2023-06-25,Kg,56,85,70
Pumpkin,2023-06-25,Kg,32,50,41
Squash(Long),2023-06-25,Kg,44,68,56
Okra,2023-06-25,Kg,66,92,79
Arum,2023-06-25,Kg,63,87,75
Barela,2023-06-25,Kg,41,58,49
Radish Red,2023-06-25,Kg,30,52,41
Mushroom(Button),2023-06-25,Kg,339,471,405
Mushroom(Kanya),2023-06-25,Kg,144,208,176
Spinach Leaf,2023-06-25,Kg,83,140,111
Mustard Leaf,2023-06-25,Kg,39,58,48
Coriander,2023-06-25,Kg,162,243,202
Garlic Dry Nepali,2023-06-25,Kg,189,301,245
Garlic Dry Chinese,2023-06-25,Kg,234,353,293
Ginger,2023-06-25,Kg,141,225,183
Chilly Green,2023-06-25,Kg,88,131,109
Capsicum,2023-06-25,Kg,94,153,123
Cucumber(Local),2023-06-25,Kg,62,89,75
Apple(Jholey),2023-06-25,Kg,162,291,226
Banana,2023-06-25,Dozen,107,144,125
Pomegranate,2023-06-25,Kg,232,391,311
Orange(Nepali),2023-06-25,Kg,83,137,110
Papaya(Indian),2023-06-25,Kg,74,109,91
Tomato Big(Nepali),2023-06-26,Kg,42,62,52
Tomato Small(Local),2023-06-26,Kg,30,58,44
Potato Red,2023-06-26,Kg,49,70,59
Potato White,2023-06-26,Kg,39,63,51
Onion Dry (Indian),2023-06-26,Kg,56,97,76
Carrot(Local),2023-06-26,Kg,86,123,104
Cabbage(Local),2023-06-26,Kg,33,47,40
Cauliflower Local,2023-06-26,Kg,55,88,71
Raddish White(Local),2023-06-26,Kg,20,39,29
Brinjal Long,2023-06-26,Kg,45,72,58
Cow pea(Long),2023-06-26,Kg,71,103,87
Green Peas,2023-06-26,Kg,114,162,138
French Bean(Local),2023-06-26,Kg,63,83,73
Bitter Gourd,2023-06-26,Kg,84,129,106
Bottle Gourd,2023-06-26,Kg,38,67,52
Pointed Gourd(Local),2023-06-26,Kg,57,92,74
Snake Gourd,2023-06-26,Kg,49,80,64
Sponge Gourd,2023-06-26,Kg,55,82,68
Pumpkin,2023-06-26,Kg,37,54,45
Squash(Long),2023-06-26,Kg,42,64,53
Okra,2023-06-26,Kg,65,105,85
Arum,2023-06-26,Kg,57,91,74
Barela,2023-06-26,Kg,43,54,48
Radish Red,2023-06-26,Kg,31,48,39
Mushroom(Button),2023-06-26,Kg,351,477,414
Mushroom(Kanya),2023-06-26,Kg,143,226,184
Spinach Leaf,2023-06-26,Kg,91,118,104
Mustard Leaf,2023-06-26,Kg,39,64,51
Coriander,2023-06-26,Kg,153,247,200
Garlic Dry Nepali,2023-06-26,Kg,213,327,270
Garlic Dry Chinese,2023-06-26,Kg,240,358,299
Ginger,2023-06-26,Kg,152,250,201
Chilly Green,2023-06-26,Kg,83,124,103
Capsicum,2023-06-26,Kg,105,161,133
Cucumber(Local),2023-06-26,Kg,58,102,80
Apple(Jholey),2023-06-26,Kg,162,264,213
Banana,2023-06-26,Dozen,109,153,131
Pomegranate,2023-06-26,Kg,256,381,318
Orange(Nepali),2023-06-26,Kg,84,127,105
Papaya(Indian),2023-06-26,Kg,89,128,108
Tomato Big(Nepali),2023-06-27,Kg,40,63,51
Tomato Small(Local),2023-06-27,Kg,33,49,41
Potato Red,2023-06-27,Kg,54,74,64
Potato White,2023-06-27,Kg,44,61,52
Onion Dry (Indian),2023-06-27,Kg,66,99,82
Carrot(Local),2023-06-27,Kg,77,125,101
Cabbage(Local),2023-06-27,Kg,29,52,40
Cauliflower Local,2023-06-27,Kg,50,86,68
Raddish White(Local),2023-06-27,Kg,21,37,29
Brinjal Long,2023-06-27,Kg,46,62,54
Cow pea(Long),2023-06-27,Kg,72,98,85
Green Peas,2023-06-27,Kg,121,147,134
French Bean(Local),2023-06-27,Kg,59,97,78
Bitter Gourd,2023-06-27,Kg,76,132,104
Bottle Gourd,2023-06-27,Kg,41,61,51
Pointed Gourd(Local),2023-06-27,Kg,62,91,76
Snake Gourd,2023-06-27,Kg,53,77,65
Sponge Gourd,2023-06-27,Kg,54,88,71
Pumpkin,2023-06-27,Kg,33,49,41
Squash(Long),2023-06-27,Kg,37,69,53
Okra,2023-06-27,Kg,75,90,82
Arum,2023-06-27,Kg,59,79,69
Barela,2023-06-27,Kg,44,53,48
Radish Red,2023-06-27,Kg,32,52,42
Mushroom(Button),2023-06-27,Kg,365,455,410
Mushroom(Kanya),2023-06-27,Kg,163,228,195
Spinach Leaf,2023-06-27,Kg,91,120,105
Mustard Leaf,2023-06-27,Kg,44,63,53
Coriander,2023-06-27,Kg,160,262,211
Garlic Dry Nepali,2023-06-27,Kg,190,318,254
Garlic Dry Chinese,2023-06-27,Kg,244,333,288
Ginger,2023-06-27,Kg,153,254,203
Chilly Green,2023-06-27,Kg,87,118,102
Capsicum,2023-06-27,Kg,97,135,116
Cucumber(Local),2023-06-27,Kg,63,100,81
Apple(Jholey),2023-06-27,Kg,163,283,223
Banana,2023-06-27,Dozen,104,141,122
Pomegranate,2023-06-27,Kg,258,397,327
Orange(Nepali),2023-06-27,Kg,86,139,112
Papaya(Indian),2023-06-27,Kg,76,115,95
Tomato Big(Nepali),2023-06-28,Kg,43,67,55
Tomato Small(Local),2023-06-28,Kg,28,53,40
Potato Red,2023-06-28,Kg,51,79,65
Potato White,2023-06-28,Kg,39,62,50
Onion Dry (Indian),2023-06-28,Kg,64,102,83
Carrot(Local),2023-06-28,Kg,76,106,91
Cabbage(Local),2023-06-28,Kg,33,50,41
Cauliflower Local,2023-06-28,Kg,51,79,65
Raddish White(Local),2023-06-28,Kg,20,37,28
Brinjal Long,2023-06-28,Kg,47,74,60
Cow pea(Long),2023-06-28,Kg,74,98,86
Green Peas,2023-06-28,Kg,112,158,135
French Bean(Local),2023-06-28,Kg,55,85,70
Bitter Gourd,2023-06-28,Kg,75,128,101
Bottle Gourd,2023-06-28,Kg,40,65,52
Pointed Gourd(Local),2023-06-28,Kg,63,95,79
Snake Gourd,2023-06-28,Kg,48,68,58
Sponge Gourd,2023-06-28,Kg,64,95,79
Pumpkin,2023-06-28,Kg,37,52,44
Squash(Long),2023-06-28,Kg,41,66,53
Okra,2023-06-28,Kg,69,102,85
Arum,2023-06-28,Kg,65,89,77
Barela,2023-06-28,Kg,38,61,49
Radish Red,2023-06-28,Kg,31,47,39
Mushroom(Button),2023-06-28,Kg,378,439,408
Mushroom(Kanya),2023-06-28,Kg,163,198,180
Spinach Leaf,2023-06-28,Kg,88,119,103
Mustard Leaf,2023-06-28,Kg,36,62,49
Coriander,2023-06-28,Kg,164,269,216
Garlic Dry Nepali,2023-06-28,Kg,206,270,238
Garlic Dry Chinese,2023-06-28,Kg,262,368,315
Ginger,2023-06-28,Kg,166,228,197
Chilly Green,2023-06-28,Kg,82,136,109
Capsicum,2023-06-28,Kg,102,162,132
Cucumber(Local),2023-06-28,Kg,58,88,73
Apple(Jholey),2023-06-28,Kg,154,272,213
Banana,2023-06-28,Dozen,94,159,126
Pomegranate,2023-06-28,Kg,228,381,304
Orange(Nepali),2023-06-28,Kg,83,136,109
Papaya(Indian),2023-06-28,Kg,78,110,94
Tomato Big(Nepali),2023-06-29,Kg,42,64,53
Tomato Small(Local),2023-06-29,Kg,30,56,43
Potato Red,2023-06-29,Kg,52,81,66
Potato White,2023-06-29,Kg,38,61,49
Onion Dry (Indian),2023-06-29,Kg,55,100,77
Carrot(Local),2023-06-29,Kg,84,107,95
Cabbage(Local),2023-06-29,Kg,28,44,36
Cauliflower Local,2023-06-29,Kg,50,91,70
Raddish White(Local),2023-06-29,Kg,19,38,28
Brinjal Long,2023-06-29,Kg,49,72,60
Cow pea(Long),2023-06-29,Kg,64,112,88
Green Peas,2023-06-29,Kg,121,152,136
French Bean(Local),2023-06-29,Kg,60,87,73
Bitter Gourd,2023-06-29,Kg,83,134,108
Bottle Gourd,2023-06-29,Kg,37,60,48
Pointed Gourd(Local),2023-06-29,Kg,60,103,81
Snake Gourd,2023-06-29,Kg,47,79,63
Sponge Gourd,2023-06-29,Kg,59,86,72
Pumpkin,2023-06-29,Kg,36,51,43
Squash(Long),2023-06-29,Kg,43,66,54
Okra,2023-06-29,Kg,64,91,77
Arum,2023-06-29,Kg,62,85,73
Barela,2023-06-29,Kg,43,59,51
Radish Red,2023-06-29,Kg,31,49,40
Mushroom(Button),2023-06-29,Kg,382,455,418
Mushroom(Kanya),2023-06-29,Kg,163,211,187
Spinach Leaf,2023-06-29,Kg,92,122,107
Mustard Leaf,2023-06-29,Kg,37,64,50
Coriander,2023-06-29,Kg,156,282,219
Garlic Dry Nepali,2023-06-29,Kg,183,313,248
Garlic Dry Chinese,2023-06-29,Kg,240,361,300
Ginger,2023-06-29,Kg,159,235,197
Chilly Green,2023-06-29,Kg,72,129,100
Capsicum,2023-06-29,Kg,104,152,128
Cucumber(Local),2023-06-29,Kg,60,92,76
Apple(Jholey),2023-06-29,Kg,153,264,208
Banana,2023-06-29,Dozen,101,156,128
Pomegranate,2023-06-29,Kg,244,400,322
Orange(Nepali),2023-06-29,Kg,87,139,113
Papaya(Indian),2023-06-29,Kg,76,114,95
Tomato Big(Nepali),2023-06-30,Kg,41,58,49
Tomato Small(Local),2023-06-30,Kg,32,52,42
Potato Red,2023-06-30,Kg,51,75,63
Potato White,2023-06-30,Kg,44,56,50
Onion Dry (Indian),2023-06-30,Kg,58,96,77
Carrot(Local),2023-06-30,Kg,73,122,97
Cabbage(Local),2023-06-30,Kg,27,46,36
Cauliflower Local,2023-06-30,Kg,53,86,69
Raddish White(Local),2023-06-30,Kg,22,35,28
Brinjal Long,2023-06-30,Kg,48,72,60
Cow pea(Long),2023-06-30,Kg,64,114,89
Green Peas,2023-06-30,Kg,112,150,131
French Bean(Local),2023-06-30,Kg,63,84,73
Bitter Gourd,2023-06-30,Kg,80,132,106
Bottle Gourd,2023-06-30,Kg,39,65,52
Pointed Gourd(Local),2023-06-30,Kg,57,102,79
Snake Gourd,2023-06-30,Kg,47,73,60
Sponge Gourd,2023-06-30,Kg,57,94,75
Pumpkin,2023-06-30,Kg,32,57,44
Squash(Long),2023-06-30,Kg,39,59,49
Okra,2023-06-30,Kg,72,86,79
Arum,2023-06-30,Kg,60,82,71
Barela,2023-06-30,Kg,41,62,51
Radish Red,2023-06-30,Kg,28,46,37
Mushroom(Button),2023-06-30,Kg,317,434,375
Mushroom(Kanya),2023-06-30,Kg,159,207,183
Spinach Leaf,2023-06-30,Kg,82,135,108
Mustard Leaf,2023-06-30,Kg,42,67,54
Coriander,2023-06-30,Kg,151,272,211
Garlic Dry Nepali,2023-06-30,Kg,189,280,234
Garlic Dry Chinese,2023-06-30,Kg,269,313,291
Ginger,2023-06-30,Kg,136,221,178
Chilly Green,2023-06-30,Kg,73,133,103
Capsicum,2023-06-30,Kg,90,136,113
Cucumber(Local),2023-06-30,Kg,54,90,72
Apple(Jholey),2023-06-30,Kg,146,246,196
Banana,2023-06-30,Dozen,105,150,127
Pomegranate,2023-06-30,Kg,229,338,283
Orange(Nepali),2023-06-30,Kg,76,131,103
Papaya(Indian),2023-06-30,Kg,79,120,99
Tomato Big(Nepali),2023-07-01,Kg,38,66,52
Tomato Small(Local),2023-07-01,Kg,32,49,40
Potato Red,2023-07-01,Kg,52,68,60
Potato White,2023-07-01,Kg,40,53,46
Onion Dry (Indian),2023-07-01,Kg,55,100,77
Carrot(Local),2023-07-01,Kg,72,111,91
Cabbage(Local),2023-07-01,Kg,28,49,38
Cauliflower Local,2023-07-01,Kg,54,84,69
Raddish White(Local),2023-07-01,Kg,19,36,27
Brinjal Long,2023-07-01,Kg,42,71,56
Cow pea(Long),2023-07-01,Kg,68,98,83
Green Peas,2023-07-01,Kg,110,164,137
French Bean(Local),2023-07-01,Kg,64,96,80
Bitter Gourd,2023-07-01,Kg,82,126,104
Bottle Gourd,2023-07-01,Kg,36,59,47
Pointed Gourd(Local),2023-07-01,Kg,66,100,83
Snake Gourd,2023-07-01,Kg,47,76,61
Sponge Gourd,2023-07-01,Kg,61,89,75
Pumpkin,2023-07-01,Kg,35,49,42
Squash(Long),2023-07-01,Kg,36,65,50
Okra,2023-07-01,Kg,64,87,75
Arum,2023-07-01,Kg,61,77,69
Barela,2023-07-01,Kg,36,62,49
Radish Red,2023-07-01,Kg,32,50,41
Mushroom(Button),2023-07-01,Kg,328,441,384
Mushroom(Kanya),2023-07-01,Kg,137,197,167
Spinach Leaf,2023-07-01,Kg,94,129,111
Mustard Leaf,2023-07-01,Kg,43,58,50
Coriander,2023-07-01,Kg,137,278,207
Garlic Dry Nepali,2023-07-01,Kg,202,279,240
Garlic Dry Chinese,2023-07-01,Kg,269,322,295
Ginger,2023-07-01,Kg,150,226,188
Chilly Green,2023-07-01,Kg,77,116,96
Capsicum,2023-07-01,Kg,103,157,130
Cucumber(Local),2023-07-01,Kg,65,100,82
Apple(Jholey),2023-07-01,Kg,165,282,223
Banana,2023-07-01,Dozen,100,149,124
Pomegranate,2023-07-01,Kg,251,397,324
Orange(Nepali),2023-07-01,Kg,84,147,115
Papaya(Indian),2023-07-01,Kg,75,111,93
Tomato Big(Nepali),2023-07-02,Kg,36,59,47
Tomato Small(Local),2023-07-02,Kg,28,51,39
Potato Red,2023-07-02,Kg,52,68,60
Potato White,2023-07-02,Kg,37,61,49
Onion Dry (Indian),2023-07-02,Kg,61,87,74
Carrot(Local),2023-07-02,Kg,83,107,95
Cabbage(Local),2023-07-02,Kg,28,46,37
Cauliflower Local,2023-07-02,Kg,47,77,62
Raddish White(Local),2023-07-02,Kg,18,36,27
Brinjal Long,2023-07-02,Kg,41,65,53
Cow pea(Long),2023-07-02,Kg,70,106,88
Green Peas,2023-07-02,Kg,123,154,138
French Bean(Local),2023-07-02,Kg,54,85,69
Bitter Gourd,2023-07-02,Kg,74,125,99
Bottle Gourd,2023-07-02,Kg,39,58,48
Pointed Gourd(Local),2023-07-02,Kg,54,100,77
Snake Gourd,2023-07-02,Kg,50,77,63
Sponge Gourd,2023-07-02,Kg,61,89,75
Pumpkin,2023-07-02,Kg,38,52,45
Squash(Long),2023-07-02,Kg,36,67,51
Okra,2023-07-02,Kg,71,99,85
Arum,2023-07-02,Kg,61,81,71
Barela,2023-07-02,Kg,37,58,47
Radish Red,2023-07-02,Kg,27,43,35
Mushroom(Button),2023-07-02,Kg,335,488,411
Mushroom(Kanya),2023-07-02,Kg,141,214,177
Spinach Leaf,2023-07-02,Kg,88,130,109
Mustard Leaf,2023-07-02,Kg,40,62,51
Coriander,2023-07-02,Kg,141,252,196
Garlic Dry Nepali,2023-07-02,Kg,204,314,259
Garlic Dry Chinese,2023-07-02,Kg,267,313,290
Ginger,2023-07-02,Kg,155,221,188
Chilly Green,2023-07-02,Kg,81,136,108
Capsicum,2023-07-02,Kg,102,155,128
Cucumber(Local),2023-07-02,Kg,55,95,75
Apple(Jholey),2023-07-02,Kg,152,238,195
Banana,2023-07-02,Dozen,92,147,119
Pomegranate,2023-07-02,Kg,232,338,285
Orange(Nepali),2023-07-02,Kg,75,141,108
Papaya(Indian),2023-07-02,Kg,79,119,99
Tomato Big(Nepali),2023-07-03,Kg,40,65,52
Tomato Small(Local),2023-07-03,Kg,31,50,40
Potato Red,2023-07-03,Kg,52,71,61
Potato White,2023-07-03,Kg,43,57,50
Onion Dry (Indian),2023-07-03,Kg,54,86,70
Carrot(Local),2023-07-03,Kg,81,108,94
Cabbage(Local),2023-07-03,Kg,27,50,38
Cauliflower Local,2023-07-03,Kg,45,83,64
Raddish White(Local),2023-07-03,Kg,18,39,28
Brinjal Long,2023-07-03,Kg,41,69,55
Cow pea(Long),2023-07-03,Kg,76,95,85
Green Peas,2023-07-03,Kg,118,142,130
French Bean(Local),2023-07-03,Kg,56,91,73
Bitter Gourd,2023-07-03,Kg,85,114,99
Bottle Gourd,2023-07-03,Kg,39,65,52
Pointed Gourd(Local),2023-07-03,Kg,64,99,81
Snake Gourd,2023-07-03,Kg,53,79,66
Sponge Gourd,2023-07-03,Kg,65,80,72
Pumpkin,2023-07-03,Kg,37,50,43
Squash(Long),2023-07-03,Kg,41,64,52
Okra,2023-07-03,Kg,66,85,75
Arum,2023-07-03,Kg,64,86,75
Barela,2023-07-03,Kg,39,58,48
Radish Red,2023-07-03,Kg,29,47,38
Mushroom(Button),2023-07-03,Kg,363,447,405
Mushroom(Kanya),2023-07-03,Kg,157,200,178
Spinach Leaf,2023-07-03,Kg,93,114,103
Mustard Leaf,2023-07-03,Kg,42,63,52
Coriander,2023-07-03,Kg,141,236,188
Garlic Dry Nepali,2023-07-03,Kg,182,270,226
Garlic Dry Chinese,2023-07-03,Kg,269,349,309
Ginger,2023-07-03,Kg,152,248,200
Chilly Green,2023-07-03,Kg,83,134,108
Capsicum,2023-07-03,Kg,108,136,122
Cucumber(Local),2023-07-03,Kg,62,99,80
Apple(Jholey),2023-07-03,Kg,155,275,215
Banana,2023-07-03,Dozen,94,133,113
Pomegranate,2023-07-03,Kg,234,373,303
Orange(Nepali),2023-07-03,Kg,83,126,104
Papaya(Indian),2023-07-03,Kg,84,120,102
Tomato Big(Nepali),2023-07-04,Kg,40,68,54
Tomato Small(Local),2023-07-04,Kg,28,47,37
Potato Red,2023-07-04,Kg,45,68,56
Potato White,2023-07-04,Kg,42,56,49
Onion Dry (Indian),2023-07-04,Kg,62,101,81
Carrot(Local),2023-07-04,Kg,73,112,92
Cabbage(Local),2023-07-04,Kg,28,51,39
Cauliflower Local,2023-07-04,Kg,48,78,63
Raddish White(Local),2023-07-04,Kg,18,36,27
Brinjal Long,2023-07-04,Kg,44,65,54
Cow pea(Long),2023-07-04,Kg,75,110,92
Green Peas,2023-07-04,Kg,126,170,148
French Bean(Local),2023-07-04,Kg,63,81,72
Bitter Gourd,2023-07-04,Kg,86,121,103
Bottle Gourd,2023-07-04,Kg,35,60,47
Pointed Gourd(Local),2023-07-04,Kg,64,102,83
Snake Gourd,2023-07-04,Kg,50,68,59
Sponge Gourd,2023-07-04,Kg,58,88,73
Pumpkin,2023-07-04,Kg,36,50,43
Squash(Long),2023-07-04,Kg,39,58,48
Okra,2023-07-04,Kg,73,91,82
Arum,2023-07-04,Kg,62,86,74
Barela,2023-07-04,Kg,41,52,46
Radish Red,2023-07-04,Kg,32,47,39
Mushroom(Button),2023-07-04,Kg,358,461,409
Mushroom(Kanya),2023-07-04,Kg,154,219,186
Spinach Leaf,2023-07-04,Kg,92,127,109
Mustard Leaf,2023-07-04,Kg,36,58,47
Coriander,2023-07-04,Kg,161,274,217
Garlic Dry Nepali,2023-07-04,Kg,178,283,230
Garlic Dry Chinese,2023-07-04,Kg,268,348,308
Ginger,2023-07-04,Kg,140,209,174
Chilly Green,2023-07-04,Kg,78,121,99
Capsicum,2023-07-04,Kg,94,146,120
Cucumber(Local),2023-07-04,Kg,61,85,73
Apple(Jholey),2023-07-04,Kg,147,256,201
Banana,2023-07-04,Dozen,89,140,114
Pomegranate,2023-07-04,Kg,232,372,302
Orange(Nepali),2023-07-04,Kg,81,143,112
Papaya(Indian),2023-07-04,Kg,83,112,97
Tomato Big(Nepali),2023-07-05,Kg,43,63,53
Tomato Small(Local),2023-07-05,Kg,32,53,42
Potato Red,2023-07-05,Kg,52,73,62
Potato White,2023-07-05,Kg,42,58,50
Onion Dry (Indian),2023-07-05,Kg,54,94,74
Carrot(Local),2023-07-05,Kg,72,123,97
Cabbage(Local),2023-07-05,Kg,31,46,38
Cauliflower Local,2023-07-05,Kg,45,79,62
Raddish White(Local),2023-07-05,Kg,19,32,25
Brinjal Long,2023-07-05,Kg,44,68,56
Cow pea(Long),2023-07-05,Kg,75,98,86
Green Peas,2023-07-05,Kg,126,145,135
French Bean(Local),2023-07-05,Kg,53,81,67
Bitter Gourd,2023-07-05,Kg,79,119,99
Bottle Gourd,2023-07-05,Kg,39,62,50
Pointed Gourd(Local),2023-07-05,Kg,61,85,73
Snake Gourd,2023-07-05,Kg,48,77,62
Sponge Gourd,2023-07-05,Kg,62,80,71
Pumpkin,2023-07-05,Kg,37,54,45
Squash(Long),2023-07-05,Kg,41,65,53
Okra,2023-07-05,Kg,63,102,82
Arum,2023-07-05,Kg,55,83,69
Barela,2023-07-05,Kg,40,53,46
Radish Red,2023-07-05,Kg,31,49,40
Mushroom(Button),2023-07-05,Kg,360,450,405
Mushroom(Kanya),2023-07-05,Kg,149,227,188
Spinach Leaf,2023-07-05,Kg,92,114,103
Mustard Leaf,2023-07-05,Kg,40,63,51
Coriander,2023-07-05,Kg,157,239,198
Garlic Dry Nepali,2023-07-05,Kg,215,307,261
Garlic Dry Chinese,2023-07-05,Kg,238,302,270
Ginger,2023-07-05,Kg,157,240,198
Chilly Green,2023-07-05,Kg,80,117,98
Capsicum,2023-07-05,Kg,91,158,124
Cucumber(Local),2023-07-05,Kg,63,97,80
Apple(Jholey),2023-07-05,Kg,142,281,211
Banana,2023-07-05,Dozen,106,132,119
Pomegranate,2023-07-05,Kg,256,382,319
Orange(Nepali),2023-07-05,Kg,83,131,107
Papaya(Indian),2023-07-05,Kg,71,104,87
Tomato Big(Nepali),2023-07-06,Kg,41,62,51
Tomato Small(Local),2023-07-06,Kg,30,53,41
Potato Red,2023-07-06,Kg,48,66,57
Potato White,2023-07-06,Kg,41,60,50
Onion Dry (Indian),2023-07-06,Kg,64,93,78
Carrot(Local),2023-07-06,Kg,83,119,101
Cabbage(Local),2023-07-06,Kg,29,48,38
Cauliflower Local,2023-07-06,Kg,47,83,65
Raddish White(Local),2023-07-06,Kg,20,35,27
Brinjal Long,2023-07-06,Kg,44,69,56
Cow pea(Long),2023-07-06,Kg,69,96,82
Green Peas,2023-07-06,Kg,116,168,142
French Bean(Local),2023-07-06,Kg,62,84,73
Bitter Gourd,2023-07-06,Kg,78,117,97
Bottle Gourd,2023-07-06,Kg,38,62,50
Pointed Gourd(Local),2023-07-06,Kg,55,99,77
Snake Gourd,2023-07-06,Kg,45,78,61
Sponge Gourd,2023-07-06,Kg,53,89,71
Pumpkin,2023-07-06,Kg,34,52,43
Squash(Long),2023-07-06,Kg,39,62,50
Okra,2023-07-06,Kg,71,97,84
Arum,2023-07-06,Kg,64,86,75
Barela,2023-07-06,Kg,42,61,51
Radish Red,2023-07-06,Kg,32,47,39
Mushroom(Button),2023-07-06,Kg,320,483,401
Mushroom(Kanya),2023-07-06,Kg,160,210,185
Spinach Leaf,2023-07-06,Kg,82,130,106
Mustard Leaf,2023-07-06,Kg,35,60,47
Coriander,2023-07-06,Kg,148,252,200
Garlic Dry Nepali,2023-07-06,Kg,193,288,240
Garlic Dry Chinese,2023-07-06,Kg,237,319,278
Ginger,2023-07-06,Kg,152,224,188
Chilly Green,2023-07-06,Kg,84,121,102
Capsicum,2023-07-06,Kg,106,144,125
Cucumber(Local),2023-07-06,Kg,62,101,81
Apple(Jholey),2023-07-06,Kg,150,281,215
Banana,2023-07-06,Dozen,94,157,125
Pomegranate,2023-07-06,Kg,248,383,315
Orange(Nepali),2023-07-06,Kg,71,139,105
Papaya(Indian),2023-07-06,Kg,77,124,100
Tomato Big(Nepali),2023-07-07,Kg,37,59,48
Tomato Small(Local),2023-07-07,Kg,30,49,39
Potato Red,2023-07-07,Kg,48,75,61
Potato White,2023-07-07,Kg,36,52,44
Onion Dry (Indian),2023-07-07,Kg,61,97,79
Carrot(Local),2023-07-07,Kg,83,109,96
Cabbage(Local),2023-07-07,Kg,30,49,39
Cauliflower Local,2023-07-07,Kg,53,82,67
Raddish White(Local),2023-07-07,Kg,20,34,27
Brinjal Long,2023-07-07,Kg,41,72,56
Cow pea(Long),2023-07-07,Kg,68,94,81
Green Peas,2023-07-07,Kg,125,159,142
French Bean(Local),2023-07-07,Kg,61,93,77
Bitter Gourd,2023-07-07,Kg,73,134,103
Bottle Gourd,2023-07-07,Kg,39,59,49
Pointed Gourd(Local),2023-07-07,Kg,60,100,80
Snake Gourd,2023-07-07,Kg,51,66,58
Sponge Gourd,2023-07-07,Kg,57,85,71
Pumpkin,2023-07-07,Kg,31,51,41
Squash(Long),2023-07-07,Kg,37,61,49
Okra,2023-07-07,Kg,67,88,77
Arum,2023-07-07,Kg,55,89,72
Barela,2023-07-07,Kg,42,52,47
Radish Red,2023-07-07,Kg,30,45,37
Mushroom(Button),2023-07-07,Kg,327,492,409
Mushroom(Kanya),2023-07-07,Kg,148,206,177
Spinach Leaf,2023-07-07,Kg,85,128,106
Mustard Leaf,2023-07-07,Kg,38,62,50
Coriander,2023-07-07,Kg,146,239,192
Garlic Dry Nepali,2023-07-07,Kg,197,308,252
Garlic Dry Chinese,2023-07-07,Kg,222,340,281
Ginger,2023-07-07,Kg,153,221,187
Chilly Green,2023-07-07,Kg,77,129,103
Capsicum,2023-07-07,Kg,107,150,128
Cucumber(Local),2023-07-07,Kg,54,90,72
Apple(Jholey),2023-07-07,Kg,150,268,209
Banana,2023-07-07,Dozen,95,156,125
Pomegranate,2023-07-07,Kg,252,393,322
Orange(Nepali),2023-07-07,Kg,77,145,111
Papaya(Indian),2023-07-07,Kg,75,106,90
Tomato Big(Nepali),2023-07-08,Kg,36,61,48
Tomato Small(Local),2023-07-08,Kg,27,47,37
Potato Red,2023-07-08,Kg,52,73,62
Potato White,2023-07-08,Kg,38,53,45
Onion Dry (Indian),2023-07-08,Kg,54,89,71
Carrot(Local),2023-07-08,Kg,71,118,94
Cabbage(Local),2023-07-08,Kg,29,46,37
Cauliflower Local,2023-07-08,Kg,44,88,66
Raddish White(Local),2023-07-08,Kg,17,39,28
Brinjal Long,2023-07-08,Kg,44,65,54
Cow pea(Long),2023-07-08,Kg,63,95,79
Green Peas,2023-07-08,Kg,107,160,133
French Bean(Local),2023-07-08,Kg,63,90,76
Bitter Gourd,2023-07-08,Kg,80,121,100
Bottle Gourd,2023-07-08,Kg,40,56,48
Pointed Gourd(Local),2023-07-08,Kg,63,90,76
Snake Gourd,2023-07-08,Kg,47,72,59
Sponge Gourd,2023-07-08,Kg,62,83,72
Pumpkin,2023-07-08,Kg,31,47,39
Squash(Long),2023-07-08,Kg,39,56,47
Okra,2023-07-08,Kg,64,96,80
Arum,2023-07-08,Kg,59,75,67
Barela,2023-07-08,Kg,37,58,47
Radish Red,2023-07-08,Kg,27,43,35
Mushroom(Button),2023-07-08,Kg,347,466,406
Mushroom(Kanya),2023-07-08,Kg,133,221,177
Spinach Leaf,2023-07-08,Kg,94,134,114
Mustard Leaf,2023-07-08,Kg,38,66,52
Coriander,2023-07-08,Kg,143,269,206
Garlic Dry Nepali,2023-07-08,Kg,181,288,234
Garlic Dry Chinese,2023-07-08,Kg,231,315,273
Ginger,2023-07-08,Kg,136,221,178
Chilly Green,2023-07-08,Kg,78,112,95
Capsicum,2023-07-08,Kg,103,150,126
Cucumber(Local),2023-07-08,Kg,64,94,79
Apple(Jholey),2023-07-08,Kg,136,236,186
Banana,2023-07-08,Dozen,93,150,121
Pomegranate,2023-07-08,Kg,253,349,301
Orange(Nepali),2023-07-08,Kg,78,121,99
Papaya(Indian),2023-07-08,Kg,74,119,96
Tomato Big(Nepali),2023-07-09,Kg,35,56,45
Tomato Small(Local),2023-07-09,Kg,32,55,43
Potato Red,2023-07-09,Kg,47,76,61
Potato White,2023-07-09,Kg,38,56,47
Onion Dry (Indian),2023-07-09,Kg,59,92,75
Carrot(Local),2023-07-09,Kg,84,104,94
Cabbage(Local),2023-07-09,Kg,28,44,36
Cauliflower Local,2023-07-09,Kg,52,81,66
Raddish White(Local),2023-07-09,Kg,19,35,27
Brinjal Long,2023-07-09,Kg,41,69,55
Cow pea(Long),2023-07-09,Kg,74,109,91
Green Peas,2023-07-09,Kg,126,155,140
French Bean(Local),2023-07-09,Kg,62,86,74
Bitter Gourd,2023-07-09,Kg,82,123,102
Bottle Gourd,2023-07-09,Kg,41,56,48
Pointed Gourd(Local),2023-07-09,Kg,53,94,73
Snake Gourd,2023-07-09,Kg,50,72,61
Sponge Gourd,2023-07-09,Kg,56,82,69
Pumpkin,2023-07-09,Kg,33,54,43
Squash(Long),2023-07-09,Kg,37,59,48
Okra,2023-07-09,Kg,63,92,77
Arum,2023-07-09,Kg,64,76,70
Barela,2023-07-09,Kg,38,52,45
Radish Red,2023-07-09,Kg,30,48,39
Mushroom(Button),2023-07-09,Kg,320,503,411
Mushroom(Kanya),2023-07-09,Kg,150,185,167
Spinach Leaf,2023-07-09,Kg,80,112,96
Mustard Leaf,2023-07-09,Kg,38,60,49
Coriander,2023-07-09,Kg,158,242,200
Garlic Dry Nepali,2023-07-09,Kg,177,262,219
Garlic Dry Chinese,2023-07-09,Kg,220,313,266
Ginger,2023-07-09,Kg,132,244,188
Chilly Green,2023-07-09,Kg,73,123,98
Capsicum,2023-07-09,Kg,102,139,120
Cucumber(Local),2023-07-09,Kg,61,87,74
Apple(Jholey),2023-07-09,Kg,149,248,198
Banana,2023-07-09,Dozen,106,129,117
Pomegranate,2023-07-09,Kg,261,368,314
Orange(Nepali),2023-07-09,Kg,83,133,108
Papaya(Indian),2023-07-09,Kg,73,104,88
Tomato Big(Nepali),2023-07-10,Kg,40,63,51
Tomato Small(Local),2023-07-10,Kg,28,53,40
Potato Red,2023-07-10,Kg,50,76,63
Potato White,2023-07-10,Kg,39,59,49
Onion Dry (Indian),2023-07-10,Kg,58,90,74
Carrot(Local),2023-07-10,Kg,82,110,96
Cabbage(Local),2023-07-10,Kg,30,44,37
Cauliflower Local,2023-07-10,Kg,48,76,62
Raddish White(Local),2023-07-10,Kg,18,35,26
Brinjal Long,2023-07-10,Kg,47,69,58
Cow pea(Long),2023-07-10,Kg,69,97,83
Green Peas,2023-07-10,Kg,106,158,132
French Bean(Local),2023-07-10,Kg,54,84,69
Bitter Gourd,2023-07-10,Kg,81,132,106
Bottle Gourd,2023-07-10,Kg,37,57,47
Pointed Gourd(Local),2023-07-10,Kg,60,87,73
Snake Gourd,2023-07-10,Kg,46,78,62
Sponge Gourd,2023-07-10,Kg,56,85,70
Pumpkin,2023-07-10,Kg,34,46,40
Squash(Long),2023-07-10,Kg,41,57,49
Okra,2023-07-10,Kg,71,95,83
Arum,2023-07-10,Kg,58,83,70
Barela,2023-07-10,Kg,35,51,43
Radish Red,2023-07-10,Kg,28,41,34
Mushroom(Button),2023-07-10,Kg,308,470,389
Mushroom(Kanya),2023-07-10,Kg,134,190,162
Spinach Leaf,2023-07-10,Kg,85,112,98
Mustard Leaf,2023-07-10,Kg,36,61,48
Coriander,2023-07-10,Kg,136,274,205
Garlic Dry Nepali,2023-07-10,Kg,188,279,233
Garlic Dry Chinese,2023-07-10,Kg,224,330,277
Ginger,2023-07-10,Kg,157,238,197
Chilly Green,2023-07-10,Kg,74,113,93
Capsicum,2023-07-10,Kg,91,131,111
Cucumber(Local),2023-07-10,Kg,54,87,70
Apple(Jholey),2023-07-10,Kg,148,265,206
Banana,2023-07-10,Dozen,103,150,126
Pomegranate,2023-07-10,Kg,247,384,315
Orange(Nepali),2023-07-10,Kg,71,134,102
Papaya(Indian),2023-07-10,Kg,83,116,99
Tomato Big(Nepali),2023-07-11,Kg,40,62,51
Tomato Small(Local),2023-07-11,Kg,28,46,37
Potato Red,2023-07-11,Kg,44,67,55
Potato White,2023-07-11,Kg,39,50,44
Onion Dry (Indian),2023-07-11,Kg,59,86,72
Carrot(Local),2023-07-11,Kg,70,106,88
Cabbage(Local),2023-07-11,Kg,27,48,37
Cauliflower Local,2023-07-11,Kg,50,75,62
Raddish White(Local),2023-07-11,Kg,19,37,28
Brinjal Long,2023-07-11,Kg,42,66,54
Cow pea(Long),2023-07-11,Kg,72,99,85
Green Peas,2023-07-11,Kg,118,140,129
French Bean(Local),2023-07-11,Kg,53,81,67
Bitter Gourd,2023-07-11,Kg,77,120,98
Bottle Gourd,2023-07-11,Kg,39,66,52
Pointed Gourd(Local),2023-07-11,Kg,52,93,72
Snake Gourd,2023-07-11,Kg,51,67,59
Sponge Gourd,2023-07-11,Kg,63,78,70
Pumpkin,2023-07-11,Kg,36,50,43
Squash(Long),2023-07-11,Kg,38,58,48
Okra,2023-07-11,Kg,68,98,83
Arum,2023-07-11,Kg,57,82,69
Barela,2023-07-11,Kg,39,55,47
Radish Red,2023-07-11,Kg,30,44,37
Mushroom(Button),2023-07-11,Kg,325,418,371
Mushroom(Kanya),2023-07-11,Kg,133,199,166
Spinach Leaf,2023-07-11,Kg,88,120,104
Mustard Leaf,2023-07-11,Kg,38,65,51
Coriander,2023-07-11,Kg,143,244,193
Garlic Dry Nepali,2023-07-11,Kg,193,257,225
Garlic Dry Chinese,2023-07-11,Kg,250,355,302
Ginger,2023-07-11,Kg,148,242,195
Chilly Green,2023-07-11,Kg,84,120,102
Capsicum,2023-07-11,Kg,97,155,126
Cucumber(Local),2023-07-11,Kg,53,100,76
Apple(Jholey),2023-07-11,Kg,146,253,199
Banana,2023-07-11,Dozen,89,141,115
Pomegranate,2023-07-11,Kg,261,341,301
Orange(Nepali),2023-07-11,Kg,72,135,103
Papaya(Indian),2023-07-11,Kg,79,121,100
Tomato Big(Nepali),2023-07-12,Kg,40,59,49
Tomato Small(Local),2023-07-12,Kg,31,48,39
Potato Red,2023-07-12,Kg,52,70,61
Potato White,2023-07-12,Kg,35,57,46
Onion Dry (Indian),2023-07-12,Kg,56,89,72
Carrot(Local),2023-07-12,Kg,70,113,91
Cabbage(Local),2023-07-12,Kg,29,48,38
Cauliflower Local,2023-07-12,Kg,52,75,63
Raddish White(Local),2023-07-12,Kg,19,38,28
Brinjal Long,2023-07-12,Kg,46,62,54
Cow pea(Long),2023-07-12,Kg,67,98,82
Green Peas,2023-07-12,Kg,111,165,138
French Bean(Local),2023-07-12,Kg,61,81,71
Bitter Gourd,2023-07-12,Kg,77,117,97
Bottle Gourd,2023-07-12,Kg,39,55,47
Pointed Gourd(Local),2023-07-12,Kg,52,92,72
Snake Gourd,2023-07-12,Kg,50,68,59
Sponge Gourd,2023-07-12,Kg,53,83,68
Pumpkin,2023-07-12,Kg,32,53,42
Squash(Long),2023-07-12,Kg,36,55,45
Okra,2023-07-12,Kg,63,90,76
Arum,2023-07-12,Kg,61,85,73
Barela,2023-07-12,Kg,39,55,47
Radish Red,2023-07-12,Kg,26,49,37
Mushroom(Button),2023-07-12,Kg,366,447,406
Mushroom(Kanya),2023-07-12,Kg,136,192,164
Spinach Leaf,2023-07-12,Kg,86,128,107
Mustard Leaf,2023-07-12,Kg,41,65,53
Coriander,2023-07-12,Kg,133,254,193
Garlic Dry Nepali,2023-07-12,Kg,201,276,238
Garlic Dry Chinese,2023-07-12,Kg,258,349,303
Ginger,2023-07-12,Kg,148,211,179
Chilly Green,2023-07-12,Kg,77,114,95
Capsicum,2023-07-12,Kg,103,144,123
Cucumber(Local),2023-07-12,Kg,61,85,73
Apple(Jholey),2023-07-12,Kg,151,236,193
Banana,2023-07-12,Dozen,89,128,108
Pomegranate,2023-07-12,Kg,260,342,301
Orange(Nepali),2023-07-12,Kg,75,137,106
Papaya(Indian),2023-07-12,Kg,83,106,94
Tomato Big(Nepali),2023-07-13,Kg,38,64,51
Tomato Small(Local),2023-07-13,Kg,27,46,36
Potato Red,2023-07-13,Kg,44,65,54
Potato White,2023-07-13,Kg,35,58,46
Onion Dry (Indian),2023-07-13,Kg,61,96,78
Carrot(Local),2023-07-13,Kg,83,121,102
Cabbage(Local),2023-07-13,Kg,26,44,35
Cauliflower Local,2023-07-13,Kg,47,73,60
Raddish White(Local),2023-07-13,Kg,18,38,28
Brinjal Long,2023-07-13,Kg,40,67,53
Cow pea(Long),2023-07-13,Kg,68,92,80
Green Peas,2023-07-13,Kg,117,158,137
French Bean(Local),2023-07-13,Kg,55,78,66
Bitter Gourd,2023-07-13,Kg,79,115,97
Bottle Gourd,2023-07-13,Kg,38,64,51
Pointed Gourd(Local),2023-07-13,Kg,57,91,74
Snake Gourd,2023-07-13,Kg,44,71,57
Sponge Gourd,2023-07-13,Kg,62,87,74
Pumpkin,2023-07-13,Kg,34,50,42
Squash(Long),2023-07-13,Kg,40,63,51
Okra,2023-07-13,Kg,63,94,78
Arum,2023-07-13,Kg,56,86,71
Barela,2023-07-13,Kg,41,57,49
Radish Red,2023-07-13,Kg,28,47,37
Mushroom(Button),2023-07-13,Kg,340,467,403
Mushroom(Kanya),2023-07-13,Kg,148,186,167
Spinach Leaf,2023-07-13,Kg,86,131,108
Mustard Leaf,2023-07-13,Kg,37,61,49
Coriander,2023-07-13,Kg,156,266,211
Garlic Dry Nepali,2023-07-13,Kg,193,268,230
Garlic Dry Chinese,2023-07-13,Kg,263,352,307
Ginger,2023-07-13,Kg,135,226,180
Chilly Green,2023-07-13,Kg,77,131,104
Capsicum,2023-07-13,Kg,88,132,110
Cucumber(Local),2023-07-13,Kg,54,85,69
Apple(Jholey),2023-07-13,Kg,144,230,187
Banana,2023-07-13,Dozen,103,149,126
Pomegranate,2023-07-13,Kg,222,343,282
Orange(Nepali),2023-07-13,Kg,79,136,107
Papaya(Indian),2023-07-13,Kg,70,107,88
Tomato Big(Nepali),2023-07-14,Kg,40,64,52
Tomato Small(Local),2023-07-14,Kg,30,46,38
Potato Red,2023-07-14,Kg,45,73,59
Potato White,2023-07-14,Kg,39,57,48
Onion Dry (Indian),2023-07-14,Kg,60,91,75
Carrot(Local),2023-07-14,Kg,75,115,95
Cabbage(Local),2023-07-14,Kg,30,48,39
Cauliflower Local,2023-07-14,Kg,48,82,65
Raddish White(Local),2023-07-14,Kg,20,35,27
Brinjal Long,2023-07-14,Kg,42,66,54
Cow pea(Long),2023-07-14,Kg,67,100,83
Green Peas,2023-07-14,Kg,118,136,127
French Bean(Local),2023-07-14,Kg,52,93,72
Bitter Gourd,2023-07-14,Kg,72,126,99
Bottle Gourd,2023-07-14,Kg,41,59,50
Pointed Gourd(Local),2023-07-14,Kg,53,83,68
Snake Gourd,2023-07-14,Kg,48,76,62
Sponge Gourd,2023-07-14,Kg,60,86,73
Pumpkin,2023-07-14,Kg,31,46,38
Squash(Long),2023-07-14,Kg,35,64,49
Okra,2023-07-14,Kg,70,82,76
Arum,2023-07-14,Kg,58,77,67
Barela,2023-07-14,Kg,36,54,45
Radish Red,2023-07-14,Kg,27,43,35
Mushroom(Button),2023-07-14,Kg,307,426,366
Mushroom(Kanya),2023-07-14,Kg,137,210,173
Spinach Leaf,2023-07-14,Kg,80,128,104
Mustard Leaf,2023-07-14,Kg,36,64,50
Coriander,2023-07-14,Kg,152,232,192
Garlic Dry Nepali,2023-07-14,Kg,197,255,226
Garlic Dry Chinese,2023-07-14,Kg,248,321,284
Ginger,2023-07-14,Kg,141,229,185
Chilly Green,2023-07-14,Kg,79,123,101
Capsicum,2023-07-14,Kg,92,129,110
Cucumber(Local),2023-07-14,Kg,54,89,71
Apple(Jholey),2023-07-14,Kg,132,238,185
Banana,2023-07-14,Dozen,91,145,118
Pomegranate,2023-07-14,Kg,229,347,288
Orange(Nepali),2023-07-14,Kg,82,137,109
Papaya(Indian),2023-07-14,Kg,76,118,97
Tomato Big(Nepali),2023-07-15,Kg,36,65,50
Tomato Small(Local),2023-07-15,Kg,29,53,41
Potato Red,2023-07-15,Kg,48,73,60
Potato White,2023-07-15,Kg,41,51,46
Onion Dry (Indian),2023-07-15,Kg,55,82,68
Carrot(Local),2023-07-15,Kg,70,102,86
Cabbage(Local),2023-07-15,Kg,28,48,38
Cauliflower Local,2023-07-15,Kg,43,81,62
Raddish White(Local),2023-07-15,Kg,19,37,28
Brinjal Long,2023-07-15,Kg,39,61,50
Cow pea(Long),2023-07-15,Kg,61,98,79
Green Peas,2023-07-15,Kg,118,160,139
French Bean(Local),2023-07-15,Kg,58,88,73
Bitter Gourd,2023-07-15,Kg,79,121,100
Bottle Gourd,2023-07-15,Kg,35,56,45
Pointed Gourd(Local),2023-07-15,Kg,59,91,75
Snake Gourd,2023-07-15,Kg,48,64,56
Sponge Gourd,2023-07-15,Kg,52,87,69
Pumpkin,2023-07-15,Kg,35,45,40
Squash(Long),2023-07-15,Kg,41,54,47
Okra,2023-07-15,Kg,69,83,76
Arum,2023-07-15,Kg,57,85,71
Barela,2023-07-15,Kg,41,59,50
Radish Red,2023-07-15,Kg,29,44,36
Mushroom(Button),2023-07-15,Kg,338,477,407
Mushroom(Kanya),2023-07-15,Kg,144,191,167
Spinach Leaf,2023-07-15,Kg,86,115,100
Mustard Leaf,2023-07-15,Kg,38,64,51
Coriander,2023-07-15,Kg,129,262,195
Garlic Dry Nepali,2023-07-15,Kg,199,305,252
Garlic Dry Chinese,2023-07-15,Kg,255,333,294
Ginger,2023-07-15,Kg,154,228,191
Chilly Green,2023-07-15,Kg,71,115,93
Capsicum,2023-07-15,Kg,95,150,122
Cucumber(Local),2023-07-15,Kg,56,86,71
Apple(Jholey),2023-07-15,Kg,132,237,184
Banana,2023-07-15,Dozen,95,137,116
Pomegranate,2023-07-15,Kg,219,377,298
Orange(Nepali),2023-07-15,Kg,75,132,103
Papaya(Indian),2023-07-15,Kg,72,115,93
Tomato Big(Nepali),2023-07-16,Kg,41,57,49
Tomato Small(Local),2023-07-16,Kg,26,47,36
Potato Red,2023-07-16,Kg,45,73,59
Potato White,2023-07-16,Kg,36,56,46
Onion Dry (Indian),2023-07-16,Kg,51,84,67
Carrot(Local),2023-07-16,Kg,68,106,87
Cabbage(Local),2023-07-16,Kg,29,47,38
Cauliflower Local,2023-07-16,Kg,44,79,61
Raddish White(Local),2023-07-16,Kg,18,35,26
Brinjal Long,2023-07-16,Kg,46,65,55
Cow pea(Long),2023-07-16,Kg,61,106,83
Green Peas,2023-07-16,Kg,116,149,132
French Bean(Local),2023-07-16,Kg,56,84,70
Bitter Gourd,2023-07-16,Kg,72,114,93
Bottle Gourd,2023-07-16,Kg,40,60,50
Pointed Gourd(Local),2023-07-16,Kg,60,81,70
Snake Gourd,2023-07-16,Kg,48,68,58
Sponge Gourd,2023-07-16,Kg,59,80,69
Pumpkin,2023-07-16,Kg,32,49,40
Squash(Long),2023-07-16,Kg,37,57,47
Okra,2023-07-16,Kg,60,95,77
Arum,2023-07-16,Kg,61,81,71
Barela,2023-07-16,Kg,36,51,43
Radish Red,2023-07-16,Kg,26,48,37
Mushroom(Button),2023-07-16,Kg,319,458,388
Mushroom(Kanya),2023-07-16,Kg,149,206,177
Spinach Leaf,2023-07-16,Kg,77,126,101
Mustard Leaf,2023-07-16,Kg,36,60,48
Coriander,2023-07-16,Kg,145,252,198
Garlic Dry Nepali,2023-07-16,Kg,172,300,236
Garlic Dry Chinese,2023-07-16,Kg,216,323,269
Ginger,2023-07-16,Kg,143,213,178
Chilly Green,2023-07-16,Kg,71,125,98
Capsicum,2023-07-16,Kg,102,137,119
Cucumber(Local),2023-07-16,Kg,60,97,78
Apple(Jholey),2023-07-16,Kg,131,240,185
Banana,2023-07-16,Dozen,101,146,123
Pomegranate,2023-07-16,Kg,247,375,311
Orange(Nepali),2023-07-16,Kg,76,129,102
Papaya(Indian),2023-07-16,Kg,83,111,97
Tomato Big(Nepali),2023-07-17,Kg,40,58,49
Tomato Small(Local),2023-07-17,Kg,25,45,35
Potato Red,2023-07-17,Kg,44,67,55
Potato White,2023-07-17,Kg,41,54,47
Onion Dry (Indian),2023-07-17,Kg,59,86,72
Carrot(Local),2023-07-17,Kg,75,104,89
Cabbage(Local),2023-07-17,Kg,31,47,39
Cauliflower Local,2023-07-17,Kg,49,86,67
Raddish White(Local),2023-07-17,Kg,19,37,28
Brinjal Long,2023-07-17,Kg,43,62,52
Cow pea(Long),2023-07-17,Kg,61,94,77
Green Peas,2023-07-17,Kg,102,162,132
French Bean(Local),2023-07-17,Kg,56,80,68
Bitter Gourd,2023-07-17,Kg,82,113,97
Bottle Gourd,2023-07-17,Kg,35,57,46
Pointed Gourd(Local),2023-07-17,Kg,53,97,75
Snake Gourd,2023-07-17,Kg,48,71,59
Sponge Gourd,2023-07-17,Kg,55,92,73
Pumpkin,2023-07-17,Kg,33,45,39
Squash(Long),2023-07-17,Kg,38,63,50
Okra,2023-07-17,Kg,63,86,74
Arum,2023-07-17,Kg,61,78,69
Barela,2023-07-17,Kg,39,59,49
Radish Red,2023-07-17,Kg,28,41,34
Mushroom(Button),2023-07-17,Kg,317,443,380
Mushroom(Kanya),2023-07-17,Kg,146,186,166
Spinach Leaf,2023-07-17,Kg,86,120,103
Mustard Leaf,2023-07-17,Kg,38,56,47
Coriander,2023-07-17,Kg,137,236,186
Garlic Dry Nepali,2023-07-17,Kg,202,254,228
Garlic Dry Chinese,2023-07-17,Kg,249,288,268
Ginger,2023-07-17,Kg,142,211,176
Chilly Green,2023-07-17,Kg,73,129,101
Capsicum,2023-07-17,Kg,86,139,112
Cucumber(Local),2023-07-17,Kg,61,93,77
Apple(Jholey),2023-07-17,Kg,146,252,199
Banana,2023-07-17,Dozen,86,138,112
Pomegranate,2023-07-17,Kg,256,355,305
Orange(Nepali),2023-07-17,Kg,72,131,101
Papaya(Indian),2023-07-17,Kg,80,104,92
Tomato Big(Nepali),2023-07-18,Kg,38,58,48
Tomato Small(Local),2023-07-18,Kg,26,50,38
Potato Red,2023-07-18,Kg,43,64,53
Potato White,2023-07-18,Kg,38,59,48
Onion Dry (Indian),2023-07-18,Kg,59,90,74
Carrot(Local),2023-07-18,Kg,79,103,91
Cabbage(Local),2023-07-18,Kg,28,48,38
Cauliflower Local,2023-07-18,Kg,47,76,61
Raddish White(Local),2023-07-18,Kg,17,37,27
Brinjal Long,2023-07-18,Kg,46,59,52
Cow pea(Long),2023-07-18,Kg,69,103,86
Green Peas,2023-07-18,Kg,122,149,135
French Bean(Local),2023-07-18,Kg,52,80,66
Bitter Gourd,2023-07-18,Kg,71,114,92
Bottle Gourd,2023-07-18,Kg,35,60,47
Pointed Gourd(Local),2023-07-18,Kg,54,87,70
Snake Gourd,2023-07-18,Kg,45,65,55
Sponge Gourd,2023-07-18,Kg,61,84,72
Pumpkin,2023-07-18,Kg,29,53,41
Squash(Long),2023-07-18,Kg,33,62,47
Okra,2023-07-18,Kg,68,88,78
Arum,2023-07-18,Kg,55,86,70
Barela,2023-07-18,Kg,34,56,45
Radish Red,2023-07-18,Kg,29,44,36
Mushroom(Button),2023-07-18,Kg,320,410,365
Mushroom(Kanya),2023-07-18,Kg,147,194,170
Spinach Leaf,2023-07-18,Kg,87,109,98
Mustard Leaf,2023-07-18,Kg,37,62,49
Coriander,2023-07-18,Kg,149,235,192
Garlic Dry Nepali,2023-07-18,Kg,179,257,218
Garlic Dry Chinese,2023-07-18,Kg,237,307,272
Ginger,2023-07-18,Kg,132,205,168
Chilly Green,2023-07-18,Kg,74,129,101
Capsicum,2023-07-18,Kg,86,147,116
Cucumber(Local),2023-07-18,Kg,56,81,68
Apple(Jholey),2023-07-18,Kg,128,254,191
Banana,2023-07-18,Dozen,87,139,113
Pomegranate,2023-07-18,Kg,229,364,296
Orange(Nepali),2023-07-18,Kg,78,129,103
Papaya(Indian),2023-07-18,Kg,69,98,83
Tomato Big(Nepali),2023-07-19,Kg,34,60,47
Tomato Small(Local),2023-07-19,Kg,30,49,39
Potato Red,2023-07-19,Kg,46,74,60
Potato White,2023-07-19,Kg,39,57,48
Onion Dry (Indian),2023-07-19,Kg,53,90,71
Carrot(Local),2023-07-19,Kg,74,113,93
Cabbage(Local),2023-07-19,Kg,27,44,35
Cauliflower Local,2023-07-19,Kg,49,81,65
Raddish White(Local),2023-07-19,Kg,19,31,25
Brinjal Long,2023-07-19,Kg,42,63,52
Cow pea(Long),2023-07-19,Kg,62,105,83
Green Peas,2023-07-19,Kg,116,149,132
French Bean(Local),2023-07-19,Kg,59,89,74
Bitter Gourd,2023-07-19,Kg,78,118,98
Bottle Gourd,2023-07-19,Kg,38,63,50
Pointed Gourd(Local),2023-07-19,Kg,51,94,72
Snake Gourd,2023-07-19,Kg,51,65,58
Sponge Gourd,2023-07-19,Kg,58,85,71
Pumpkin,2023-07-19,Kg,35,45,40
Squash(Long),2023-07-19,Kg,40,64,52
Okra,2023-07-19,Kg,61,82,71
Arum,2023-07-19,Kg,55,81,68
Barela,2023-07-19,Kg,39,55,47
Radish Red,2023-07-19,Kg,30,47,38
Mushroom(Button),2023-07-19,Kg,344,414,379
Mushroom(Kanya),2023-07-19,Kg,130,208,169
Spinach Leaf,2023-07-19,Kg,89,129,109
Mustard Leaf,2023-07-19,Kg,37,54,45
Coriander,2023-07-19,Kg,153,227,190
Garlic Dry Nepali,2023-07-19,Kg,192,302,247
Garlic Dry Chinese,2023-07-19,Kg,231,315,273
Ginger,2023-07-19,Kg,149,215,182
Chilly Green,2023-07-19,Kg,69,114,91
Capsicum,2023-07-19,Kg,88,134,111
Cucumber(Local),2023-07-19,Kg,57,94,75
Apple(Jholey),2023-07-19,Kg,138,227,182
Banana,2023-07-19,Dozen,89,149,119
Pomegranate,2023-07-19,Kg,252,320,286
Orange(Nepali),2023-07-19,Kg,73,140,106
Papaya(Indian),2023-07-19,Kg,77,104,90
Tomato Big(Nepali),2023-07-20,Kg,34,58,46
Tomato Small(Local),2023-07-20,Kg,26,51,38
Potato Red,2023-07-20,Kg,44,69,56
Potato White,2023-07-20,Kg,39,53,46
Onion Dry (Indian),2023-07-20,Kg,61,94,77
Carrot(Local),2023-07-20,Kg,82,100,91
Cabbage(Local),2023-07-20,Kg,28,41,34
Cauliflower Local,2023-07-20,Kg,50,84,67
Raddish White(Local),2023-07-20,Kg,17,32,24
Brinjal Long,2023-07-20,Kg,39,64,51
Cow pea(Long),2023-07-20,Kg,60,104,82
Green Peas,2023-07-20,Kg,122,140,131
French Bean(Local),2023-07-20,Kg,58,90,74
Bitter Gourd,2023-07-20,Kg,77,127,102
Bottle Gourd,2023-07-20,Kg,39,54,46
Pointed Gourd(Local),2023-07-20,Kg,57,86,71
Snake Gourd,2023-07-20,Kg,43,62,52
Sponge Gourd,2023-07-20,Kg,58,83,70
Pumpkin,2023-07-20,Kg,33,48,40
Squash(Long),2023-07-20,Kg,37,55,46
Okra,2023-07-20,Kg,69,90,79
Arum,2023-07-20,Kg,50,78,64
Barela,2023-07-20,Kg,39,57,48
Radish Red,2023-07-20,Kg,25,44,34
Mushroom(Button),2023-07-20,Kg,305,441,373
Mushroom(Kanya),2023-07-20,Kg,146,213,179
Spinach Leaf,2023-07-20,Kg,80,113,96
Mustard Leaf,2023-07-20,Kg,39,63,51
Coriander,2023-07-20,Kg,137,252,194
Garlic Dry Nepali,2023-07-20,Kg,196,286,241
Garlic Dry Chinese,2023-07-20,Kg,238,342,290
Ginger,2023-07-20,Kg,135,217,176
Chilly Green,2023-07-20,Kg,78,111,94
Capsicum,2023-07-20,Kg,91,128,109
Cucumber(Local),2023-07-20,Kg,53,88,70
Apple(Jholey),2023-07-20,Kg,139,252,195
Banana,2023-07-20,Dozen,100,149,124
Pomegranate,2023-07-20,Kg,256,366,311
Orange(Nepali),2023-07-20,Kg,72,121,96
Papaya(Indian),2023-07-20,Kg,74,118,96
Tomato Big(Nepali),2023-07-21,Kg,38,61,49
Tomato Small(Local),2023-07-21,Kg,29,46,37
Potato Red,2023-07-21,Kg,49,66,57
Potato White,2023-07-21,Kg,37,53,45
Onion Dry (Indian),2023-07-21,Kg,51,94,72
Carrot(Local),2023-07-21,Kg,77,103,90
Cabbage(Local),2023-07-21,Kg,26,41,33
Cauliflower Local,2023-07-21,Kg,45,84,64
Raddish White(Local),2023-07-21,Kg,19,32,25
Brinjal Long,2023-07-21,Kg,44,66,55
Cow pea(Long),2023-07-21,Kg,68,90,79
Green Peas,2023-07-21,Kg,111,143,127
French Bean(Local),2023-07-21,Kg,59,83,71
Bitter Gourd,2023-07-21,Kg,78,116,97
Bottle Gourd,2023-07-21,Kg,40,58,49
Pointed Gourd(Local),2023-07-21,Kg,53,86,69
Snake Gourd,2023-07-21,Kg,50,65,57
Sponge Gourd,2023-07-21,Kg,59,79,69
Pumpkin,2023-07-21,Kg,30,50,40
Squash(Long),2023-07-21,Kg,35,62,48
Okra,2023-07-21,Kg,59,88,73
Arum,2023-07-21,Kg,51,78,64
Barela,2023-07-21,Kg,37,54,45
Radish Red,2023-07-21,Kg,25,41,33
Mushroom(Button),2023-07-21,Kg,333,426,379
Mushroom(Kanya),2023-07-21,Kg,152,191,171
Spinach Leaf,2023-07-21,Kg,84,115,99
Mustard Leaf,2023-07-21,Kg,34,61,47
Coriander,2023-07-21,Kg,129,258,193
Garlic Dry Nepali,2023-07-21,Kg,193,270,231
Garlic Dry Chinese,2023-07-21,Kg,249,288,268
Ginger,2023-07-21,Kg,146,212,179
Chilly Green,2023-07-21,Kg,76,107,91
Capsicum,2023-07-21,Kg,91,135,113
Cucumber(Local),2023-07-21,Kg,53,80,66
Apple(Jholey),2023-07-21,Kg,141,267,204
Banana,2023-07-21,Dozen,92,133,112
Pomegranate,2023-07-21,Kg,230,356,293
Orange(Nepali),2023-07-21,Kg,68,124,96
Papaya(Indian),2023-07-21,Kg,69,116,92
Tomato Big(Nepali),2023-07-22,Kg,34,60,47
Tomato Small(Local),2023-07-22,Kg,26,52,39
Potato Red,2023-07-22,Kg,42,64,53
Potato White,2023-07-22,Kg,34,51,42
Onion Dry (Indian),2023-07-22,Kg,56,81,68
Carrot(Local),2023-07-22,Kg,80,112,96
Cabbage(Local),2023-07-22,Kg,25,43,34
Cauliflower Local,2023-07-22,Kg,48,83,65
Raddish White(Local),2023-07-22,Kg,20,33,26
Brinjal Long,2023-07-22,Kg,44,68,56
Cow pea(Long),2023-07-22,Kg,71,89,80
Green Peas,2023-07-22,Kg,115,152,133
French Bean(Local),2023-07-22,Kg,50,82,66
Bitter Gourd,2023-07-22,Kg,80,126,103
Bottle Gourd,2023-07-22,Kg,34,58,46
Pointed Gourd(Local),2023-07-22,Kg,59,94,76
Snake Gourd,2023-07-22,Kg,50,66,58
Sponge Gourd,2023-07-22,Kg,53,76,64
Pumpkin,2023-07-22,Kg,30,50,40
Squash(Long),2023-07-22,Kg,38,54,46
Okra,2023-07-22,Kg,66,83,74
Arum,2023-07-22,Kg,55,80,67
Barela,2023-07-22,Kg,36,51,43
Radish Red,2023-07-22,Kg,27,41,34
Mushroom(Button),2023-07-22,Kg,333,455,394
Mushroom(Kanya),2023-07-22,Kg,128,211,169
Spinach Leaf,2023-07-22,Kg,91,127,109
Mustard Leaf,2023-07-22,Kg,34,63,48
Coriander,2023-07-22,Kg,127,260,193
Garlic Dry Nepali,2023-07-22,Kg,179,286,232
Garlic Dry Chinese,2023-07-22,Kg,251,296,273
Ginger,2023-07-22,Kg,143,225,184
Chilly Green,2023-07-22,Kg,67,113,90
Capsicum,2023-07-22,Kg,90,130,110
Cucumber(Local),2023-07-22,Kg,58,83,70
Apple(Jholey),2023-07-22,Kg,134,235,184
Banana,2023-07-22,Dozen,99,146,122
Pomegranate,2023-07-22,Kg,240,372,306
Orange(Nepali),2023-07-22,Kg,80,134,107
Papaya(Indian),2023-07-22,Kg,74,109,91
Tomato Big(Nepali),2023-07-23,Kg,34,56,45
Tomato Small(Local),2023-07-23,Kg,30,49,39
Potato Red,2023-07-23,Kg,46,70,58
Potato White,2023-07-23,Kg,38,51,44
Onion Dry (Indian),2023-07-23,Kg,56,91,73
Carrot(Local),2023-07-23,Kg,77,112,94
Cabbage(Local),2023-07-23,Kg,26,45,35
Cauliflower Local,2023-07-23,Kg,44,70,57
Raddish White(Local),2023-07-23,Kg,18,34,26
Brinjal Long,2023-07-23,Kg,38,60,49
Cow pea(Long),2023-07-23,Kg,67,90,78
Green Peas,2023-07-23,Kg,104,142,123
French Bean(Local),2023-07-23,Kg,61,88,74
Bitter Gourd,2023-07-23,Kg,77,108,92
Bottle Gourd,2023-07-23,Kg,38,54,46
Pointed Gourd(Local),2023-07-23,Kg,54,90,72
Snake Gourd,2023-07-23,Kg,44,67,55
Sponge Gourd,2023-07-23,Kg,61,78,69
Pumpkin,2023-07-23,Kg,33,44,38
Squash(Long),2023-07-23,Kg,34,58,46
Okra,2023-07-23,Kg,67,79,73
Arum,2023-07-23,Kg,57,72,64
Barela,2023-07-23,Kg,39,49,44
Radish Red,2023-07-23,Kg,28,46,37
Mushroom(Button),2023-07-23,Kg,346,466,406
Mushroom(Kanya),2023-07-23,Kg,127,199,163
Spinach Leaf,2023-07-23,Kg,90,109,99
Mustard Leaf,2023-07-23,Kg,35,58,46
Coriander,2023-07-23,Kg,140,236,188
Garlic Dry Nepali,2023-07-23,Kg,174,265,219
Garlic Dry Chinese,2023-07-23,Kg,208,283,245
Ginger,2023-07-23,Kg,152,220,186
Chilly Green,2023-07-23,Kg,74,113,93
Capsicum,2023-07-23,Kg,88,136,112
Cucumber(Local),2023-07-23,Kg,51,92,71
Apple(Jholey),2023-07-23,Kg,138,250,194
Banana,2023-07-23,Dozen,97,124,110
Pomegranate,2023-07-23,Kg,248,365,306
Orange(Nepali),2023-07-23,Kg,74,126,100
Papaya(Indian),2023-07-23,Kg,67,108,87
Tomato Big(Nepali),2023-07-24,Kg,40,56,48
Tomato Small(Local),2023-07-24,Kg,27,49,38
Potato Red,2023-07-24,Kg,44,68,56
Potato White,2023-07-24,Kg,34,52,43
Onion Dry (Indian),2023-07-24,Kg,51,81,66
Carrot(Local),2023-07-24,Kg,71,110,90
Cabbage(Local),2023-07-24,Kg,29,44,36
Cauliflower Local,2023-07-24,Kg,48,78,63
Raddish White(Local),2023-07-24,Kg,19,34,26
Brinjal Long,2023-07-24,Kg,45,61,53
Cow pea(Long),2023-07-24,Kg,68,102,85
Green Peas,2023-07-24,Kg,106,136,121
French Bean(Local),2023-07-24,Kg,54,81,67
Bitter Gourd,2023-07-24,Kg,68,112,90
Bottle Gourd,2023-07-24,Kg,38,57,47
Pointed Gourd(Local),2023-07-24,Kg,57,93,75
Snake Gourd,2023-07-24,Kg,49,71,60
Sponge Gourd,2023-07-24,Kg,53,81,67
Pumpkin,2023-07-24,Kg,31,44,37
Squash(Long),2023-07-24,Kg,34,54,44
Okra,2023-07-24,Kg,68,88,78
Arum,2023-07-24,Kg,56,72,64
Barela,2023-07-24,Kg,34,53,43
Radish Red,2023-07-24,Kg,25,41,33
Mushroom(Button),2023-07-24,Kg,323,440,381
Mushroom(Kanya),2023-07-24,Kg,143,176,159
Spinach Leaf,2023-07-24,Kg,87,115,101
Mustard Leaf,2023-07-24,Kg,35,56,45
Coriander,2023-07-24,Kg,141,238,189
Garlic Dry Nepali,2023-07-24,Kg,203,255,229
Garlic Dry Chinese,2023-07-24,Kg,215,295,255
Ginger,2023-07-24,Kg,143,194,168
Chilly Green,2023-07-24,Kg,80,110,95
Capsicum,2023-07-24,Kg,96,134,115
Cucumber(Local),2023-07-24,Kg,54,86,70
Apple(Jholey),2023-07-24,Kg,147,255,201
Banana,2023-07-24,Dozen,98,127,112
Pomegranate,2023-07-24,Kg,238,308,273
Orange(Nepali),2023-07-24,Kg,71,120,95
Papaya(Indian),2023-07-24,Kg,73,105,89
Tomato Big(Nepali),2023-07-25,Kg,33,58,45
Tomato Small(Local),2023-07-25,Kg,30,50,40
Potato Red,2023-07-25,Kg,47,62,54
Potato White,2023-07-25,Kg,39,48,43
Onion Dry (Indian),2023-07-25,Kg,57,86,71
Carrot(Local),2023-07-25,Kg,74,111,92
Cabbage(Local),2023-07-25,Kg,25,44,34
Cauliflower Local,2023-07-25,Kg,49,78,63
Raddish White(Local),2023-07-25,Kg,18,34,26
Brinjal Long,2023-07-25,Kg,41,67,54
Cow pea(Long),2023-07-25,Kg,69,102,85
Green Peas,2023-07-25,Kg,105,153,129
French Bean(Local),2023-07-25,Kg,58,81,69
Bitter Gourd,2023-07-25,Kg,77,119,98
Bottle Gourd,2023-07-25,Kg,36,60,48
Pointed Gourd(Local),2023-07-25,Kg,57,83,70
Snake Gourd,2023-07-25,Kg,42,73,57
Sponge Gourd,2023-07-25,Kg,56,89,72
Pumpkin,2023-07-25,Kg,33,52,42
Squash(Long),2023-07-25,Kg,38,62,50
Okra,2023-07-25,Kg,68,88,78
Arum,2023-07-25,Kg,53,74,63
Barela,2023-07-25,Kg,33,57,45
Radish Red,2023-07-25,Kg,29,44,36
Mushroom(Button),2023-07-25,Kg,347,418,382
Mushroom(Kanya),2023-07-25,Kg,150,187,168
Spinach Leaf,2023-07-25,Kg,76,119,97
Mustard Leaf,2023-07-25,Kg,34,54,44
Coriander,2023-07-25,Kg,135,262,198
Garlic Dry Nepali,2023-07-25,Kg,195,272,233
Garlic Dry Chinese,2023-07-25,Kg,222,288,255
Ginger,2023-07-25,Kg,124,224,174
Chilly Green,2023-07-25,Kg,73,120,96
Capsicum,2023-07-25,Kg,84,144,114
Cucumber(Local),2023-07-25,Kg,51,83,67
Apple(Jholey),2023-07-25,Kg,133,244,188
Banana,2023-07-25,Dozen,97,139,118
Pomegranate,2023-07-25,Kg,225,359,292
Orange(Nepali),2023-07-25,Kg,70,121,95
Papaya(Indian),2023-07-25,Kg,72,105,88
Tomato Big(Nepali),2023-07-26,Kg,34,57,45
Tomato Small(Local),2023-07-26,Kg,26,50,38
Potato Red,2023-07-26,Kg,44,69,56
Potato White,2023-07-26,Kg,39,56,47
Onion Dry (Indian),2023-07-26,Kg,57,91,74
Carrot(Local),2023-07-26,Kg,76,109,92
Cabbage(Local),2023-07-26,Kg,27,43,35
Cauliflower Local,2023-07-26,Kg,48,83,65
Raddish White(Local),2023-07-26,Kg,18,32,25
Brinjal Long,2023-07-26,Kg,37,62,49
Cow pea(Long),2023-07-26,Kg,66,93,79
Green Peas,2023-07-26,Kg,103,141,122
French Bean(Local),2023-07-26,Kg,53,83,68
Bitter Gourd,2023-07-26,Kg,79,117,98
Bottle Gourd,2023-07-26,Kg,38,57,47
Pointed Gourd(Local),2023-07-26,Kg,51,79,65
Snake Gourd,2023-07-26,Kg,45,61,53
Sponge Gourd,2023-07-26,Kg,52,82,67
Pumpkin,2023-07-26,Kg,31,46,38
Squash(Long),2023-07-26,Kg,36,56,46
Okra,2023-07-26,Kg,66,79,72
Arum,2023-07-26,Kg,58,78,68
Barela,2023-07-26,Kg,37,51,44
Radish Red,2023-07-26,Kg,29,44,36
Mushroom(Button),2023-07-26,Kg,326,406,366
Mushroom(Kanya),2023-07-26,Kg,126,207,166
Spinach Leaf,2023-07-26,Kg,80,104,92
Mustard Leaf,2023-07-26,Kg,37,58,47
Coriander,2023-07-26,Kg,131,226,178
Garlic Dry Nepali,2023-07-26,Kg,170,271,220
Garlic Dry Chinese,2023-07-26,Kg,234,281,257
Ginger,2023-07-26,Kg,124,226,175
Chilly Green,2023-07-26,Kg,80,122,101
Capsicum,2023-07-26,Kg,82,129,105
Cucumber(Local),2023-07-26,Kg,50,93,71
Apple(Jholey),2023-07-26,Kg,140,233,186
Banana,2023-07-26,Dozen,86,126,106
Pomegranate,2023-07-26,Kg,215,343,279
Orange(Nepali),2023-07-26,Kg,71,117,94
Papaya(Indian),2023-07-26,Kg,69,106,87
Tomato Big(Nepali),2023-07-27,Kg,37,59,48
Tomato Small(Local),2023-07-27,Kg,29,44,36
Potato Red,2023-07-27,Kg,47,69,58
Potato White,2023-07-27,Kg,33,57,45
Onion Dry (Indian),2023-07-27,Kg,54,83,68
Carrot(Local),2023-07-27,Kg,66,109,87
Cabbage(Local),2023-07-27,Kg,28,39,33
Cauliflower Local,2023-07-27,Kg,44,81,62
Raddish White(Local),2023-07-27,Kg,19,34,26
Brinjal Long,2023-07-27,Kg,43,62,52
Cow pea(Long),2023-07-27,Kg,66,93,79
Green Peas,2023-07-27,Kg,109,143,126
French Bean(Local),2023-07-27,Kg,56,80,68
Bitter Gourd,2023-07-27,Kg,74,126,100
Bottle Gourd,2023-07-27,Kg,37,53,45
Pointed Gourd(Local),2023-07-27,Kg,58,94,76
Snake Gourd,2023-07-27,Kg,42,61,51
Sponge Gourd,2023-07-27,Kg,54,73,63
Pumpkin,2023-07-27,Kg,31,52,41
Squash(Long),2023-07-27,Kg,37,53,45
Okra,2023-07-27,Kg,61,88,74
Arum,2023-07-27,Kg,55,83,69
Barela,2023-07-27,Kg,33,48,40
Radish Red,2023-07-27,Kg,29,45,37
Mushroom(Button),2023-07-27,Kg,327,456,391
Mushroom(Kanya),2023-07-27,Kg,133,192,162
Spinach Leaf,2023-07-27,Kg,88,121,104
Mustard Leaf,2023-07-27,Kg,39,54,46
Coriander,2023-07-27,Kg,149,246,197
Garlic Dry Nepali,2023-07-27,Kg,197,247,222
Garlic Dry Chinese,2023-07-27,Kg,240,309,274
Ginger,2023-07-27,Kg,145,204,174
Chilly Green,2023-07-27,Kg,72,105,88
Capsicum,2023-07-27,Kg,99,145,122
Cucumber(Local),2023-07-27,Kg,54,89,71
Apple(Jholey),2023-07-27,Kg,128,259,193
Banana,2023-07-27,Dozen,84,122,103
Pomegranate,2023-07-27,Kg,215,337,276
Orange(Nepali),2023-07-27,Kg,75,115,95
Papaya(Indian),2023-07-27,Kg,76,114,95
Tomato Big(Nepali),2023-07-28,Kg,37,60,48
Tomato Small(Local),2023-07-28,Kg,29,51,40
Potato Red,2023-07-28,Kg,44,66,55
Potato White,2023-07-28,Kg,38,55,46
Onion Dry (Indian),2023-07-28,Kg,51,94,72
Carrot(Local),2023-07-28,Kg,72,99,85
Cabbage(Local),2023-07-28,Kg,27,44,35
Cauliflower Local,2023-07-28,Kg,45,72,58
Raddish White(Local),2023-07-28,Kg,18,35,26
Brinjal Long,2023-07-28,Kg,41,58,49
Cow pea(Long),2023-07-28,Kg,68,103,85
Green Peas,2023-07-28,Kg,108,156,132
French Bean(Local),2023-07-28,Kg,56,88,72
Bitter Gourd,2023-07-28,Kg,77,108,92
Bottle Gourd,2023-07-28,Kg,37,56,46
Pointed Gourd(Local),2023-07-28,Kg,58,82,70
Snake Gourd,2023-07-28,Kg,49,63,56
Sponge Gourd,2023-07-28,Kg,56,78,67
Pumpkin,2023-07-28,Kg,34,46,40
Squash(Long),2023-07-28,Kg,37,62,49
Okra,2023-07-28,Kg,67,89,78
Arum,2023-07-28,Kg,56,76,66
Barela,2023-07-28,Kg,39,55,47
Radish Red,2023-07-28,Kg,27,42,34
Mushroom(Button),2023-07-28,Kg,339,466,402
Mushroom(Kanya),2023-07-28,Kg,132,192,162
Spinach Leaf,2023-07-28,Kg,85,124,104
Mustard Leaf,2023-07-28,Kg,32,60,46
Coriander,2023-07-28,Kg,124,259,191
Garlic Dry Nepali,2023-07-28,Kg,199,267,233
Garlic Dry Chinese,2023-07-28,Kg,243,289,266
Ginger,2023-07-28,Kg,145,214,179
Chilly Green,2023-07-28,Kg,77,120,98
Capsicum,2023-07-28,Kg,96,131,113
Cucumber(Local),2023-07-28,Kg,54,94,74
Apple(Jholey),2023-07-28,Kg,132,237,184
Banana,2023-07-28,Dozen,92,128,110
Pomegranate,2023-07-28,Kg,206,361,283
Orange(Nepali),2023-07-28,Kg,74,119,96
Papaya(Indian),2023-07-28,Kg,77,99,88
Tomato Big(Nepali),2023-07-29,Kg,35,52,43
Tomato Small(Local),2023-07-29,Kg,29,43,36
Potato Red,2023-07-29,Kg,43,63,53
Potato White,2023-07-29,Kg,35,48,41
Onion Dry (Indian),2023-07-29,Kg,53,89,71
Carrot(Local),2023-07-29,Kg,78,107,92
Cabbage(Local),2023-07-29,Kg,26,44,35
Cauliflower Local,2023-07-29,Kg,49,75,62
Raddish White(Local),2023-07-29,Kg,17,31,24
Brinjal Long,2023-07-29,Kg,43,67,55
Cow pea(Long),2023-07-29,Kg,69,97,83
Green Peas,2023-07-29,Kg,100,152,126
French Bean(Local),2023-07-29,Kg,53,78,65
Bitter Gourd,2023-07-29,Kg,71,115,93
Bottle Gourd,2023-07-29,Kg,39,59,49
Pointed Gourd(Local),2023-07-29,Kg,53,79,66
Snake Gourd,2023-07-29,Kg,46,66,56
Sponge Gourd,2023-07-29,Kg,50,76,63
Pumpkin,2023-07-29,Kg,31,48,39
Squash(Long),2023-07-29,Kg,37,56,46
Okra,2023-07-29,Kg,65,79,72
Arum,2023-07-29,Kg,58,74,66
Barela,2023-07-29,Kg,34,57,45
Radish Red,2023-07-29,Kg,25,40,32
Mushroom(Button),2023-07-29,Kg,348,449,398
Mushroom(Kanya),2023-07-29,Kg,139,180,159
Spinach Leaf,2023-07-29,Kg,87,119,103
Mustard Leaf,2023-07-29,Kg,38,62,50
Coriander,2023-07-29,Kg,144,217,180
Garlic Dry Nepali,2023-07-29,Kg,198,271,234
Garlic Dry Chinese,2023-07-29,Kg,227,327,277
Ginger,2023-07-29,Kg,138,213,175
Chilly Green,2023-07-29,Kg,68,110,89
Capsicum,2023-07-29,Kg,97,145,121
Cucumber(Local),2023-07-29,Kg,57,93,75
Apple(Jholey),2023-07-29,Kg,123,253,188
Banana,2023-07-29,Dozen,83,132,107
Pomegranate,2023-07-29,Kg,216,364,290
Orange(Nepali),2023-07-29,Kg,67,117,92
Papaya(Indian),2023-07-29,Kg,76,114,95
Tomato Big(Nepali),2023-07-30,Kg,33,61,47
Tomato Small(Local),2023-07-30,Kg,29,45,37
Potato Red,2023-07-30,Kg,46,72,59
Potato White,2023-07-30,Kg,35,47,41
Onion Dry (Indian),2023-07-30,Kg,51,86,68
Carrot(Local),2023-07-30,Kg,67,102,84
Cabbage(Local),2023-07-30,Kg,29,43,36
Cauliflower Local,2023-07-30,Kg,45,76,60
Raddish White(Local),2023-07-30,Kg,19,32,25
Brinjal Long,2023-07-30,Kg,37,59,48
Cow pea(Long),2023-07-30,Kg,65,91,78
Green Peas,2023-07-30,Kg,119,133,126
French Bean(Local),2023-07-30,Kg,56,82,69
Bitter Gourd,2023-07-30,Kg,73,109,91
Bottle Gourd,2023-07-30,Kg,33,54,43
Pointed Gourd(Local),2023-07-30,Kg,54,86,70
Snake Gourd,2023-07-30,Kg,46,71,58
Sponge Gourd,2023-07-30,Kg,51,81,66
Pumpkin,2023-07-30,Kg,31,50,40
Squash(Long),2023-07-30,Kg,35,59,47
Okra,2023-07-30,Kg,63,85,74
Arum,2023-07-30,Kg,50,70,60
Barela,2023-07-30,Kg,34,50,42
Radish Red,2023-07-30,Kg,26,42,34
Mushroom(Button),2023-07-30,Kg,309,387,348
Mushroom(Kanya),2023-07-30,Kg,128,192,160
Spinach Leaf,2023-07-30,Kg,86,123,104
Mustard Leaf,2023-07-30,Kg,37,52,44
Coriander,2023-07-30,Kg,148,242,195
Garlic Dry Nepali,2023-07-30,Kg,168,243,205
Garlic Dry Chinese,2023-07-30,Kg,228,314,271
Ginger,2023-07-30,Kg,122,207,164
Chilly Green,2023-07-30,Kg,69,104,86
Capsicum,2023-07-30,Kg,86,136,111
Cucumber(Local),2023-07-30,Kg,56,88,72
Apple(Jholey),2023-07-30,Kg,147,236,191
Banana,2023-07-30,Dozen,84,122,103
Pomegranate,2023-07-30,Kg,230,318,274
Orange(Nepali),2023-07-30,Kg,70,117,93
Papaya(Indian),2023-07-30,Kg,75,96,85
Tomato Big(Nepali),2023-07-31,Kg,35,57,46
Tomato Small(Local),2023-07-31,Kg,28,50,39
Potato Red,2023-07-31,Kg,48,64,56
Potato White,2023-07-31,Kg,33,47,40
Onion Dry (Indian),2023-07-31,Kg,53,85,69
Carrot(Local),2023-07-31,Kg,72,105,88
Cabbage(Local),2023-07-31,Kg,26,38,32
Cauliflower Local,2023-07-31,Kg,41,69,55
Raddish White(Local),2023-07-31,Kg,18,32,25
Brinjal Long,2023-07-31,Kg,41,67,54
Cow pea(Long),2023-07-31,Kg,65,87,76
Green Peas,2023-07-31,Kg,108,149,128
French Bean(Local),2023-07-31,Kg,55,83,69
Bitter Gourd,2023-07-31,Kg,78,117,97
Bottle Gourd,2023-07-31,Kg,38,55,46
Pointed Gourd(Local),2023-07-31,Kg,52,83,67
Snake Gourd,2023-07-31,Kg,45,67,56
Sponge Gourd,2023-07-31,Kg,49,87,68
Pumpkin,2023-07-31,Kg,32,48,40
Squash(Long),2023-07-31,Kg,36,61,48
Okra,2023-07-31,Kg,62,85,73
Arum,2023-07-31,Kg,54,80,67
Barela,2023-07-31,Kg,38,53,45
Radish Red,2023-07-31,Kg,29,43,36
Mushroom(Button),2023-07-31,Kg,346,401,373
Mushroom(Kanya),2023-07-31,Kg,125,181,153
Spinach Leaf,2023-07-31,Kg,81,118,99
Mustard Leaf,2023-07-31,Kg,39,52,45
Coriander,2023-07-31,Kg,125,215,170
Garlic Dry Nepali,2023-07-31,Kg,165,280,222
Garlic Dry Chinese,2023-07-31,Kg,242,323,282
Ginger,2023-07-31,Kg,126,204,165
Chilly Green,2023-07-31,Kg,66,104,85
Capsicum,2023-07-31,Kg,90,142,116
Cucumber(Local),2023-07-31,Kg,59,91,75
Apple(Jholey),2023-07-31,Kg,144,252,198
Banana,2023-07-31,Dozen,87,137,112
Pomegranate,2023-07-31,Kg,246,359,302
Orange(Nepali),2023-07-31,Kg,71,124,97
Papaya(Indian),2023-07-31,Kg,75,96,85
Tomato Big(Nepali),2023-08-01,Kg,36,58,47
Tomato Small(Local),2023-08-01,Kg,25,43,34
Potato Red,2023-08-01,Kg,43,62,52
Potato White,2023-08-01,Kg,33,49,41
Onion Dry (Indian),2023-08-01,Kg,53,79,66
Carrot(Local),2023-08-01,Kg,74,102,88
Cabbage(Local),2023-08-01,Kg,28,40,34
Cauliflower Local,2023-08-01,Kg,41,79,60
Raddish White(Local),2023-08-01,Kg,18,34,26
Brinjal Long,2023-08-01,Kg,43,58,50
Cow pea(Long),2023-08-01,Kg,61,95,78
Green Peas,2023-08-01,Kg,117,151,134
French Bean(Local),2023-08-01,Kg,55,76,65
Bitter Gourd,2023-08-01,Kg,74,120,97
Bottle Gourd,2023-08-01,Kg,33,53,43
Pointed Gourd(Local),2023-08-01,Kg,53,85,69
Snake Gourd,2023-08-01,Kg,47,68,57
Sponge Gourd,2023-08-01,Kg,57,83,70
Pumpkin,2023-08-01,Kg,30,44,37
Squash(Long),2023-08-01,Kg,34,56,45
Okra,2023-08-01,Kg,67,79,73
Arum,2023-08-01,Kg,49,70,59
Barela,2023-08-01,Kg,39,54,46
Radish Red,2023-08-01,Kg,24,43,33
Mushroom(Button),2023-08-01,Kg,307,391,349
Mushroom(Kanya),2023-08-01,Kg,137,185,161
Spinach Leaf,2023-08-01,Kg,82,104,93
Mustard Leaf,2023-08-01,Kg,34,54,44
Coriander,2023-08-01,Kg,137,242,189
Garlic Dry Nepali,2023-08-01,Kg,183,244,213
Garlic Dry Chinese,2023-08-01,Kg,231,302,266
Ginger,2023-08-01,Kg,135,203,169
Chilly Green,2023-08-01,Kg,71,118,94
Capsicum,2023-08-01,Kg,86,125,105
Cucumber(Local),2023-08-01,Kg,49,82,65
Apple(Jholey),2023-08-01,Kg,133,239,186
Banana,2023-08-01,Dozen,97,127,112
Pomegranate,2023-08-01,Kg,229,301,265
Orange(Nepali),2023-08-01,Kg,79,132,105
Papaya(Indian),2023-08-01,Kg,74,108,91
Tomato Big(Nepali),2023-08-02,Kg,35,58,46
Tomato Small(Local),2023-08-02,Kg,28,47,37
Potato Red,2023-08-02,Kg,41,62,51
Potato White,2023-08-02,Kg,36,55,45
Onion Dry (Indian),2023-08-02,Kg,56,86,71
Carrot(Local),2023-08-02,Kg,73,94,83
Cabbage(Local),2023-08-02,Kg,25,43,34
Cauliflower Local,2023-08-02,Kg,48,75,61
Raddish White(Local),2023-08-02,Kg,16,32,24
Brinjal Long,2023-08-02,Kg,41,65,53
Cow pea(Long),2023-08-02,Kg,60,95,77
Green Peas,2023-08-02,Kg,112,139,125
French Bean(Local),2023-08-02,Kg,52,76,64
Bitter Gourd,2023-08-02,Kg,78,107,92
Bottle Gourd,2023-08-02,Kg,39,54,46
Pointed Gourd(Local),2023-08-02,Kg,54,87,70
Snake Gourd,2023-08-02,Kg,45,71,58
Sponge Gourd,2023-08-02,Kg,48,73,60
Pumpkin,2023-08-02,Kg,28,44,36
Squash(Long),2023-08-02,Kg,37,58,47
Okra,2023-08-02,Kg,66,92,79
Arum,2023-08-02,Kg,49,72,60
Barela,2023-08-02,Kg,37,56,46
Radish Red,2023-08-02,Kg,24,40,32
Mushroom(Button),2023-08-02,Kg,314,463,388
Mushroom(Kanya),2023-08-02,Kg,145,183,164
Spinach Leaf,2023-08-02,Kg,87,115,101
Mustard Leaf,2023-08-02,Kg,32,60,46
Coriander,2023-08-02,Kg,144,236,190
Garlic Dry Nepali,2023-08-02,Kg,190,262,226
Garlic Dry Chinese,2023-08-02,Kg,243,281,262
Ginger,2023-08-02,Kg,147,202,174
Chilly Green,2023-08-02,Kg,76,105,90
Capsicum,2023-08-02,Kg,81,143,112
Cucumber(Local),2023-08-02,Kg,49,79,64
Apple(Jholey),2023-08-02,Kg,133,239,186
Banana,2023-08-02,Dozen,91,129,110
Pomegranate,2023-08-02,Kg,231,322,276
Orange(Nepali),2023-08-02,Kg,73,115,94
Papaya(Indian),2023-08-02,Kg,67,94,80
Tomato Big(Nepali),2023-08-03,Kg,36,53,44
Tomato Small(Local),2023-08-03,Kg,27,44,35
Potato Red,2023-08-03,Kg,40,65,52
Potato White,2023-08-03,Kg,33,55,44
Onion Dry (Indian),2023-08-03,Kg,57,88,72
Carrot(Local),2023-08-03,Kg,76,102,89
Cabbage(Local),2023-08-03,Kg,25,40,32
Cauliflower Local,2023-08-03,Kg,47,73,60
Raddish White(Local),2023-08-03,Kg,19,32,25
Brinjal Long,2023-08-03,Kg,41,59,50
Cow pea(Long),2023-08-03,Kg,64,97,80
Green Peas,2023-08-03,Kg,115,129,122
French Bean(Local),2023-08-03,Kg,54,83,68
Bitter Gourd,2023-08-03,Kg,68,118,93
Bottle Gourd,2023-08-03,Kg,33,52,42
Pointed Gourd(Local),2023-08-03,Kg,52,76,64
Snake Gourd,2023-08-03,Kg,46,62,54
Sponge Gourd,2023-08-03,Kg,53,83,68
Pumpkin,2023-08-03,Kg,29,45,37
Squash(Long),2023-08-03,Kg,32,55,43
Okra,2023-08-03,Kg,65,82,73
Arum,2023-08-03,Kg,50,68,59
Barela,2023-08-03,Kg,37,49,43
Radish Red,2023-08-03,Kg,28,39,33
Mushroom(Button),2023-08-03,Kg,322,393,357
Mushroom(Kanya),2023-08-03,Kg,120,181,150
Spinach Leaf,2023-08-03,Kg,76,102,89
Mustard Leaf,2023-08-03,Kg,32,55,43
Coriander,2023-08-03,Kg,126,242,184
Garlic Dry Nepali,2023-08-03,Kg,168,273,220
Garlic Dry Chinese,2023-08-03,Kg,202,288,245
Ginger,2023-08-03,Kg,130,205,167
Chilly Green,2023-08-03,Kg,69,122,95
Capsicum,2023-08-03,Kg,86,138,112
Cucumber(Local),2023-08-03,Kg,56,77,66
Apple(Jholey),2023-08-03,Kg,147,228,187
Banana,2023-08-03,Dozen,96,136,116
Pomegranate,2023-08-03,Kg,242,345,293
Orange(Nepali),2023-08-03,Kg,74,127,100
Papaya(Indian),2023-08-03,Kg,69,104,86
Tomato Big(Nepali),2023-08-04,Kg,32,51,41
Tomato Small(Local),2023-08-04,Kg,27,47,37
Potato Red,2023-08-04,Kg,40,70,55
Potato White,2023-08-04,Kg,36,54,45
Onion Dry (Indian),2023-08-04,Kg,58,90,74
Carrot(Local),2023-08-04,Kg,75,101,88
Cabbage(Local),2023-08-04,Kg,24,42,33
Cauliflower Local,2023-08-04,Kg,42,76,59
Raddish White(Local),2023-08-04,Kg,18,30,24
Brinjal Long,2023-08-04,Kg,41,63,52
Cow pea(Long),2023-08-04,Kg,66,96,81
Green Peas,2023-08-04,Kg,117,138,127
French Bean(Local),2023-08-04,Kg,57,77,67
Bitter Gourd,2023-08-04,Kg,70,115,92
Bottle Gourd,2023-08-04,Kg,38,59,48
Pointed Gourd(Local),2023-08-04,Kg,53,89,71
Snake Gourd,2023-08-04,Kg,48,69,58
Sponge Gourd,2023-08-04,Kg,49,79,64
Pumpkin,2023-08-04,Kg,31,44,37
Squash(Long),2023-08-04,Kg,35,55,45
Okra,2023-08-04,Kg,60,83,71
Arum,2023-08-04,Kg,55,72,63
Barela,2023-08-04,Kg,34,47,40
Radish Red,2023-08-04,Kg,29,39,34
Mushroom(Button),2023-08-04,Kg,317,402,359
Mushroom(Kanya),2023-08-04,Kg,136,184,160
Spinach Leaf,2023-08-04,Kg,80,122,101
Mustard Leaf,2023-08-04,Kg,35,60,47
Coriander,2023-08-04,Kg,120,227,173
Garlic Dry Nepali,2023-08-04,Kg,176,238,207
Garlic Dry Chinese,2023-08-04,Kg,239,302,270
Ginger,2023-08-04,Kg,143,196,169
Chilly Green,2023-08-04,Kg,70,118,94
Capsicum,2023-08-04,Kg,80,131,105
Cucumber(Local),2023-08-04,Kg,58,82,70
Apple(Jholey),2023-08-04,Kg,123,225,174
Banana,2023-08-04,Dozen,85,133,109
Pomegranate,2023-08-04,Kg,210,297,253
Orange(Nepali),2023-08-04,Kg,78,120,99
Papaya(Indian),2023-08-04,Kg,68,107,87
Tomato Big(Nepali),2023-08-05,Kg,35,52,43
Tomato Small(Local),2023-08-05,Kg,24,44,34
Potato Red,2023-08-05,Kg,48,59,53
Potato White,2023-08-05,Kg,38,54,46
Onion Dry (Indian),2023-08-05,Kg,55,81,68
Carrot(Local),2023-08-05,Kg,76,99,87
Cabbage(Local),2023-08-05,Kg,27,40,33
Cauliflower Local,2023-08-05,Kg,40,75,57
Raddish White(Local),2023-08-05,Kg,17,35,26
Brinjal Long,2023-08-05,Kg,39,66,52
Cow pea(Long),2023-08-05,Kg,60,99,79
Green Peas,2023-08-05,Kg,107,149,128
French Bean(Local),2023-08-05,Kg,50,82,66
Bitter Gourd,2023-08-05,Kg,73,111,92
Bottle Gourd,2023-08-05,Kg,34,52,43
Pointed Gourd(Local),2023-08-05,Kg,48,90,69
Snake Gourd,2023-08-05,Kg,46,60,53
Sponge Gourd,2023-08-05,Kg,56,77,66
Pumpkin,2023-08-05,Kg,31,49,40
Squash(Long),2023-08-05,Kg,37,54,45
Okra,2023-08-05,Kg,58,90,74
Arum,2023-08-05,Kg,48,73,60
Barela,2023-08-05,Kg,32,50,41
Radish Red,2023-08-05,Kg,26,42,34
Mushroom(Button),2023-08-05,Kg,296,394,345
Mushroom(Kanya),2023-08-05,Kg,135,181,158
Spinach Leaf,2023-08-05,Kg,72,101,86
Mustard Leaf,2023-08-05,Kg,32,55,43
Coriander,2023-08-05,Kg,126,239,182
Garlic Dry Nepali,2023-08-05,Kg,180,266,223
Garlic Dry Chinese,2023-08-05,Kg,213,308,260
Ginger,2023-08-05,Kg,130,217,173
Chilly Green,2023-08-05,Kg,64,115,89
Capsicum,2023-08-05,Kg,83,142,112
Cucumber(Local),2023-08-05,Kg,55,76,65
Apple(Jholey),2023-08-05,Kg,125,243,184
Banana,2023-08-05,Dozen,97,131,114
Pomegranate,2023-08-05,Kg,226,351,288
Orange(Nepali),2023-08-05,Kg,71,112,91
Papaya(Indian),2023-08-05,Kg,73,98,85
Tomato Big(Nepali),2023-08-06,Kg,32,51,41
Tomato Small(Local),2023-08-06,Kg,27,50,38
Potato Red,2023-08-06,Kg,40,63,51
Potato White,2023-08-06,Kg,36,46,41
Onion Dry (Indian),2023-08-06,Kg,51,89,70
Carrot(Local),2023-08-06,Kg,69,104,86
Cabbage(Local),2023-08-06,Kg,27,39,33
Cauliflower Local,2023-08-06,Kg,41,81,61
Raddish White(Local),2023-08-06,Kg,16,33,24
Brinjal Long,2023-08-06,Kg,37,64,50
Cow pea(Long),2023-08-06,Kg,66,90,78
Green Peas,2023-08-06,Kg,115,136,125
French Bean(Local),2023-08-06,Kg,53,73,63
Bitter Gourd,2023-08-06,Kg,77,108,92
Bottle Gourd,2023-08-06,Kg,33,55,44
Pointed Gourd(Local),2023-08-06,Kg,50,83,66
Snake Gourd,2023-08-06,Kg,47,69,58
Sponge Gourd,2023-08-06,Kg,56,79,67
Pumpkin,2023-08-06,Kg,29,42,35
Squash(Long),2023-08-06,Kg,35,51,43
Okra,2023-08-06,Kg,56,90,73
Arum,2023-08-06,Kg,57,80,68
Barela,2023-08-06,Kg,34,55,44
Radish Red,2023-08-06,Kg,27,44,35
Mushroom(Button),2023-08-06,Kg,319,424,371
Mushroom(Kanya),2023-08-06,Kg,128,175,151
Spinach Leaf,2023-08-06,Kg,87,114,100
Mustard Leaf,2023-08-06,Kg,33,53,43
Coriander,2023-08-06,Kg,138,213,175
Garlic Dry Nepali,2023-08-06,Kg,180,255,217
Garlic Dry Chinese,2023-08-06,Kg,231,273,252
Ginger,2023-08-06,Kg,119,187,153
Chilly Green,2023-08-06,Kg,76,102,89
Capsicum,2023-08-06,Kg,85,127,106
Cucumber(Local),2023-08-06,Kg,50,84,67
Apple(Jholey),2023-08-06,Kg,130,237,183
Banana,2023-08-06,Dozen,94,140,117
Pomegranate,2023-08-06,Kg,231,331,281
Orange(Nepali),2023-08-06,Kg,64,114,89
Papaya(Indian),2023-08-06,Kg,68,109,88
Tomato Big(Nepali),2023-08-07,Kg,37,58,47
Tomato Small(Local),2023-08-07,Kg,28,43,35
Potato Red,2023-08-07,Kg,46,59,52
Potato White,2023-08-07,Kg,38,48,43
Onion Dry (Indian),2023-08-07,Kg,48,75,61
Carrot(Local),2023-08-07,Kg,73,97,85
Cabbage(Local),2023-08-07,Kg,25,43,34
Cauliflower Local,2023-08-07,Kg,40,67,53
Raddish White(Local),2023-08-07,Kg,17,32,24
Brinjal Long,2023-08-07,Kg,41,59,50
Cow pea(Long),2023-08-07,Kg,61,89,75
Green Peas,2023-08-07,Kg,96,136,116
French Bean(Local),2023-08-07,Kg,49,76,62
Bitter Gourd,2023-08-07,Kg,68,114,91
Bottle Gourd,2023-08-07,Kg,32,56,44
Pointed Gourd(Local),2023-08-07,Kg,56,89,72
Snake Gourd,2023-08-07,Kg,46,61,53
Sponge Gourd,2023-08-07,Kg,48,85,66
Pumpkin,2023-08-07,Kg,33,44,38
Squash(Long),2023-08-07,Kg,34,52,43
Okra,2023-08-07,Kg,61,82,71
Arum,2023-08-07,Kg,48,69,58
Barela,2023-08-07,Kg,36,54,45
Radish Red,2023-08-07,Kg,28,44,36
Mushroom(Button),2023-08-07,Kg,336,409,372
Mushroom(Kanya),2023-08-07,Kg,141,170,155
Spinach Leaf,2023-08-07,Kg,72,101,86
Mustard Leaf,2023-08-07,Kg,36,60,48
Coriander,2023-08-07,Kg,136,228,182
Garlic Dry Nepali,2023-08-07,Kg,159,276,217
Garlic Dry Chinese,2023-08-07,Kg,210,272,241
Ginger,2023-08-07,Kg,134,202,168
Chilly Green,2023-08-07,Kg,72,100,86
Capsicum,2023-08-07,Kg,89,129,109
Cucumber(Local),2023-08-07,Kg,57,81,69
Apple(Jholey),2023-08-07,Kg,128,250,189
Banana,2023-08-07,Dozen,81,117,99
Pomegranate,2023-08-07,Kg,209,342,275
Orange(Nepali),2023-08-07,Kg,64,112,88
Papaya(Indian),2023-08-07,Kg,63,103,83
Tomato Big(Nepali),2023-08-08,Kg,33,55,44
Tomato Small(Local),2023-08-08,Kg,28,47,37
Potato Red,2023-08-08,Kg,45,62,53
Potato White,2023-08-08,Kg,32,52,42
Onion Dry (Indian),2023-08-08,Kg,48,80,64
Carrot(Local),2023-08-08,Kg,68,110,89
Cabbage(Local),2023-08-08,Kg,24,38,31
Cauliflower Local,2023-08-08,Kg,41,75,58
Raddish White(Local),2023-08-08,Kg,17,32,24
Brinjal Long,2023-08-08,Kg,37,65,51
Cow pea(Long),2023-08-08,Kg,61,92,76
Green Peas,2023-08-08,Kg,95,126,110
French Bean(Local),2023-08-08,Kg,52,78,65
Bitter Gourd,2023-08-08,Kg,76,110,93
Bottle Gourd,2023-08-08,Kg,33,54,43
Pointed Gourd(Local),2023-08-08,Kg,47,85,66
Snake Gourd,2023-08-08,Kg,47,62,54
Sponge Gourd,2023-08-08,Kg,54,85,69
Pumpkin,2023-08-08,Kg,29,42,35
Squash(Long),2023-08-08,Kg,37,55,46
Okra,2023-08-08,Kg,60,89,74
Arum,2023-08-08,Kg,53,73,63
Barela,2023-08-08,Kg,36,52,44
Radish Red,2023-08-08,Kg,26,43,34
Mushroom(Button),2023-08-08,Kg,305,450,377
Mushroom(Kanya),2023-08-08,Kg,128,194,161
Spinach Leaf,2023-08-08,Kg,82,100,91
Mustard Leaf,2023-08-08,Kg,34,53,43
Coriander,2023-08-08,Kg,133,212,172
Garlic Dry Nepali,2023-08-08,Kg,187,275,231
Garlic Dry Chinese,2023-08-08,Kg,212,299,255
Ginger,2023-08-08,Kg,126,212,169
Chilly Green,2023-08-08,Kg,67,120,93
Capsicum,2023-08-08,Kg,90,140,115
Cucumber(Local),2023-08-08,Kg,53,78,65
Apple(Jholey),2023-08-08,Kg,125,239,182
Banana,2023-08-08,Dozen,93,129,111
Pomegranate,2023-08-08,Kg,233,324,278
Orange(Nepali),2023-08-08,Kg,75,126,100
Papaya(Indian),2023-08-08,Kg,68,108,88
Tomato Big(Nepali),2023-08-09,Kg,35,53,44
Tomato Small(Local),2023-08-09,Kg,27,50,38
Potato Red,2023-08-09,Kg,40,66,53
Potato White,2023-08-09,Kg,32,48,40
Onion Dry (Indian),2023-08-09,Kg,55,78,66
Carrot(Local),2023-08-09,Kg,64,105,84
Cabbage(Local),2023-08-09,Kg,28,38,33
Cauliflower Local,2023-08-09,Kg,41,66,53
Raddish White(Local),2023-08-09,Kg,16,29,22
Brinjal Long,2023-08-09,Kg,38,63,50
Cow pea(Long),2023-08-09,Kg,57,89,73
Green Peas,2023-08-09,Kg,105,139,122
French Bean(Local),2023-08-09,Kg,54,78,66
Bitter Gourd,2023-08-09,Kg,75,109,92
Bottle Gourd,2023-08-09,Kg,36,55,45
Pointed Gourd(Local),2023-08-09,Kg,51,76,63
Snake Gourd,2023-08-09,Kg,43,70,56
Sponge Gourd,2023-08-09,Kg,48,77,62
Pumpkin,2023-08-09,Kg,28,45,36
Squash(Long),2023-08-09,Kg,32,56,44
Okra,2023-08-09,Kg,59,90,74
Arum,2023-08-09,Kg,49,76,62
Barela,2023-08-09,Kg,38,54,46
Radish Red,2023-08-09,Kg,23,41,32
Mushroom(Button),2023-08-09,Kg,316,395,355
Mushroom(Kanya),2023-08-09,Kg,140,187,163
Spinach Leaf,2023-08-09,Kg,81,100,90
Mustard Leaf,2023-08-09,Kg,35,57,46
Coriander,2023-08-09,Kg,121,218,169
Garlic Dry Nepali,2023-08-09,Kg,158,261,209
Garlic Dry Chinese,2023-08-09,Kg,211,272,241
Ginger,2023-08-09,Kg,137,190,163
Chilly Green,2023-08-09,Kg,71,118,94
Capsicum,2023-08-09,Kg,90,139,114
Cucumber(Local),2023-08-09,Kg,50,82,66
Apple(Jholey),2023-08-09,Kg,136,239,187
Banana,2023-08-09,Dozen,82,131,106
Pomegranate,2023-08-09,Kg,206,297,251
Orange(Nepali),2023-08-09,Kg,68,119,93
Papaya(Indian),2023-08-09,Kg,73,97,85
Tomato Big(Nepali),2023-08-10,Kg,32,59,45
Tomato Small(Local),2023-08-10,Kg,28,45,36
Potato Red,2023-08-10,Kg,41,60,50
Potato White,2023-08-10,Kg,34,47,40
Onion Dry (Indian),2023-08-10,Kg,51,87,69
Carrot(Local),2023-08-10,Kg,69,104,86
Cabbage(Local),2023-08-10,Kg,27,39,33
Cauliflower Local,2023-08-10,Kg,46,68,57
Raddish White(Local),2023-08-10,Kg,16,29,22
Brinjal Long,2023-08-10,Kg,39,64,51
Cow pea(Long),2023-08-10,Kg,65,92,78
Green Peas,2023-08-10,Kg,104,139,121
French Bean(Local),2023-08-10,Kg,51,72,61
Bitter Gourd,2023-08-10,Kg,64,116,90
Bottle Gourd,2023-08-10,Kg,34,50,42
Pointed Gourd(Local),2023-08-10,Kg,56,75,65
Snake Gourd,2023-08-10,Kg,40,58,49
Sponge Gourd,2023-08-10,Kg,49,74,61
Pumpkin,2023-08-10,Kg,27,44,35
Squash(Long),2023-08-10,Kg,36,50,43
Okra,2023-08-10,Kg,61,84,72
Arum,2023-08-10,Kg,54,67,60
Barela,2023-08-10,Kg,33,51,42
Radish Red,2023-08-10,Kg,24,41,32
Mushroom(Button),2023-08-10,Kg,303,422,362
Mushroom(Kanya),2023-08-10,Kg,132,173,152
Spinach Leaf,2023-08-10,Kg,75,101,88
Mustard Leaf,2023-08-10,Kg,37,54,45
Coriander,2023-08-10,Kg,126,231,178
Garlic Dry Nepali,2023-08-10,Kg,165,279,222
Garlic Dry Chinese,2023-08-10,Kg,212,314,263
Ginger,2023-08-10,Kg,136,193,164
Chilly Green,2023-08-10,Kg,70,102,86
Capsicum,2023-08-10,Kg,92,139,115
Cucumber(Local),2023-08-10,Kg,56,83,69
Apple(Jholey),2023-08-10,Kg,119,209,164
Banana,2023-08-10,Dozen,95,125,110
Pomegranate,2023-08-10,Kg,209,304,256
Orange(Nepali),2023-08-10,Kg,66,116,91
Papaya(Indian),2023-08-10,Kg,66,107,86
Tomato Big(Nepali),2023-08-11,Kg,33,59,46
Tomato Small(Local),2023-08-11,Kg,23,45,34
Potato Red,2023-08-11,Kg,45,65,55
Potato White,2023-08-11,Kg,37,52,44
Onion Dry (Indian),2023-08-11,Kg,49,81,65
Carrot(Local),2023-08-11,Kg,65,107,86
Cabbage(Local),2023-08-11,Kg,23,42,32
Cauliflower Local,2023-08-11,Kg,45,75,60
Raddish White(Local),2023-08-11,Kg,16,30,23
Brinjal Long,2023-08-11,Kg,37,57,47
Cow pea(Long),2023-08-11,Kg,57,98,77
Green Peas,2023-08-11,Kg,95,129,112
French Bean(Local),2023-08-11,Kg,50,81,65
Bitter Gourd,2023-08-11,Kg,74,110,92
Bottle Gourd,2023-08-11,Kg,38,58,48
Pointed Gourd(Local),2023-08-11,Kg,53,89,71
Snake Gourd,2023-08-11,Kg,39,63,51
Sponge Gourd,2023-08-11,Kg,52,76,64
Pumpkin,2023-08-11,Kg,32,47,39
Squash(Long),2023-08-11,Kg,34,49,41
Okra,2023-08-11,Kg,59,74,66
Arum,2023-08-11,Kg,48,78,63
Barela,2023-08-11,Kg,37,46,41
Radish Red,2023-08-11,Kg,25,37,31
Mushroom(Button),2023-08-11,Kg,313,439,376
Mushroom(Kanya),2023-08-11,Kg,129,199,164
Spinach Leaf,2023-08-11,Kg,70,116,93
Mustard Leaf,2023-08-11,Kg,32,56,44
Coriander,2023-08-11,Kg,125,243,184
Garlic Dry Nepali,2023-08-11,Kg,162,253,207
Garlic Dry Chinese,2023-08-11,Kg,235,281,258
Ginger,2023-08-11,Kg,130,184,157
Chilly Green,2023-08-11,Kg,67,116,91
Capsicum,2023-08-11,Kg,91,139,115
Cucumber(Local),2023-08-11,Kg,57,85,71
Apple(Jholey),2023-08-11,Kg,135,210,172
Banana,2023-08-11,Dozen,90,130,110
Pomegranate,2023-08-11,Kg,230,305,267
Orange(Nepali),2023-08-11,Kg,72,124,98
Papaya(Indian),2023-08-11,Kg,70,107,88
Tomato Big(Nepali),2023-08-12,Kg,35,55,45
Tomato Small(Local),2023-08-12,Kg,25,49,37
Potato Red,2023-08-12,Kg,41,58,49
Potato White,2023-08-12,Kg,35,52,43
Onion Dry (Indian),2023-08-12,Kg,56,86,71
Carrot(Local),2023-08-12,Kg,74,91,82
Cabbage(Local),2023-08-12,Kg,26,43,34
Cauliflower Local,2023-08-12,Kg,45,66,55
Raddish White(Local),2023-08-12,Kg,18,29,23
Brinjal Long,2023-08-12,Kg,40,57,48
Cow pea(Long),2023-08-12,Kg,65,96,80
Green Peas,2023-08-12,Kg,99,138,118
French Bean(Local),2023-08-12,Kg,49,75,62
Bitter Gourd,2023-08-12,Kg,62,115,88
Bottle Gourd,2023-08-12,Kg,32,51,41
Pointed Gourd(Local),2023-08-12,Kg,50,87,68
Snake Gourd,2023-08-12,Kg,46,64,55
Sponge Gourd,2023-08-12,Kg,53,72,62
Pumpkin,2023-08-12,Kg,28,47,37
Squash(Long),2023-08-12,Kg,34,55,44
Okra,2023-08-12,Kg,58,79,68
Arum,2023-08-12,Kg,47,68,57
Barela,2023-08-12,Kg,31,50,40
Radish Red,2023-08-12,Kg,28,37,32
Mushroom(Button),2023-08-12,Kg,300,409,354
Mushroom(Kanya),2023-08-12,Kg,121,178,149
Spinach Leaf,2023-08-12,Kg,73,100,86
Mustard Leaf,2023-08-12,Kg,32,56,44
Coriander,2023-08-12,Kg,128,239,183
Garlic Dry Nepali,2023-08-12,Kg,188,258,223
Garlic Dry Chinese,2023-08-12,Kg,218,316,267
Ginger,2023-08-12,Kg,125,204,164
Chilly Green,2023-08-12,Kg,65,108,86
Capsicum,2023-08-12,Kg,83,139,111
Cucumber(Local),2023-08-12,Kg,50,80,65
Apple(Jholey),2023-08-12,Kg,142,220,181
Banana,2023-08-12,Dozen,87,121,104
Pomegranate,2023-08-12,Kg,224,303,263
Orange(Nepali),2023-08-12,Kg,64,115,89
Papaya(Indian),2023-08-12,Kg,69,107,88
Tomato Big(Nepali),2023-08-13,Kg,34,56,45
Tomato Small(Local),2023-08-13,Kg,25,49,37
Potato Red,2023-08-13,Kg,40,63,51
Potato White,2023-08-13,Kg,37,54,45
Onion Dry (Indian),2023-08-13,Kg,47,85,66
Carrot(Local),2023-08-13,Kg,75,104,89
Cabbage(Local),2023-08-13,Kg,25,41,33
Cauliflower Local,2023-08-13,Kg,41,72,56
Raddish White(Local),2023-08-13,Kg,16,34,25
Brinjal Long,2023-08-13,Kg,36,55,45
Cow pea(Long),2023-08-13,Kg,63,91,77
Green Peas,2023-08-13,Kg,108,129,118
French Bean(Local),2023-08-13,Kg,49,76,62
Bitter Gourd,2023-08-13,Kg,64,110,87
Bottle Gourd,2023-08-13,Kg,33,55,44
Pointed Gourd(Local),2023-08-13,Kg,52,82,67
Snake Gourd,2023-08-13,Kg,39,58,48
Sponge Gourd,2023-08-13,Kg,56,78,67
Pumpkin,2023-08-13,Kg,29,45,37
Squash(Long),2023-08-13,Kg,37,50,43
Okra,2023-08-13,Kg,59,82,70
Arum,2023-08-13,Kg,49,77,63
Barela,2023-08-13,Kg,32,47,39
Radish Red,2023-08-13,Kg,26,39,32
Mushroom(Button),2023-08-13,Kg,325,435,380
Mushroom(Kanya),2023-08-13,Kg,125,193,159
Spinach Leaf,2023-08-13,Kg,72,101,86
Mustard Leaf,2023-08-13,Kg,34,49,41
Coriander,2023-08-13,Kg,132,217,174
Garlic Dry Nepali,2023-08-13,Kg,163,239,201
Garlic Dry Chinese,2023-08-13,Kg,234,310,272
Ginger,2023-08-13,Kg,124,186,155
Chilly Green,2023-08-13,Kg,71,117,94
Capsicum,2023-08-13,Kg,90,138,114
Cucumber(Local),2023-08-13,Kg,46,77,61
Apple(Jholey),2023-08-13,Kg,117,211,164
Banana,2023-08-13,Dozen,85,127,106
Pomegranate,2023-08-13,Kg,217,315,266
Orange(Nepali),2023-08-13,Kg,65,123,94
Papaya(Indian),2023-08-13,Kg,64,97,80
Tomato Big(Nepali),2023-08-14,Kg,36,56,46
Tomato Small(Local),2023-08-14,Kg,23,49,36
Potato Red,2023-08-14,Kg,41,57,49
Potato White,2023-08-14,Kg,32,50,41
Onion Dry (Indian),2023-08-14,Kg,48,74,61
Carrot(Local),2023-08-14,Kg,64,106,85
Cabbage(Local),2023-08-14,Kg,24,38,31
Cauliflower Local,2023-08-14,Kg,45,76,60
Raddish White(Local),2023-08-14,Kg,15,32,23
Brinjal Long,2023-08-14,Kg,42,58,50
Cow pea(Long),2023-08-14,Kg,63,82,72
Green Peas,2023-08-14,Kg,110,137,123
French Bean(Local),2023-08-14,Kg,51,82,66
Bitter Gourd,2023-08-14,Kg,67,116,91
Bottle Gourd,2023-08-14,Kg,33,54,43
Pointed Gourd(Local),2023-08-14,Kg,49,87,68
Snake Gourd,2023-08-14,Kg,40,57,48
Sponge Gourd,2023-08-14,Kg,49,80,64
Pumpkin,2023-08-14,Kg,27,46,36
Squash(Long),2023-08-14,Kg,33,52,42
Okra,2023-08-14,Kg,56,83,69
Arum,2023-08-14,Kg,47,67,57
Barela,2023-08-14,Kg,31,52,41
Radish Red,2023-08-14,Kg,26,43,34
Mushroom(Button),2023-08-14,Kg,295,435,365
Mushroom(Kanya),2023-08-14,Kg,136,193,164
Spinach Leaf,2023-08-14,Kg,78,101,89
Mustard Leaf,2023-08-14,Kg,35,59,47
Coriander,2023-08-14,Kg,128,244,186
Garlic Dry Nepali,2023-08-14,Kg,158,233,195
Garlic Dry Chinese,2023-08-14,Kg,196,281,238
Ginger,2023-08-14,Kg,124,189,156
Chilly Green,2023-08-14,Kg,75,105,90
Capsicum,2023-08-14,Kg,94,131,112
Cucumber(Local),2023-08-14,Kg,51,76,63
Apple(Jholey),2023-08-14,Kg,118,241,179
Banana,2023-08-14,Dozen,92,128,110
Pomegranate,2023-08-14,Kg,201,302,251
Orange(Nepali),2023-08-14,Kg,62,112,87
Papaya(Indian),2023-08-14,Kg,67,100,83
Tomato Big(Nepali),2023-08-15,Kg,33,51,42
Tomato Small(Local),2023-08-15,Kg,25,43,34
Potato Red,2023-08-15,Kg,40,59,49
Potato White,2023-08-15,Kg,35,49,42
Onion Dry (Indian),2023-08-15,Kg,50,80,65
Carrot(Local),2023-08-15,Kg,69,97,83
Cabbage(Local),2023-08-15,Kg,28,38,33
Cauliflower Local,2023-08-15,Kg,41,75,58
Raddish White(Local),2023-08-15,Kg,15,29,22
Brinjal Long,2023-08-15,Kg,41,53,47
Cow pea(Long),2023-08-15,Kg,60,94,77
Green Peas,2023-08-15,Kg,100,147,123
French Bean(Local),2023-08-15,Kg,52,69,60
Bitter Gourd,2023-08-15,Kg,68,98,83
Bottle Gourd,2023-08-15,Kg,34,56,45
Pointed Gourd(Local),2023-08-15,Kg,51,75,63
Snake Gourd,2023-08-15,Kg,44,60,52
Sponge Gourd,2023-08-15,Kg,51,81,66
Pumpkin,2023-08-15,Kg,32,48,40
Squash(Long),2023-08-15,Kg,35,59,47
Okra,2023-08-15,Kg,61,79,70
Arum,2023-08-15,Kg,51,77,64
Barela,2023-08-15,Kg,35,53,44
Radish Red,2023-08-15,Kg,27,36,31
Mushroom(Button),2023-08-15,Kg,296,441,368
Mushroom(Kanya),2023-08-15,Kg,132,171,151
Spinach Leaf,2023-08-15,Kg,84,111,97
Mustard Leaf,2023-08-15,Kg,35,53,44
Coriander,2023-08-15,Kg,140,230,185
Garlic Dry Nepali,2023-08-15,Kg,159,246,202
Garlic Dry Chinese,2023-08-15,Kg,195,286,240
Ginger,2023-08-15,Kg,138,199,168
Chilly Green,2023-08-15,Kg,67,99,83
Capsicum,2023-08-15,Kg,80,132,106
Cucumber(Local),2023-08-15,Kg,56,88,72
Apple(Jholey),2023-08-15,Kg,132,229,180
Banana,2023-08-15,Dozen,81,127,104
Pomegranate,2023-08-15,Kg,226,327,276
Orange(Nepali),2023-08-15,Kg,62,110,86
Papaya(Indian),2023-08-15,Kg,64,103,83
Tomato Big(Nepali),2023-08-16,Kg,34,56,45
Tomato Small(Local),2023-08-16,Kg,27,44,35
Potato Red,2023-08-16,Kg,41,66,53
Potato White,2023-08-16,Kg,36,54,45
Onion Dry (Indian),2023-08-16,Kg,54,88,71
Carrot(Local),2023-08-16,Kg,61,106,83
Cabbage(Local),2023-08-16,Kg,26,43,34
Cauliflower Local,2023-08-16,Kg,40,71,55
Raddish White(Local),2023-08-16,Kg,18,29,23
Brinjal Long,2023-08-16,Kg,39,58,48
Cow pea(Long),2023-08-16,Kg,65,82,73
Green Peas,2023-08-16,Kg,112,147,129
French Bean(Local),2023-08-16,Kg,47,72,59
Bitter Gourd,2023-08-16,Kg,75,109,92
Bottle Gourd,2023-08-16,Kg,32,52,42
Pointed Gourd(Local),2023-08-16,Kg,52,77,64
Snake Gourd,2023-08-16,Kg,46,65,55
Sponge Gourd,2023-08-16,Kg,54,78,66
Pumpkin,2023-08-16,Kg,31,42,36
Squash(Long),2023-08-16,Kg,34,53,43
Okra,2023-08-16,Kg,58,88,73
Arum,2023-08-16,Kg,54,73,63
Barela,2023-08-16,Kg,37,50,43
Radish Red,2023-08-16,Kg,27,39,33
Mushroom(Button),2023-08-16,Kg,285,394,339
Mushroom(Kanya),2023-08-16,Kg,138,190,164
Spinach Leaf,2023-08-16,Kg,76,103,89
Mustard Leaf,2023-08-16,Kg,33,51,42
Coriander,2023-08-16,Kg,131,227,179
Garlic Dry Nepali,2023-08-16,Kg,160,241,200
Garlic Dry Chinese,2023-08-16,Kg,227,281,254
Ginger,2023-08-16,Kg,124,208,166
Chilly Green,2023-08-16,Kg,66,104,85
Capsicum,2023-08-16,Kg,79,121,100
Cucumber(Local),2023-08-16,Kg,56,83,69
Apple(Jholey),2023-08-16,Kg,116,204,160
Banana,2023-08-16,Dozen,78,118,98
Pomegranate,2023-08-16,Kg,225,336,280
Orange(Nepali),2023-08-16,Kg,68,117,92
Papaya(Indian),2023-08-16,Kg,72,102,87
Tomato Big(Nepali),2023-08-17,Kg,32,51,41
Tomato Small(Local),2023-08-17,Kg,23,46,34
Potato Red,2023-08-17,Kg,44,63,53
Potato White,2023-08-17,Kg,36,53,44
Onion Dry (Indian),2023-08-17,Kg,54,82,68
Carrot(Local),2023-08-17,Kg,63,90,76
Cabbage(Local),2023-08-17,Kg,25,39,32
Cauliflower Local,2023-08-17,Kg,45,71,58
Raddish White(Local),2023-08-17,Kg,15,30,22
Brinjal Long,2023-08-17,Kg,38,56,47
Cow pea(Long),2023-08-17,Kg,63,83,73
Green Peas,2023-08-17,Kg,103,145,124
French Bean(Local),2023-08-17,Kg,50,76,63
Bitter Gourd,2023-08-17,Kg,66,103,84
Bottle Gourd,2023-08-17,Kg,35,50,42
Pointed Gourd(Local),2023-08-17,Kg,51,85,68
Snake Gourd,2023-08-17,Kg,43,61,52
Sponge Gourd,2023-08-17,Kg,50,83,66
Pumpkin,2023-08-17,Kg,32,47,39
Squash(Long),2023-08-17,Kg,32,51,41
Okra,2023-08-17,Kg,57,78,67
Arum,2023-08-17,Kg,47,73,60
Barela,2023-08-17,Kg,33,53,43
Radish Red,2023-08-17,Kg,23,38,30
Mushroom(Button),2023-08-17,Kg,297,396,346
Mushroom(Kanya),2023-08-17,Kg,122,182,152
Spinach Leaf,2023-08-17,Kg,82,103,92
Mustard Leaf,2023-08-17,Kg,36,55,45
Coriander,2023-08-17,Kg,139,210,174
Garlic Dry Nepali,2023-08-17,Kg,182,245,213
Garlic Dry Chinese,2023-08-17,Kg,201,292,246
Ginger,2023-08-17,Kg,125,187,156
Chilly Green,2023-08-17,Kg,64,110,87
Capsicum,2023-08-17,Kg,79,115,97
Cucumber(Local),2023-08-17,Kg,55,81,68
Apple(Jholey),2023-08-17,Kg,133,230,181
Banana,2023-08-17,Dozen,83,121,102
Pomegranate,2023-08-17,Kg,232,339,285
Orange(Nepali),2023-08-17,Kg,64,125,94
Papaya(Indian),2023-08-17,Kg,74,98,86
Tomato Big(Nepali),2023-08-18,Kg,31,54,42
Tomato Small(Local),2023-08-18,Kg,27,47,37
Potato Red,2023-08-18,Kg,46,64,55
Potato White,2023-08-18,Kg,37,45,41
Onion Dry (Indian),2023-08-18,Kg,52,79,65
Carrot(Local),2023-08-18,Kg,63,100,81
Cabbage(Local),2023-08-18,Kg,27,43,35
Cauliflower Local,2023-08-18,Kg,45,64,54
Raddish White(Local),2023-08-18,Kg,18,32,25
Brinjal Long,2023-08-18,Kg,39,53,46
Cow pea(Long),2023-08-18,Kg,64,84,74
Green Peas,2023-08-18,Kg,104,124,114
French Bean(Local),2023-08-18,Kg,55,77,66
Bitter Gourd,2023-08-18,Kg,69,105,87
Bottle Gourd,2023-08-18,Kg,31,52,41
Pointed Gourd(Local),2023-08-18,Kg,55,87,71
Snake Gourd,2023-08-18,Kg,41,65,53
Sponge Gourd,2023-08-18,Kg,54,83,68
Pumpkin,2023-08-18,Kg,29,45,37
Squash(Long),2023-08-18,Kg,35,50,42
Okra,2023-08-18,Kg,56,86,71
Arum,2023-08-18,Kg,49,70,59
Barela,2023-08-18,Kg,35,47,41
Radish Red,2023-08-18,Kg,25,40,32
Mushroom(Button),2023-08-18,Kg,318,368,343
Mushroom(Kanya),2023-08-18,Kg,132,176,154
Spinach Leaf,2023-08-18,Kg,76,117,96
Mustard Leaf,2023-08-18,Kg,35,55,45
Coriander,2023-08-18,Kg,120,219,169
Garlic Dry Nepali,2023-08-18,Kg,164,268,216
Garlic Dry Chinese,2023-08-18,Kg,206,264,235
Ginger,2023-08-18,Kg,126,199,162
Chilly Green,2023-08-18,Kg,69,98,83
Capsicum,2023-08-18,Kg,78,124,101
Cucumber(Local),2023-08-18,Kg,51,81,66
Apple(Jholey),2023-08-18,Kg,117,229,173
Banana,2023-08-18,Dozen,77,118,97
Pomegranate,2023-08-18,Kg,222,321,271
Orange(Nepali),2023-08-18,Kg,73,116,94
Papaya(Indian),2023-08-18,Kg,68,90,79
Tomato Big(Nepali),2023-08-19,Kg,34,55,44
Tomato Small(Local),2023-08-19,Kg,23,43,33
Potato Red,2023-08-19,Kg,46,56,51
Potato White,2023-08-19,Kg,35,50,42
Onion Dry (Indian),2023-08-19,Kg,47,80,63
Carrot(Local),2023-08-19,Kg,73,93,83
Cabbage(Local),2023-08-19,Kg,23,43,33
Cauliflower Local,2023-08-19,Kg,45,73,59
Raddish White(Local),2023-08-19,Kg,15,32,23
Brinjal Long,2023-08-19,Kg,38,55,46
Cow pea(Long),2023-08-19,Kg,61,92,76
Green Peas,2023-08-19,Kg,92,143,117
French Bean(Local),2023-08-19,Kg,49,77,63
Bitter Gourd,2023-08-19,Kg,62,114,88
Bottle Gourd,2023-08-19,Kg,33,53,43
Pointed Gourd(Local),2023-08-19,Kg,50,84,67
Snake Gourd,2023-08-19,Kg,41,65,53
Sponge Gourd,2023-08-19,Kg,52,77,64
Pumpkin,2023-08-19,Kg,30,43,36
Squash(Long),2023-08-19,Kg,36,48,42
Okra,2023-08-19,Kg,57,80,68
Arum,2023-08-19,Kg,46,74,60
Barela,2023-08-19,Kg,35,46,40
Radish Red,2023-08-19,Kg,23,39,31
Mushroom(Button),2023-08-19,Kg,275,419,347
Mushroom(Kanya),2023-08-19,Kg,135,163,149
Spinach Leaf,2023-08-19,Kg,84,107,95
Mustard Leaf,2023-08-19,Kg,33,53,43
Coriander,2023-08-19,Kg,131,217,174
Garlic Dry Nepali,2023-08-19,Kg,183,252,217
Garlic Dry Chinese,2023-08-19,Kg,199,276,237
Ginger,2023-08-19,Kg,123,179,151
Chilly Green,2023-08-19,Kg,63,104,83
Capsicum,2023-08-19,Kg,92,133,112
Cucumber(Local),2023-08-19,Kg,49,85,67
Apple(Jholey),2023-08-19,Kg,126,224,175
Banana,2023-08-19,Dozen,78,136,107
Pomegranate,2023-08-19,Kg,205,317,261
Orange(Nepali),2023-08-19,Kg,69,125,97
Papaya(Indian),2023-08-19,Kg,63,101,82
Tomato Big(Nepali),2023-08-20,Kg,34,50,42
Tomato Small(Local),2023-08-20,Kg,27,47,37
Potato Red,2023-08-20,Kg,40,65,52
Potato White,2023-08-20,Kg,37,50,43
Onion Dry (Indian),2023-08-20,Kg,52,87,69
Carrot(Local),2023-08-20,Kg,69,101,85
Cabbage(Local),2023-08-20,Kg,26,39,32
Cauliflower Local,2023-08-20,Kg,38,71,54
Raddish White(Local),2023-08-20,Kg,17,30,23
Brinjal Long,2023-08-20,Kg,37,55,46
Cow pea(Long),2023-08-20,Kg,54,97,75
Green Peas,2023-08-20,Kg,93,123,108
French Bean(Local),2023-08-20,Kg,53,71,62
Bitter Gourd,2023-08-20,Kg,63,111,87
Bottle Gourd,2023-08-20,Kg,33,49,41
Pointed Gourd(Local),2023-08-20,Kg,48,85,66
Snake Gourd,2023-08-20,Kg,45,58,51
Sponge Gourd,2023-08-20,Kg,55,77,66
Pumpkin,2023-08-20,Kg,31,46,38
Squash(Long),2023-08-20,Kg,33,51,42
Okra,2023-08-20,Kg,63,85,74
Arum,2023-08-20,Kg,54,76,65
Barela,2023-08-20,Kg,30,45,37
Radish Red,2023-08-20,Kg,26,40,33
Mushroom(Button),2023-08-20,Kg,318,435,376
Mushroom(Kanya),2023-08-20,Kg,120,181,150
Spinach Leaf,2023-08-20,Kg,78,103,90
Mustard Leaf,2023-08-20,Kg,32,57,44
Coriander,2023-08-20,Kg,134,234,184
Garlic Dry Nepali,2023-08-20,Kg,175,266,220
Garlic Dry Chinese,2023-08-20,Kg,209,272,240
Ginger,2023-08-20,Kg,115,198,156
Chilly Green,2023-08-20,Kg,68,109,88
Capsicum,2023-08-20,Kg,90,126,108
Cucumber(Local),2023-08-20,Kg,47,74,60
Apple(Jholey),2023-08-20,Kg,115,234,174
Banana,2023-08-20,Dozen,84,133,108
Pomegranate,2023-08-20,Kg,220,291,255
Orange(Nepali),2023-08-20,Kg,66,110,88
Papaya(Indian),2023-08-20,Kg,72,107,89
Tomato Big(Nepali),2023-08-21,Kg,36,52,44
Tomato Small(Local),2023-08-21,Kg,27,43,35
Potato Red,2023-08-21,Kg,43,62,52
Potato White,2023-08-21,Kg,33,46,39
Onion Dry (Indian),2023-08-21,Kg,54,72,63
Carrot(Local),2023-08-21,Kg,71,104,87
Cabbage(Local),2023-08-21,Kg,25,36,30
Cauliflower Local,2023-08-21,Kg,44,76,60
Raddish White(Local),2023-08-21,Kg,16,33,24
Brinjal Long,2023-08-21,Kg,41,56,48
Cow pea(Long),2023-08-21,Kg,62,96,79
Green Peas,2023-08-21,Kg,98,126,112
French Bean(Local),2023-08-21,Kg,55,68,61
Bitter Gourd,2023-08-21,Kg,67,116,91
Bottle Gourd,2023-08-21,Kg,35,52,43
Pointed Gourd(Local),2023-08-21,Kg,50,81,65
Snake Gourd,2023-08-21,Kg,41,57,49
Sponge Gourd,2023-08-21,Kg,46,77,61
Pumpkin,2023-08-21,Kg,30,44,37
Squash(Long),2023-08-21,Kg,33,51,42
Okra,2023-08-21,Kg,60,75,67
Arum,2023-08-21,Kg,49,73,61
Barela,2023-08-21,Kg,33,47,40
Radish Red,2023-08-21,Kg,26,39,32
Mushroom(Button),2023-08-21,Kg,305,408,356
Mushroom(Kanya),2023-08-21,Kg,118,184,151
Spinach Leaf,2023-08-21,Kg,69,101,85
Mustard Leaf,2023-08-21,Kg,35,56,45
Coriander,2023-08-21,Kg,129,216,172
Garlic Dry Nepali,2023-08-21,Kg,180,233,206
Garlic Dry Chinese,2023-08-21,Kg,227,308,267
Ginger,2023-08-21,Kg,122,193,157
Chilly Green,2023-08-21,Kg,65,109,87
Capsicum,2023-08-21,Kg,78,125,101
Cucumber(Local),2023-08-21,Kg,55,84,69
Apple(Jholey),2023-08-21,Kg,124,225,174
Banana,2023-08-21,Dozen,76,133,104
Pomegranate,2023-08-21,Kg,214,340,277
Orange(Nepali),2023-08-21,Kg,68,115,91
Papaya(Indian),2023-08-21,Kg,67,101,84
Tomato Big(Nepali),2023-08-22,Kg,31,55,43
Tomato Small(Local),2023-08-22,Kg,26,41,33
Potato Red,2023-08-22,Kg,40,61,50
Potato White,2023-08-22,Kg,32,47,39
Onion Dry (Indian),2023-08-22,Kg,52,74,63
Carrot(Local),2023-08-22,Kg,71,104,87
Cabbage(Local),2023-08-22,Kg,27,37,32
Cauliflower Local,2023-08-22,Kg,41,66,53
Raddish White(Local),2023-08-22,Kg,17,31,24
Brinjal Long,2023-08-22,Kg,37,59,48
Cow pea(Long),2023-08-22,Kg,57,87,72
Green Peas,2023-08-22,Kg,104,142,123
French Bean(Local),2023-08-22,Kg,47,80,63
Bitter Gourd,2023-08-22,Kg,69,100,84
Bottle Gourd,2023-08-22,Kg,34,53,43
Pointed Gourd(Local),2023-08-22,Kg,50,75,62
Snake Gourd,2023-08-22,Kg,45,64,54
Sponge Gourd,2023-08-22,Kg,46,74,60
Pumpkin,2023-08-22,Kg,32,42,37
Squash(Long),2023-08-22,Kg,36,53,44
Okra,2023-08-22,Kg,60,81,70
Arum,2023-08-22,Kg,53,76,64
Barela,2023-08-22,Kg,31,52,41
Radish Red,2023-08-22,Kg,25,39,32
Mushroom(Button),2023-08-22,Kg,288,392,340
Mushroom(Kanya),2023-08-22,Kg,132,181,156
Spinach Leaf,2023-08-22,Kg,79,109,94
Mustard Leaf,2023-08-22,Kg,32,56,44
Coriander,2023-08-22,Kg,130,233,181
Garlic Dry Nepali,2023-08-22,Kg,185,261,223
Garlic Dry Chinese,2023-08-22,Kg,215,266,240
Ginger,2023-08-22,Kg,119,213,166
Chilly Green,2023-08-22,Kg,69,98,83
Capsicum,2023-08-22,Kg,92,120,106
Cucumber(Local),2023-08-22,Kg,54,82,68
Apple(Jholey),2023-08-22,Kg,123,209,166
Banana,2023-08-22,Dozen,77,134,105
Pomegranate,2023-08-22,Kg,200,285,242
Orange(Nepali),2023-08-22,Kg,63,105,84
Papaya(Indian),2023-08-22,Kg,65,92,78
Tomato Big(Nepali),2023-08-23,Kg,31,56,43
Tomato Small(Local),2023-08-23,Kg,24,41,32
Potato Red,2023-08-23,Kg,44,64,54
Potato White,2023-08-23,Kg,36,49,42
Onion Dry (Indian),2023-08-23,Kg,46,83,64
Carrot(Local),2023-08-23,Kg,64,91,77
Cabbage(Local),2023-08-23,Kg,26,39,32
Cauliflower Local,2023-08-23,Kg,43,75,59
Raddish White(Local),2023-08-23,Kg,15,29,22
Brinjal Long,2023-08-23,Kg,34,58,46
Cow pea(Long),2023-08-23,Kg,58,89,73
Green Peas,2023-08-23,Kg,92,142,117
French Bean(Local),2023-08-23,Kg,53,81,67
Bitter Gourd,2023-08-23,Kg,62,107,84
Bottle Gourd,2023-08-23,Kg,34,50,42
Pointed Gourd(Local),2023-08-23,Kg,46,74,60
Snake Gourd,2023-08-23,Kg,45,59,52
Sponge Gourd,2023-08-23,Kg,55,79,67
Pumpkin,2023-08-23,Kg,31,40,35
Squash(Long),2023-08-23,Kg,34,55,44
Okra,2023-08-23,Kg,61,73,67
Arum,2023-08-23,Kg,46,68,57
Barela,2023-08-23,Kg,33,48,40
Radish Red,2023-08-23,Kg,24,39,31
Mushroom(Button),2023-08-23,Kg,291,423,357
Mushroom(Kanya),2023-08-23,Kg,135,163,149
Spinach Leaf,2023-08-23,Kg,69,113,91
Mustard Leaf,2023-08-23,Kg,31,57,44
Coriander,2023-08-23,Kg,132,241,186
Garlic Dry Nepali,2023-08-23,Kg,155,243,199
Garlic Dry Chinese,2023-08-23,Kg,193,259,226
Ginger,2023-08-23,Kg,136,191,163
Chilly Green,2023-08-23,Kg,61,103,82
Capsicum,2023-08-23,Kg,86,113,99
Cucumber(Local),2023-08-23,Kg,45,73,59
Apple(Jholey),2023-08-23,Kg,133,207,170
Banana,2023-08-23,Dozen,91,133,112
Pomegranate,2023-08-23,Kg,214,309,261
Orange(Nepali),2023-08-23,Kg,61,116,88
Papaya(Indian),2023-08-23,Kg,74,94,84
Tomato Big(Nepali),2023-08-24,Kg,35,48,41
Tomato Small(Local),2023-08-24,Kg,24,46,35
Potato Red,2023-08-24,Kg,40,56,48
Potato White,2023-08-24,Kg,35,45,40
Onion Dry (Indian),2023-08-24,Kg,45,78,61
Carrot(Local),2023-08-24,Kg,67,99,83
Cabbage(Local),2023-08-24,Kg,22,37,29
Cauliflower Local,2023-08-24,Kg,40,72,56
Raddish White(Local),2023-08-24,Kg,15,31,23
Brinjal Long,2023-08-24,Kg,37,56,46
Cow pea(Long),2023-08-24,Kg,60,81,70
Green Peas,2023-08-24,Kg,93,121,107
French Bean(Local),2023-08-24,Kg,46,81,63
Bitter Gourd,2023-08-24,Kg,68,105,86
Bottle Gourd,2023-08-24,Kg,34,52,43
Pointed Gourd(Local),2023-08-24,Kg,49,84,66
Snake Gourd,2023-08-24,Kg,38,59,48
Sponge Gourd,2023-08-24,Kg,49,69,59
Pumpkin,2023-08-24,Kg,27,43,35
Squash(Long),2023-08-24,Kg,30,52,41
Okra,2023-08-24,Kg,56,84,70
Arum,2023-08-24,Kg,53,69,61
Barela,2023-08-24,Kg,31,49,40
Radish Red,2023-08-24,Kg,24,38,31
Mushroom(Button),2023-08-24,Kg,305,397,351
Mushroom(Kanya),2023-08-24,Kg,116,161,138
Spinach Leaf,2023-08-24,Kg,82,114,98
Mustard Leaf,2023-08-24,Kg,34,55,44
Coriander,2023-08-24,Kg,130,218,174
Garlic Dry Nepali,2023-08-24,Kg,176,234,205
Garlic Dry Chinese,2023-08-24,Kg,220,281,250
Ginger,2023-08-24,Kg,134,203,168
Chilly Green,2023-08-24,Kg,71,112,91
Capsicum,2023-08-24,Kg,82,126,104
Cucumber(Local),2023-08-24,Kg,54,81,67
Apple(Jholey),2023-08-24,Kg,130,206,168
Banana,2023-08-24,Dozen,91,128,109
Pomegranate,2023-08-24,Kg,207,317,262
Orange(Nepali),2023-08-24,Kg,62,122,92
Papaya(Indian),2023-08-24,Kg,73,105,89
Tomato Big(Nepali),2023-08-25,Kg,34,55,44
Tomato Small(Local),2023-08-25,Kg,23,41,32
Potato Red,2023-08-25,Kg,44,65,54
Potato White,2023-08-25,Kg,31,45,38
Onion Dry (Indian),2023-08-25,Kg,48,72,60
Carrot(Local),2023-08-25,Kg,72,100,86
Cabbage(Local),2023-08-25,Kg,23,42,32
Cauliflower Local,2023-08-25,Kg,42,67,54
Raddish White(Local),2023-08-25,Kg,16,32,24
Brinjal Long,2023-08-25,Kg,40,62,51
Cow pea(Long),2023-08-25,Kg,55,95,75
Green Peas,2023-08-25,Kg,101,130,115
French Bean(Local),2023-08-25,Kg,47,79,63
Bitter Gourd,2023-08-25,Kg,61,109,85
Bottle Gourd,2023-08-25,Kg,35,53,44
Pointed Gourd(Local),2023-08-25,Kg,50,82,66
Snake Gourd,2023-08-25,Kg,42,63,52
Sponge Gourd,2023-08-25,Kg,53,76,64
Pumpkin,2023-08-25,Kg,29,46,37
Squash(Long),2023-08-25,Kg,30,47,38
Okra,2023-08-25,Kg,59,83,71
Arum,2023-08-25,Kg,53,70,61
Barela,2023-08-25,Kg,35,45,40
Radish Red,2023-08-25,Kg,25,41,33
Mushroom(Button),2023-08-25,Kg,271,359,315
Mushroom(Kanya),2023-08-25,Kg,118,180,149
Spinach Leaf,2023-08-25,Kg,68,99,83
Mustard Leaf,2023-08-25,Kg,36,55,45
Coriander,2023-08-25,Kg,133,236,184
Garlic Dry Nepali,2023-08-25,Kg,178,224,201
Garlic Dry Chinese,2023-08-25,Kg,197,276,236
Ginger,2023-08-25,Kg,129,209,169
Chilly Green,2023-08-25,Kg,71,96,83
Capsicum,2023-08-25,Kg,87,116,101
Cucumber(Local),2023-08-25,Kg,48,76,62
Apple(Jholey),2023-08-25,Kg,119,210,164
Banana,2023-08-25,Dozen,77,125,101
Pomegranate,2023-08-25,Kg,226,306,266
Orange(Nepali),2023-08-25,Kg,73,111,92
Papaya(Indian),2023-08-25,Kg,63,97,80
Tomato Big(Nepali),2023-08-26,Kg,35,50,42
Tomato Small(Local),2023-08-26,Kg,24,44,34
Potato Red,2023-08-26,Kg,45,58,51
Potato White,2023-08-26,Kg,34,45,39
Onion Dry (Indian),2023-08-26,Kg,52,81,66
Carrot(Local),2023-08-26,Kg,62,87,74
Cabbage(Local),2023-08-26,Kg,22,36,29
Cauliflower Local,2023-08-26,Kg,38,71,54
Raddish White(Local),2023-08-26,Kg,15,32,23
Brinjal Long,2023-08-26,Kg,41,59,50
Cow pea(Long),2023-08-26,Kg,60,85,72
Green Peas,2023-08-26,Kg,103,139,121
French Bean(Local),2023-08-26,Kg,53,72,62
Bitter Gourd,2023-08-26,Kg,62,97,79
Bottle Gourd,2023-08-26,Kg,31,56,43
Pointed Gourd(Local),2023-08-26,Kg,52,75,63
Snake Gourd,2023-08-26,Kg,38,59,48
Sponge Gourd,2023-08-26,Kg,54,80,67
Pumpkin,2023-08-26,Kg,26,45,35
Squash(Long),2023-08-26,Kg,34,51,42
Okra,2023-08-26,Kg,62,83,72
Arum,2023-08-26,Kg,51,66,58
Barela,2023-08-26,Kg,36,47,41
Radish Red,2023-08-26,Kg,23,43,33
Mushroom(Button),2023-08-26,Kg,278,378,328
Mushroom(Kanya),2023-08-26,Kg,128,169,148
Spinach Leaf,2023-08-26,Kg,76,99,87
Mustard Leaf,2023-08-26,Kg,36,49,42
Coriander,2023-08-26,Kg,115,217,166
Garlic Dry Nepali,2023-08-26,Kg,156,226,191
Garlic Dry Chinese,2023-08-26,Kg,190,268,229
Ginger,2023-08-26,Kg,134,206,170
Chilly Green,2023-08-26,Kg,70,104,87
Capsicum,2023-08-26,Kg,80,121,100
Cucumber(Local),2023-08-26,Kg,52,76,64
Apple(Jholey),2023-08-26,Kg,129,204,166
Banana,2023-08-26,Dozen,91,112,101
Pomegranate,2023-08-26,Kg,219,287,253
Orange(Nepali),2023-08-26,Kg,63,119,91
Papaya(Indian),2023-08-26,Kg,68,96,82
Tomato Big(Nepali),2023-08-27,Kg,33,53,43
Tomato Small(Local),2023-08-27,Kg,26,39,32
Potato Red,2023-08-27,Kg,38,66,52
Potato White,2023-08-27,Kg,31,47,39
Onion Dry (Indian),2023-08-27,Kg,48,75,61
Carrot(Local),2023-08-27,Kg,63,93,78
Cabbage(Local),2023-08-27,Kg,26,40,33
Cauliflower Local,2023-08-27,Kg,41,75,58
Raddish White(Local),2023-08-27,Kg,18,29,23
Brinjal Long,2023-08-27,Kg,37,61,49
Cow pea(Long),2023-08-27,Kg,56,92,74
Green Peas,2023-08-27,Kg,102,142,122
French Bean(Local),2023-08-27,Kg,46,76,61
Bitter Gourd,2023-08-27,Kg,72,104,88
Bottle Gourd,2023-08-27,Kg,34,54,44
Pointed Gourd(Local),2023-08-27,Kg,52,77,64
Snake Gourd,2023-08-27,Kg,42,55,48
Sponge Gourd,2023-08-27,Kg,45,75,60
Pumpkin,2023-08-27,Kg,26,41,33
Squash(Long),2023-08-27,Kg,32,56,44
Okra,2023-08-27,Kg,60,85,72
Arum,2023-08-27,Kg,51,65,58
Barela,2023-08-27,Kg,34,51,42
Radish Red,2023-08-27,Kg,25,40,32
Mushroom(Button),2023-08-27,Kg,304,429,366
Mushroom(Kanya),2023-08-27,Kg,136,168,152
Spinach Leaf,2023-08-27,Kg,73,96,84
Mustard Leaf,2023-08-27,Kg,35,48,41
Coriander,2023-08-27,Kg,130,225,177
Garlic Dry Nepali,2023-08-27,Kg,174,253,213
Garlic Dry Chinese,2023-08-27,Kg,205,267,236
Ginger,2023-08-27,Kg,123,195,159
Chilly Green,2023-08-27,Kg,72,107,89
Capsicum,2023-08-27,Kg,78,114,96
Cucumber(Local),2023-08-27,Kg,53,85,69
Apple(Jholey),2023-08-27,Kg,116,206,161
Banana,2023-08-27,Dozen,80,124,102
Pomegranate,2023-08-27,Kg,222,318,270
Orange(Nepali),2023-08-27,Kg,61,116,88
Papaya(Indian),2023-08-27,Kg,62,96,79
Tomato Big(Nepali),2023-08-28,Kg,32,55,43
Tomato Small(Local),2023-08-28,Kg,22,47,34
Potato Red,2023-08-28,Kg,38,60,49
Potato White,2023-08-28,Kg,34,47,40
Onion Dry (Indian),2023-08-28,Kg,51,85,68
Carrot(Local),2023-08-28,Kg,63,95,79
Cabbage(Local),2023-08-28,Kg,24,42,33
Cauliflower Local,2023-08-28,Kg,40,75,57
Raddish White(Local),2023-08-28,Kg,15,33,24
Brinjal Long,2023-08-28,Kg,37,54,45
Cow pea(Long),2023-08-28,Kg,58,95,76
Green Peas,2023-08-28,Kg,106,137,121
French Bean(Local),2023-08-28,Kg,52,78,65
Bitter Gourd,2023-08-28,Kg,70,108,89
Bottle Gourd,2023-08-28,Kg,30,57,43
Pointed Gourd(Local),2023-08-28,Kg,45,79,62
Snake Gourd,2023-08-28,Kg,39,57,48
Sponge Gourd,2023-08-28,Kg,46,73,59
Pumpkin,2023-08-28,Kg,28,45,36
Squash(Long),2023-08-28,Kg,32,51,41
Okra,2023-08-28,Kg,57,78,67
Arum,2023-08-28,Kg,45,73,59
Barela,2023-08-28,Kg,36,49,42
Radish Red,2023-08-28,Kg,23,42,32
Mushroom(Button),2023-08-28,Kg,299,408,353
Mushroom(Kanya),2023-08-28,Kg,130,171,150
Spinach Leaf,2023-08-28,Kg,67,101,84
Mustard Leaf,2023-08-28,Kg,35,47,41
Coriander,2023-08-28,Kg,134,226,180
Garlic Dry Nepali,2023-08-28,Kg,172,249,210
Garlic Dry Chinese,2023-08-28,Kg,212,272,242
Ginger,2023-08-28,Kg,126,208,167
Chilly Green,2023-08-28,Kg,73,100,86
Capsicum,2023-08-28,Kg,88,125,106
Cucumber(Local),2023-08-28,Kg,52,75,63
Apple(Jholey),2023-08-28,Kg,133,236,184
Banana,2023-08-28,Dozen,89,125,107
Pomegranate,2023-08-28,Kg,197,332,264
Orange(Nepali),2023-08-28,Kg,69,122,95
Papaya(Indian),2023-08-28,Kg,65,101,83
Tomato Big(Nepali),2023-08-29,Kg,32,54,43
Tomato Small(Local),2023-08-29,Kg,25,43,34
Potato Red,2023-08-29,Kg,42,57,49
Potato White,2023-08-29,Kg,34,50,42
Onion Dry (Indian),2023-08-29,Kg,48,78,63
Carrot(Local),2023-08-29,Kg,66,99,82
Cabbage(Local),2023-08-29,Kg,24,35,29
Cauliflower Local,2023-08-29,Kg,38,75,56
Raddish White(Local),2023-08-29,Kg,15,28,21
Brinjal Long,2023-08-29,Kg,38,52,45
Cow pea(Long),2023-08-29,Kg,63,82,72
Green Peas,2023-08-29,Kg,107,135,121
French Bean(Local),2023-08-29,Kg,47,77,62
Bitter Gourd,2023-08-29,Kg,71,112,91
Bottle Gourd,2023-08-29,Kg,32,47,39
Pointed Gourd(Local),2023-08-29,Kg,47,75,61
Snake Gourd,2023-08-29,Kg,40,61,50
Sponge Gourd,2023-08-29,Kg,51,77,64
Pumpkin,2023-08-29,Kg,28,43,35
Squash(Long),2023-08-29,Kg,35,56,45
Okra,2023-08-29,Kg,61,77,69
Arum,2023-08-29,Kg,46,71,58
Barela,2023-08-29,Kg,31,45,38
Radish Red,2023-08-29,Kg,26,41,33
Mushroom(Button),2023-08-29,Kg,303,363,333
Mushroom(Kanya),2023-08-29,Kg,116,186,151
Spinach Leaf,2023-08-29,Kg,76,114,95
Mustard Leaf,2023-08-29,Kg,36,51,43
Coriander,2023-08-29,Kg,122,237,179
Garlic Dry Nepali,2023-08-29,Kg,161,227,194
Garlic Dry Chinese,2023-08-29,Kg,204,280,242
Ginger,2023-08-29,Kg,118,194,156
Chilly Green,2023-08-29,Kg,67,113,90
Capsicum,2023-08-29,Kg,86,122,104
Cucumber(Local),2023-08-29,Kg,45,80,62
Apple(Jholey),2023-08-29,Kg,115,197,156
Banana,2023-08-29,Dozen,87,123,105
Pomegranate,2023-08-29,Kg,203,301,252
Orange(Nepali),2023-08-29,Kg,71,119,95
Papaya(Indian),2023-08-29,Kg,69,88,78
Tomato Big(Nepali),2023-08-30,Kg,34,54,44
Tomato Small(Local),2023-08-30,Kg,25,41,33
Potato Red,2023-08-30,Kg,45,60,52
Potato White,2023-08-30,Kg,32,47,39
Onion Dry (Indian),2023-08-30,Kg,48,82,65
Carrot(Local),2023-08-30,Kg,66,103,84
Cabbage(Local),2023-08-30,Kg,23,38,30
Cauliflower Local,2023-08-30,Kg,39,76,57
Raddish White(Local),2023-08-30,Kg,17,28,22
Brinjal Long,2023-08-30,Kg,39,58,48
Cow pea(Long),2023-08-30,Kg,61,83,72
Green Peas,2023-08-30,Kg,89,140,114
French Bean(Local),2023-08-30,Kg,50,70,60
Bitter Gourd,2023-08-30,Kg,68,107,87
Bottle Gourd,2023-08-30,Kg,30,50,40
Pointed Gourd(Local),2023-08-30,Kg,52,83,67
Snake Gourd,2023-08-30,Kg,39,66,52
Sponge Gourd,2023-08-30,Kg,54,72,63
Pumpkin,2023-08-30,Kg,28,47,37
Squash(Long),2023-08-30,Kg,30,53,41
Okra,2023-08-30,Kg,62,81,71
Arum,2023-08-30,Kg,50,64,57
Barela,2023-08-30,Kg,33,46,39
Radish Red,2023-08-30,Kg,24,38,31
Mushroom(Button),2023-08-30,Kg,307,420,363
Mushroom(Kanya),2023-08-30,Kg,118,160,139
Spinach Leaf,2023-08-30,Kg,72,101,86
Mustard Leaf,2023-08-30,Kg,33,53,43
Coriander,2023-08-30,Kg,121,236,178
Garlic Dry Nepali,2023-08-30,Kg,164,250,207
Garlic Dry Chinese,2023-08-30,Kg,210,255,232
Ginger,2023-08-30,Kg,130,204,167
Chilly Green,2023-08-30,Kg,68,101,84
Capsicum,2023-08-30,Kg,84,117,100
Cucumber(Local),2023-08-30,Kg,49,76,62
Apple(Jholey),2023-08-30,Kg,123,202,162
Banana,2023-08-30,Dozen,88,120,104
Pomegranate,2023-08-30,Kg,224,313,268
Orange(Nepali),2023-08-30,Kg,63,102,82
Papaya(Indian),2023-08-30,Kg,68,88,78
Tomato Big(Nepali),2023-08-31,Kg,35,49,42
Tomato Small(Local),2023-08-31,Kg,22,45,33
Potato Red,2023-08-31,Kg,43,58,50
Potato White,2023-08-31,Kg,30,49,39
Onion Dry (Indian),2023-08-31,Kg,46,72,59
Carrot(Local),2023-08-31,Kg,61,89,75
Cabbage(Local),2023-08-31,Kg,23,37,30
Cauliflower Local,2023-08-31,Kg,37,69,53
Raddish White(Local),2023-08-31,Kg,14,31,22
Brinjal Long,2023-08-31,Kg,33,54,43
Cow pea(Long),2023-08-31,Kg,60,80,70
Green Peas,2023-08-31,Kg,105,134,119
French Bean(Local),2023-08-31,Kg,46,79,62
Bitter Gourd,2023-08-31,Kg,72,99,85
Bottle Gourd,2023-08-31,Kg,29,47,38
Pointed Gourd(Local),2023-08-31,Kg,53,77,65
Snake Gourd,2023-08-31,Kg,37,55,46
Sponge Gourd,2023-08-31,Kg,50,80,65
Pumpkin,2023-08-31,Kg,29,44,36
Squash(Long),2023-08-31,Kg,30,47,38
Okra,2023-08-31,Kg,62,75,68
Arum,2023-08-31,Kg,52,65,58
Barela,2023-08-31,Kg,33,47,40
Radish Red,2023-08-31,Kg,26,42,34
Mushroom(Button),2023-08-31,Kg,275,374,324
Mushroom(Kanya),2023-08-31,Kg,126,159,142
Spinach Leaf,2023-08-31,Kg,69,104,86
Mustard Leaf,2023-08-31,Kg,29,49,39
Coriander,2023-08-31,Kg,126,210,168
Garlic Dry Nepali,2023-08-31,Kg,180,243,211
Garlic Dry Chinese,2023-08-31,Kg,189,267,228
Ginger,2023-08-31,Kg,128,209,168
Chilly Green,2023-08-31,Kg,69,112,90
Capsicum,2023-08-31,Kg,84,120,102
Cucumber(Local),2023-08-31,Kg,49,70,59
Apple(Jholey),2023-08-31,Kg,119,231,175
Banana,2023-08-31,Dozen,85,124,104
Pomegranate,2023-08-31,Kg,199,317,258
Orange(Nepali),2023-08-31,Kg,65,116,90
Papaya(Indian),2023-08-31,Kg,65,90,77
Tomato Big(Nepali),2023-09-01,Kg,31,54,42
Tomato Small(Local),2023-09-01,Kg,23,45,34
Potato Red,2023-09-01,Kg,40,65,52
Potato White,2023-09-01,Kg,30,44,37
Onion Dry (Indian),2023-09-01,Kg,51,74,62
Carrot(Local),2023-09-01,Kg,68,93,80
Cabbage(Local),2023-09-01,Kg,23,40,31
Cauliflower Local,2023-09-01,Kg,43,66,54
Raddish White(Local),2023-09-01,Kg,17,27,22
Brinjal Long,2023-09-01,Kg,37,57,47
Cow pea(Long),2023-09-01,Kg,60,88,74
Green Peas,2023-09-01,Kg,105,134,119
French Bean(Local),2023-09-01,Kg,49,73,61
Bitter Gourd,2023-09-01,Kg,69,112,90
Bottle Gourd,2023-09-01,Kg,33,48,40
Pointed Gourd(Local),2023-09-01,Kg,47,82,64
Snake Gourd,2023-09-01,Kg,37,64,50
Sponge Gourd,2023-09-01,Kg,51,67,59
Pumpkin,2023-09-01,Kg,27,42,34
Squash(Long),2023-09-01,Kg,35,48,41
Okra,2023-09-01,Kg,62,78,70
Arum,2023-09-01,Kg,47,68,57
Barela,2023-09-01,Kg,31,50,40
Radish Red,2023-09-01,Kg,24,40,32
Mushroom(Button),2023-09-01,Kg,312,370,341
Mushroom(Kanya),2023-09-01,Kg,133,169,151
Spinach Leaf,2023-09-01,Kg,79,108,93
Mustard Leaf,2023-09-01,Kg,33,51,42
Coriander,2023-09-01,Kg,123,219,171
Garlic Dry Nepali,2023-09-01,Kg,173,247,210
Garlic Dry Chinese,2023-09-01,Kg,201,281,241
Ginger,2023-09-01,Kg,123,174,148
Chilly Green,2023-09-01,Kg,71,104,87
Capsicum,2023-09-01,Kg,77,122,99
Cucumber(Local),2023-09-01,Kg,46,80,63
Apple(Jholey),2023-09-01,Kg,117,226,171
Banana,2023-09-01,Dozen,82,112,97
Pomegranate,2023-09-01,Kg,219,277,248
Orange(Nepali),2023-09-01,Kg,63,112,87
Papaya(Indian),2023-09-01,Kg,60,93,76
Tomato Big(Nepali),2023-09-02,Kg,32,53,42
Tomato Small(Local),2023-09-02,Kg,26,45,35
Potato Red,2023-09-02,Kg,37,63,50
Potato White,2023-09-02,Kg,33,49,41
Onion Dry (Indian),2023-09-02,Kg,51,80,65
Carrot(Local),2023-09-02,Kg,68,99,83
Cabbage(Local),2023-09-02,Kg,24,42,33
Cauliflower Local,2023-09-02,Kg,44,66,55
Raddish White(Local),2023-09-02,Kg,15,30,22
Brinjal Long,2023-09-02,Kg,35,56,45
Cow pea(Long),2023-09-02,Kg,54,88,71
Green Peas,2023-09-02,Kg,93,133,113
French Bean(Local),2023-09-02,Kg,47,73,60
Bitter Gourd,2023-09-02,Kg,63,109,86
Bottle Gourd,2023-09-02,Kg,36,48,42
Pointed Gourd(Local),2023-09-02,Kg,51,84,67
Snake Gourd,2023-09-02,Kg,44,59,51
Sponge Gourd,2023-09-02,Kg,52,76,64
Pumpkin,2023-09-02,Kg,30,45,37
Squash(Long),2023-09-02,Kg,31,54,42
Okra,2023-09-02,Kg,52,85,68
Arum,2023-09-02,Kg,47,64,55
Barela,2023-09-02,Kg,30,47,38
Radish Red,2023-09-02,Kg,22,38,30
Mushroom(Button),2023-09-02,Kg,267,410,338
Mushroom(Kanya),2023-09-02,Kg,127,180,153
Spinach Leaf,2023-09-02,Kg,67,110,88
Mustard Leaf,2023-09-02,Kg,35,50,42
Coriander,2023-09-02,Kg,112,202,157
Garlic Dry Nepali,2023-09-02,Kg,177,241,209
Garlic Dry Chinese,2023-09-02,Kg,202,266,234
Ginger,2023-09-02,Kg,118,186,152
Chilly Green,2023-09-02,Kg,69,113,91
Capsicum,2023-09-02,Kg,77,123,100
Cucumber(Local),2023-09-02,Kg,48,83,65
Apple(Jholey),2023-09-02,Kg,124,213,168
Banana,2023-09-02,Dozen,87,111,99
Pomegranate,2023-09-02,Kg,196,322,259
Orange(Nepali),2023-09-02,Kg,64,109,86
Papaya(Indian),2023-09-02,Kg,72,102,87
Tomato Big(Nepali),2023-09-03,Kg,33,55,44
Tomato Small(Local),2023-09-03,Kg,25,41,33
Potato Red,2023-09-03,Kg,40,64,52
Potato White,2023-09-03,Kg,35,45,40
Onion Dry (Indian),2023-09-03,Kg,54,80,67
Carrot(Local),2023-09-03,Kg,67,86,76
Cabbage(Local),2023-09-03,Kg,25,36,30
Cauliflower Local,2023-09-03,Kg,39,63,51
Raddish White(Local),2023-09-03,Kg,16,30,23
Brinjal Long,2023-09-03,Kg,40,51,45
Cow pea(Long),2023-09-03,Kg,55,83,69
Green Peas,2023-09-03,Kg,90,137,113
French Bean(Local),2023-09-03,Kg,51,73,62
Bitter Gourd,2023-09-03,Kg,62,108,85
Bottle Gourd,2023-09-03,Kg,31,49,40
Pointed Gourd(Local),2023-09-03,Kg,51,74,62
Snake Gourd,2023-09-03,Kg,37,62,49
Sponge Gourd,2023-09-03,Kg,52,66,59
Pumpkin,2023-09-03,Kg,29,41,35
Squash(Long),2023-09-03,Kg,35,54,44
Okra,2023-09-03,Kg,62,75,68
Arum,2023-09-03,Kg,47,67,57
Barela,2023-09-03,Kg,33,48,40
Radish Red,2023-09-03,Kg,24,40,32
Mushroom(Button),2023-09-03,Kg,300,361,330
Mushroom(Kanya),2023-09-03,Kg,129,157,143
Spinach Leaf,2023-09-03,Kg,69,100,84
Mustard Leaf,2023-09-03,Kg,30,49,39
Coriander,2023-09-03,Kg,120,202,161
Garlic Dry Nepali,2023-09-03,Kg,178,259,218
Garlic Dry Chinese,2023-09-03,Kg,225,253,239
Ginger,2023-09-03,Kg,114,184,149
Chilly Green,2023-09-03,Kg,64,101,82
Capsicum,2023-09-03,Kg,75,131,103
Cucumber(Local),2023-09-03,Kg,50,80,65
Apple(Jholey),2023-09-03,Kg,115,224,169
Banana,2023-09-03,Dozen,76,116,96
Pomegranate,2023-09-03,Kg,193,299,246
Orange(Nepali),2023-09-03,Kg,64,108,86
Papaya(Indian),2023-09-03,Kg,66,99,82
Tomato Big(Nepali),2023-09-04,Kg,30,52,41
Tomato Small(Local),2023-09-04,Kg,23,40,31
Potato Red,2023-09-04,Kg,41,57,49
Potato White,2023-09-04,Kg,29,51,40
Onion Dry (Indian),2023-09-04,Kg,51,80,65
Carrot(Local),2023-09-04,Kg,65,95,80
Cabbage(Local),2023-09-04,Kg,22,35,28
Cauliflower Local,2023-09-04,Kg,37,64,50
Raddish White(Local),2023-09-04,Kg,16,31,23
Brinjal Long,2023-09-04,Kg,40,52,46
Cow pea(Long),2023-09-04,Kg,57,89,73
Green Peas,2023-09-04,Kg,97,138,117
French Bean(Local),2023-09-04,Kg,48,79,63
Bitter Gourd,2023-09-04,Kg,66,107,86
Bottle Gourd,2023-09-04,Kg,30,56,43
Pointed Gourd(Local),2023-09-04,Kg,53,78,65
Snake Gourd,2023-09-04,Kg,37,59,48
Sponge Gourd,2023-09-04,Kg,47,69,58
Pumpkin,2023-09-04,Kg,27,46,36
Squash(Long),2023-09-04,Kg,31,56,43
Okra,2023-09-04,Kg,52,75,63
Arum,2023-09-04,Kg,53,64,58
Barela,2023-09-04,Kg,30,49,39
Radish Red,2023-09-04,Kg,22,40,31
Mushroom(Button),2023-09-04,Kg,262,420,341
Mushroom(Kanya),2023-09-04,Kg,126,176,151
Spinach Leaf,2023-09-04,Kg,76,109,92
Mustard Leaf,2023-09-04,Kg,34,49,41
Coriander,2023-09-04,Kg,116,200,158
Garlic Dry Nepali,2023-09-04,Kg,165,220,192
Garlic Dry Chinese,2023-09-04,Kg,201,296,248
Ginger,2023-09-04,Kg,124,198,161
Chilly Green,2023-09-04,Kg,69,104,86
Capsicum,2023-09-04,Kg,90,129,109
Cucumber(Local),2023-09-04,Kg,48,80,64
Apple(Jholey),2023-09-04,Kg,119,205,162
Banana,2023-09-04,Dozen,89,116,102
Pomegranate,2023-09-04,Kg,223,315,269
Orange(Nepali),2023-09-04,Kg,71,107,89
Papaya(Indian),2023-09-04,Kg,64,91,77
Tomato Big(Nepali),2023-09-05,Kg,34,51,42
Tomato Small(Local),2023-09-05,Kg,26,44,35
Potato Red,2023-09-05,Kg,42,64,53
Potato White,2023-09-05,Kg,30,45,37
Onion Dry (Indian),2023-09-05,Kg,51,72,61
Carrot(Local),2023-09-05,Kg,66,95,80
Cabbage(Local),2023-09-05,Kg,25,36,30
Cauliflower Local,2023-09-05,Kg,44,65,54
Raddish White(Local),2023-09-05,Kg,17,30,23
Brinjal Long,2023-09-05,Kg,39,56,47
Cow pea(Long),2023-09-05,Kg,52,78,65
Green Peas,2023-09-05,Kg,103,132,117
French Bean(Local),2023-09-05,Kg,47,72,59
Bitter Gourd,2023-09-05,Kg,60,95,77
Bottle Gourd,2023-09-05,Kg,31,55,43
Pointed Gourd(Local),2023-09-05,Kg,52,82,67
Snake Gourd,2023-09-05,Kg,43,62,52
Sponge Gourd,2023-09-05,Kg,51,72,61
Pumpkin,2023-09-05,Kg,29,45,37
Squash(Long),2023-09-05,Kg,35,52,43
Okra,2023-09-05,Kg,60,79,69
Arum,2023-09-05,Kg,44,70,57
Barela,2023-09-05,Kg,35,49,42
Radish Red,2023-09-05,Kg,25,42,33
Mushroom(Button),2023-09-05,Kg,312,354,333
Mushroom(Kanya),2023-09-05,Kg,129,175,152
Spinach Leaf,2023-09-05,Kg,72,104,88
Mustard Leaf,2023-09-05,Kg,30,55,42
Coriander,2023-09-05,Kg,131,214,172
Garlic Dry Nepali,2023-09-05,Kg,150,227,188
Garlic Dry Chinese,2023-09-05,Kg,194,276,235
Ginger,2023-09-05,Kg,131,175,153
Chilly Green,2023-09-05,Kg,65,110,87
Capsicum,2023-09-05,Kg,77,130,103
Cucumber(Local),2023-09-05,Kg,50,77,63
Apple(Jholey),2023-09-05,Kg,111,229,170
Banana,2023-09-05,Dozen,83,130,106
Pomegranate,2023-09-05,Kg,194,304,249
Orange(Nepali),2023-09-05,Kg,67,103,85
Papaya(Indian),2023-09-05,Kg,69,91,80
Tomato Big(Nepali),2023-09-06,Kg,32,56,44
Tomato Small(Local),2023-09-06,Kg,25,39,32
Potato Red,2023-09-06,Kg,38,62,50
Potato White,2023-09-06,Kg,35,47,41
Onion Dry (Indian),2023-09-06,Kg,47,74,60
Carrot(Local),2023-09-06,Kg,60,92,76
Cabbage(Local),2023-09-06,Kg,26,36,31
Cauliflower Local,2023-09-06,Kg,42,64,53
Raddish White(Local),2023-09-06,Kg,17,32,24
Brinjal Long,2023-09-06,Kg,34,54,44
Cow pea(Long),2023-09-06,Kg,58,81,69
Green Peas,2023-09-06,Kg,107,125,116
French Bean(Local),2023-09-06,Kg,50,73,61
Bitter Gourd,2023-09-06,Kg,59,99,79
Bottle Gourd,2023-09-06,Kg,30,53,41
Pointed Gourd(Local),2023-09-06,Kg,52,74,63
Snake Gourd,2023-09-06,Kg,41,58,49
Sponge Gourd,2023-09-06,Kg,51,76,63
Pumpkin,2023-09-06,Kg,31,42,36
Squash(Long),2023-09-06,Kg,32,47,39
Okra,2023-09-06,Kg,53,70,61
Arum,2023-09-06,Kg,52,71,61
Barela,2023-09-06,Kg,30,48,39
Radish Red,2023-09-06,Kg,23,38,30
Mushroom(Button),2023-09-06,Kg,299,382,340
Mushroom(Kanya),2023-09-06,Kg,118,173,145
Spinach Leaf,2023-09-06,Kg,76,106,91
Mustard Leaf,2023-09-06,Kg,34,50,42
Coriander,2023-09-06,Kg,123,209,166
Garlic Dry Nepali,2023-09-06,Kg,150,259,204
Garlic Dry Chinese,2023-09-06,Kg,202,281,241
Ginger,2023-09-06,Kg,133,188,160
Chilly Green,2023-09-06,Kg,67,96,81
Capsicum,2023-09-06,Kg,80,128,104
Cucumber(Local),2023-09-06,Kg,45,78,61
Apple(Jholey),2023-09-06,Kg,119,212,165
Banana,2023-09-06,Dozen,75,113,94
Pomegranate,2023-09-06,Kg,223,284,253
Orange(Nepali),2023-09-06,Kg,65,108,86
Papaya(Indian),2023-09-06,Kg,66,99,82
Tomato Big(Nepali),2023-09-07,Kg,29,54,41
Tomato Small(Local),2023-09-07,Kg,25,45,35
Potato Red,2023-09-07,Kg,38,63,50
Potato White,2023-09-07,Kg,34,46,40
Onion Dry (Indian),2023-09-07,Kg,45,81,63
Carrot(Local),2023-09-07,Kg,60,103,81
Cabbage(Local),2023-09-07,Kg,26,37,31
Cauliflower Local,2023-09-07,Kg,40,65,52
Raddish White(Local),2023-09-07,Kg,16,29,22
Brinjal Long,2023-09-07,Kg,39,56,47
Cow pea(Long),2023-09-07,Kg,52,83,67
Green Peas,2023-09-07,Kg,91,138,114
French Bean(Local),2023-09-07,Kg,49,79,64
Bitter Gourd,2023-09-07,Kg,68,98,83
Bottle Gourd,2023-09-07,Kg,31,48,39
Pointed Gourd(Local),2023-09-07,Kg,45,82,63
Snake Gourd,2023-09-07,Kg,42,56,49
Sponge Gourd,2023-09-07,Kg,44,66,55
Pumpkin,2023-09-07,Kg,27,40,33
Squash(Long),2023-09-07,Kg,31,55,43
Okra,2023-09-07,Kg,61,76,68
Arum,2023-09-07,Kg,45,63,54
Barela,2023-09-07,Kg,33,45,39
Radish Red,2023-09-07,Kg,24,39,31
Mushroom(Button),2023-09-07,Kg,294,350,322
Mushroom(Kanya),2023-09-07,Kg,118,174,146
Spinach Leaf,2023-09-07,Kg,66,109,87
Mustard Leaf,2023-09-07,Kg,31,49,40
Coriander,2023-09-07,Kg,112,225,168
Garlic Dry Nepali,2023-09-07,Kg,150,227,188
Garlic Dry Chinese,2023-09-07,Kg,194,259,226
Ginger,2023-09-07,Kg,121,201,161
Chilly Green,2023-09-07,Kg,65,105,85
Capsicum,2023-09-07,Kg,80,111,95
Cucumber(Local),2023-09-07,Kg,51,72,61
Apple(Jholey),2023-09-07,Kg,124,230,177
Banana,2023-09-07,Dozen,78,125,101
Pomegranate,2023-09-07,Kg,202,277,239
Orange(Nepali),2023-09-07,Kg,60,101,80
Papaya(Indian),2023-09-07,Kg,62,98,80
Tomato Big(Nepali),2023-09-08,Kg,31,54,42
Tomato Small(Local),2023-09-08,Kg,23,46,34
Potato Red,2023-09-08,Kg,38,62,50
Potato White,2023-09-08,Kg,31,45,38
Onion Dry (Indian),2023-09-08,Kg,47,77,62
Carrot(Local),2023-09-08,Kg,68,98,83
Cabbage(Local),2023-09-08,Kg,25,38,31
Cauliflower Local,2023-09-08,Kg,37,66,51
Raddish White(Local),2023-09-08,Kg,17,32,24
Brinjal Long,2023-09-08,Kg,38,51,44
Cow pea(Long),2023-09-08,Kg,61,87,74
Green Peas,2023-09-08,Kg,99,123,111
French Bean(Local),2023-09-08,Kg,53,66,59
Bitter Gourd,2023-09-08,Kg,70,110,90
Bottle Gourd,2023-09-08,Kg,32,50,41
Pointed Gourd(Local),2023-09-08,Kg,52,70,61
Snake Gourd,2023-09-08,Kg,43,56,49
Sponge Gourd,2023-09-08,Kg,52,71,61
Pumpkin,2023-09-08,Kg,27,46,36
Squash(Long),2023-09-08,Kg,29,52,40
Okra,2023-09-08,Kg,54,78,66
Arum,2023-09-08,Kg,53,61,57
Barela,2023-09-08,Kg,33,50,41
Radish Red,2023-09-08,Kg,24,39,31
Mushroom(Button),2023-09-08,Kg,288,400,344
Mushroom(Kanya),2023-09-08,Kg,119,163,141
Spinach Leaf,2023-09-08,Kg,67,105,86
Mustard Leaf,2023-09-08,Kg,33,47,40
Coriander,2023-09-08,Kg,120,220,170
Garlic Dry Nepali,2023-09-08,Kg,156,222,189
Garlic Dry Chinese,2023-09-08,Kg,201,288,244
Ginger,2023-09-08,Kg,124,177,150
Chilly Green,2023-09-08,Kg,62,103,82
Capsicum,2023-09-08,Kg,87,109,98
Cucumber(Local),2023-09-08,Kg,50,73,61
Apple(Jholey),2023-09-08,Kg,123,207,165
Banana,2023-09-08,Dozen,78,115,96
Pomegranate,2023-09-08,Kg,222,273,247
Orange(Nepali),2023-09-08,Kg,67,114,90
Papaya(Indian),2023-09-08,Kg,64,99,81
Tomato Big(Nepali),2023-09-09,Kg,31,55,43
Tomato Small(Local),2023-09-09,Kg,23,45,34
Potato Red,2023-09-09,Kg,41,64,52
Potato White,2023-09-09,Kg,33,49,41
Onion Dry (Indian),2023-09-09,Kg,48,72,60
Carrot(Local),2023-09-09,Kg,60,99,79
Cabbage(Local),2023-09-09,Kg,22,35,28
Cauliflower Local,2023-09-09,Kg,42,70,56
Raddish White(Local),2023-09-09,Kg,16,28,22
Brinjal Long,2023-09-09,Kg,35,52,43
Cow pea(Long),2023-09-09,Kg,61,92,76
Green Peas,2023-09-09,Kg,94,135,114
French Bean(Local),2023-09-09,Kg,44,74,59
Bitter Gourd,2023-09-09,Kg,70,112,91
Bottle Gourd,2023-09-09,Kg,30,48,39
Pointed Gourd(Local),2023-09-09,Kg,52,72,62
Snake Gourd,2023-09-09,Kg,40,57,48
Sponge Gourd,2023-09-09,Kg,45,75,60
Pumpkin,2023-09-09,Kg,28,39,33
Squash(Long),2023-09-09,Kg,34,46,40
Okra,2023-09-09,Kg,58,77,67
Arum,2023-09-09,Kg,44,71,57
Barela,2023-09-09,Kg,29,48,38
Radish Red,2023-09-09,Kg,26,39,32
Mushroom(Button),2023-09-09,Kg,292,368,330
Mushroom(Kanya),2023-09-09,Kg,119,173,146
Spinach Leaf,2023-09-09,Kg,67,104,85
Mustard Leaf,2023-09-09,Kg,30,48,39
Coriander,2023-09-09,Kg,128,203,165
Garlic Dry Nepali,2023-09-09,Kg,172,252,212
Garlic Dry Chinese,2023-09-09,Kg,193,292,242
Ginger,2023-09-09,Kg,132,192,162
Chilly Green,2023-09-09,Kg,59,105,82
Capsicum,2023-09-09,Kg,75,122,98
Cucumber(Local),2023-09-09,Kg,51,75,63
Apple(Jholey),2023-09-09,Kg,120,207,163
Banana,2023-09-09,Dozen,81,125,103
Pomegranate,2023-09-09,Kg,204,285,244
Orange(Nepali),2023-09-09,Kg,69,119,94
Papaya(Indian),2023-09-09,Kg,66,87,76
Tomato Big(Nepali),2023-09-10,Kg,33,48,40
Tomato Small(Local),2023-09-10,Kg,22,45,33
Potato Red,2023-09-10,Kg,43,65,54
Potato White,2023-09-10,Kg,34,51,42
Onion Dry (Indian),2023-09-10,Kg,51,71,61
Carrot(Local),2023-09-10,Kg,63,96,79
Cabbage(Local),2023-09-10,Kg,22,38,30
Cauliflower Local,2023-09-10,Kg,36,63,49
Raddish White(Local),2023-09-10,Kg,15,28,21
Brinjal Long,2023-09-10,Kg,34,58,46
Cow pea(Long),2023-09-10,Kg,53,88,70
Green Peas,2023-09-10,Kg,97,124,110
French Bean(Local),2023-09-10,Kg,51,77,64
Bitter Gourd,2023-09-10,Kg,59,103,81
Bottle Gourd,2023-09-10,Kg,31,55,43
Pointed Gourd(Local),2023-09-10,Kg,47,80,63
Snake Gourd,2023-09-10,Kg,43,63,53
Sponge Gourd,2023-09-10,Kg,51,74,62
Pumpkin,2023-09-10,Kg,26,43,34
Squash(Long),2023-09-10,Kg,31,54,42
Okra,2023-09-10,Kg,53,77,65
Arum,2023-09-10,Kg,48,64,56
Barela,2023-09-10,Kg,32,48,40
Radish Red,2023-09-10,Kg,25,37,31
Mushroom(Button),2023-09-10,Kg,281,353,317
Mushroom(Kanya),2023-09-10,Kg,121,157,139
Spinach Leaf,2023-09-10,Kg,71,110,90
Mustard Leaf,2023-09-10,Kg,29,49,39
Coriander,2023-09-10,Kg,127,212,169
Garlic Dry Nepali,2023-09-10,Kg,151,254,202
Garlic Dry Chinese,2023-09-10,Kg,204,287,245
Ginger,2023-09-10,Kg,115,205,160
Chilly Green,2023-09-10,Kg,60,105,82
Capsicum,2023-09-10,Kg,86,111,98
Cucumber(Local),2023-09-10,Kg,49,79,64
Apple(Jholey),2023-09-10,Kg,127,194,160
Banana,2023-09-10,Dozen,75,111,93
Pomegranate,2023-09-10,Kg,199,309,254
Orange(Nepali),2023-09-10,Kg,59,116,87
Papaya(Indian),2023-09-10,Kg,62,101,81
Tomato Big(Nepali),2023-09-11,Kg,34,53,43
Tomato Small(Local),2023-09-11,Kg,25,43,34
Potato Red,2023-09-11,Kg,44,59,51
Potato White,2023-09-11,Kg,33,49,41
Onion Dry (Indian),2023-09-11,Kg,49,79,64
Carrot(Local),2023-09-11,Kg,60,100,80
Cabbage(Local),2023-09-11,Kg,23,36,29
Cauliflower Local,2023-09-11,Kg,38,70,54
Raddish White(Local),2023-09-11,Kg,16,31,23
Brinjal Long,2023-09-11,Kg,35,58,46
Cow pea(Long),2023-09-11,Kg,62,81,71
Green Peas,2023-09-11,Kg,99,129,114
French Bean(Local),2023-09-11,Kg,47,69,58
Bitter Gourd,2023-09-11,Kg,60,95,77
Bottle Gourd,2023-09-11,Kg,33,49,41
Pointed Gourd(Local),2023-09-11,Kg,51,74,62
Snake Gourd,2023-09-11,Kg,42,64,53
Sponge Gourd,2023-09-11,Kg,45,69,57
Pumpkin,2023-09-11,Kg,31,39,35
Squash(Long),2023-09-11,Kg,30,52,41
Okra,2023-09-11,Kg,61,81,71
Arum,2023-09-11,Kg,47,65,56
Barela,2023-09-11,Kg,32,50,41
Radish Red,2023-09-11,Kg,23,40,31
Mushroom(Button),2023-09-11,Kg,274,386,330
Mushroom(Kanya),2023-09-11,Kg,124,159,141
Spinach Leaf,2023-09-11,Kg,73,101,87
Mustard Leaf,2023-09-11,Kg,30,51,40
Coriander,2023-09-11,Kg,128,228,178
Garlic Dry Nepali,2023-09-11,Kg,159,248,203
Garlic Dry Chinese,2023-09-11,Kg,216,257,236
Ginger,2023-09-11,Kg,111,193,152
Chilly Green,2023-09-11,Kg,70,94,82
Capsicum,2023-09-11,Kg,77,126,101
Cucumber(Local),2023-09-11,Kg,50,76,63
Apple(Jholey),2023-09-11,Kg,129,218,173
Banana,2023-09-11,Dozen,77,119,98
Pomegranate,2023-09-11,Kg,209,308,258
Orange(Nepali),2023-09-11,Kg,59,107,83
Papaya(Indian),2023-09-11,Kg,70,90,80
Tomato Big(Nepali),2023-09-12,Kg,31,51,41
Tomato Small(Local),2023-09-12,Kg,25,44,34
Potato Red,2023-09-12,Kg,43,55,49
Potato White,2023-09-12,Kg,33,49,41
Onion Dry (Indian),2023-09-12,Kg,45,83,64
Carrot(Local),2023-09-12,Kg,65,84,74
Cabbage(Local),2023-09-12,Kg,24,38,31
Cauliflower Local,2023-09-12,Kg,42,69,55
Raddish White(Local),2023-09-12,Kg,14,28,21
Brinjal Long,2023-09-12,Kg,35,50,42
Cow pea(Long),2023-09-12,Kg,56,78,67
Green Peas,2023-09-12,Kg,103,136,119
French Bean(Local),2023-09-12,Kg,43,66,54
Bitter Gourd,2023-09-12,Kg,66,99,82
Bottle Gourd,2023-09-12,Kg,35,53,44
Pointed Gourd(Local),2023-09-12,Kg,51,72,61
Snake Gourd,2023-09-12,Kg,37,56,46
Sponge Gourd,2023-09-12,Kg,52,65,58
Pumpkin,2023-09-12,Kg,31,44,37
Squash(Long),2023-09-12,Kg,34,53,43
Okra,2023-09-12,Kg,56,82,69
Arum,2023-09-12,Kg,52,64,58
Barela,2023-09-12,Kg,35,44,39
Radish Red,2023-09-12,Kg,24,37,30
Mushroom(Button),2023-09-12,Kg,266,383,324
Mushroom(Kanya),2023-09-12,Kg,125,156,140
Spinach Leaf,2023-09-12,Kg,75,107,91
Mustard Leaf,2023-09-12,Kg,31,49,40
Coriander,2023-09-12,Kg,133,202,167
Garlic Dry Nepali,2023-09-12,Kg,159,229,194
Garlic Dry Chinese,2023-09-12,Kg,222,254,238
Ginger,2023-09-12,Kg,110,175,142
Chilly Green,2023-09-12,Kg,63,100,81
Capsicum,2023-09-12,Kg,73,108,90
Cucumber(Local),2023-09-12,Kg,45,72,58
Apple(Jholey),2023-09-12,Kg,119,208,163
Banana,2023-09-12,Dozen,87,120,103
Pomegranate,2023-09-12,Kg,189,278,233
Orange(Nepali),2023-09-12,Kg,65,106,85
Papaya(Indian),2023-09-12,Kg,64,92,78
Tomato Big(Nepali),2023-09-13,Kg,29,52,40
Tomato Small(Local),2023-09-13,Kg,22,43,32
Potato Red,2023-09-13,Kg,40,56,48
Potato White,2023-09-13,Kg,31,45,38
Onion Dry (Indian),2023-09-13,Kg,46,73,59
Carrot(Local),2023-09-13,Kg,67,97,82
Cabbage(Local),2023-09-13,Kg,25,36,30
Cauliflower Local,2023-09-13,Kg,39,73,56
Raddish White(Local),2023-09-13,Kg,17,28,22
Brinjal Long,2023-09-13,Kg,39,54,46
Cow pea(Long),2023-09-13,Kg,54,84,69
Green Peas,2023-09-13,Kg,91,129,110
French Bean(Local),2023-09-13,Kg,52,71,61
Bitter Gourd,2023-09-13,Kg,62,104,83
Bottle Gourd,2023-09-13,Kg,29,50,39
Pointed Gourd(Local),2023-09-13,Kg,50,79,64
Snake Gourd,2023-09-13,Kg,42,56,49
Sponge Gourd,2023-09-13,Kg,53,76,64
Pumpkin,2023-09-13,Kg,27,43,35
Squash(Long),2023-09-13,Kg,29,49,39
Okra,2023-09-13,Kg,52,75,63
Arum,2023-09-13,Kg,43,73,58
Barela,2023-09-13,Kg,31,50,40
Radish Red,2023-09-13,Kg,24,37,30
Mushroom(Button),2023-09-13,Kg,303,404,353
Mushroom(Kanya),2023-09-13,Kg,121,166,143
Spinach Leaf,2023-09-13,Kg,69,107,88
Mustard Leaf,2023-09-13,Kg,33,55,44
Coriander,2023-09-13,Kg,129,208,168
Garlic Dry Nepali,2023-09-13,Kg,169,215,192
Garlic Dry Chinese,2023-09-13,Kg,216,280,248
Ginger,2023-09-13,Kg,128,178,153
Chilly Green,2023-09-13,Kg,59,92,75
Capsicum,2023-09-13,Kg,85,111,98
Cucumber(Local),2023-09-13,Kg,47,74,60
Apple(Jholey),2023-09-13,Kg,120,214,167
Banana,2023-09-13,Dozen,73,110,91
Pomegranate,2023-09-13,Kg,186,269,227
Orange(Nepali),2023-09-13,Kg,68,117,92
Papaya(Indian),2023-09-13,Kg,68,94,81
Tomato Big(Nepali),2023-09-14,Kg,32,52,42
Tomato Small(Local),2023-09-14,Kg,23,40,31
Potato Red,2023-09-14,Kg,43,60,51
Potato White,2023-09-14,Kg,35,42,38
Onion Dry (Indian),2023-09-14,Kg,51,82,66
Carrot(Local),2023-09-14,Kg,60,98,79
Cabbage(Local),2023-09-14,Kg,22,38,30
Cauliflower Local,2023-09-14,Kg,37,70,53
Raddish White(Local),2023-09-14,Kg,16,28,22
Brinjal Long,2023-09-14,Kg,39,56,47
Cow pea(Long),2023-09-14,Kg,56,84,70
Green Peas,2023-09-14,Kg,97,127,112
French Bean(Local),2023-09-14,Kg,48,77,62
Bitter Gourd,2023-09-14,Kg,64,100,82
Bottle Gourd,2023-09-14,Kg,33,50,41
Pointed Gourd(Local),2023-09-14,Kg,49,70,59
Snake Gourd,2023-09-14,Kg,38,60,49
Sponge Gourd,2023-09-14,Kg,48,73,60
Pumpkin,2023-09-14,Kg,27,43,35
Squash(Long),2023-09-14,Kg,29,52,40
Okra,2023-09-14,Kg,51,79,65
Arum,2023-09-14,Kg,48,63,55
Barela,2023-09-14,Kg,31,47,39
Radish Red,2023-09-14,Kg,23,38,30
Mushroom(Button),2023-09-14,Kg,271,383,327
Mushroom(Kanya),2023-09-14,Kg,110,162,136
Spinach Leaf,2023-09-14,Kg,65,94,79
Mustard Leaf,2023-09-14,Kg,31,49,40
Coriander,2023-09-14,Kg,128,229,178
Garlic Dry Nepali,2023-09-14,Kg,161,242,201
Garlic Dry Chinese,2023-09-14,Kg,188,257,222
Ginger,2023-09-14,Kg,115,175,145
Chilly Green,2023-09-14,Kg,66,110,88
Capsicum,2023-09-14,Kg,88,125,106
Cucumber(Local),2023-09-14,Kg,51,71,61
Apple(Jholey),2023-09-14,Kg,133,201,167
Banana,2023-09-14,Dozen,82,121,101
Pomegranate,2023-09-14,Kg,212,322,267
Orange(Nepali),2023-09-14,Kg,64,103,83
Papaya(Indian),2023-09-14,Kg,64,89,76
Tomato Big(Nepali),2023-09-15,Kg,34,49,41
Tomato Small(Local),2023-09-15,Kg,22,41,31
Potato Red,2023-09-15,Kg,39,60,49
Potato White,2023-09-15,Kg,33,43,38
Onion Dry (Indian),2023-09-15,Kg,48,70,59
Carrot(Local),2023-09-15,Kg,58,101,79
Cabbage(Local),2023-09-15,Kg,22,38,30
Cauliflower Local,2023-09-15,Kg,41,62,51
Raddish White(Local),2023-09-15,Kg,15,26,20
Brinjal Long,2023-09-15,Kg,34,52,43
Cow pea(Long),2023-09-15,Kg,60,92,76
Green Peas,2023-09-15,Kg,92,136,114
French Bean(Local),2023-09-15,Kg,43,72,57
Bitter Gourd,2023-09-15,Kg,69,104,86
Bottle Gourd,2023-09-15,Kg,32,48,40
Pointed Gourd(Local),2023-09-15,Kg,52,73,62
Snake Gourd,2023-09-15,Kg,43,63,53
Sponge Gourd,2023-09-15,Kg,47,72,59
Pumpkin,2023-09-15,Kg,26,43,34
Squash(Long),2023-09-15,Kg,29,55,42
Okra,2023-09-15,Kg,62,71,66
Arum,2023-09-15,Kg,48,66,57
Barela,2023-09-15,Kg,35,44,39
Radish Red,2023-09-15,Kg,22,35,28
Mushroom(Button),2023-09-15,Kg,310,352,331
Mushroom(Kanya),2023-09-15,Kg,130,167,148
Spinach Leaf,2023-09-15,Kg,77,96,86
Mustard Leaf,2023-09-15,Kg,35,54,44
Coriander,2023-09-15,Kg,125,226,175
Garlic Dry Nepali,2023-09-15,Kg,157,232,194
Garlic Dry Chinese,2023-09-15,Kg,191,268,229
Ginger,2023-09-15,Kg,125,183,154
Chilly Green,2023-09-15,Kg,67,105,86
Capsicum,2023-09-15,Kg,80,127,103
Cucumber(Local),2023-09-15,Kg,51,80,65
Apple(Jholey),2023-09-15,Kg,131,199,165
Banana,2023-09-15,Dozen,74,128,101
Pomegranate,2023-09-15,Kg,218,287,252
Orange(Nepali),2023-09-15,Kg,66,105,85
Papaya(Indian),2023-09-15,Kg,64,90,77
Tomato Big(Nepali),2023-09-16,Kg,31,53,42
Tomato Small(Local),2023-09-16,Kg,22,44,33
Potato Red,2023-09-16,Kg,42,58,50
Potato White,2023-09-16,Kg,30,46,38
Onion Dry (Indian),2023-09-16,Kg,51,70,60
Carrot(Local),2023-09-16,Kg,67,87,77
Cabbage(Local),2023-09-16,Kg,25,36,30
Cauliflower Local,2023-09-16,Kg,44,66,55
Raddish White(Local),2023-09-16,Kg,15,32,23
Brinjal Long,2023-09-16,Kg,33,59,46
Cow pea(Long),2023-09-16,Kg,51,82,66
Green Peas,2023-09-16,Kg,94,138,116
French Bean(Local),2023-09-16,Kg,48,70,59
Bitter Gourd,2023-09-16,Kg,65,97,81
Bottle Gourd,2023-09-16,Kg,30,46,38
Pointed Gourd(Local),2023-09-16,Kg,49,72,60
Snake Gourd,2023-09-16,Kg,39,63,51
Sponge Gourd,2023-09-16,Kg,52,70,61
Pumpkin,2023-09-16,Kg,27,38,32
Squash(Long),2023-09-16,Kg,29,52,40
Okra,2023-09-16,Kg,61,70,65
Arum,2023-09-16,Kg,52,73,62
Barela,2023-09-16,Kg,34,49,41
Radish Red,2023-09-16,Kg,24,37,30
Mushroom(Button),2023-09-16,Kg,272,359,315
Mushroom(Kanya),2023-09-16,Kg,125,184,154
Spinach Leaf,2023-09-16,Kg,72,98,85
Mustard Leaf,2023-09-16,Kg,31,51,41
Coriander,2023-09-16,Kg,125,212,168
Garlic Dry Nepali,2023-09-16,Kg,145,239,192
Garlic Dry Chinese,2023-09-16,Kg,217,279,248
Ginger,2023-09-16,Kg,115,174,144
Chilly Green,2023-09-16,Kg,58,106,82
Capsicum,2023-09-16,Kg,76,127,101
Cucumber(Local),2023-09-16,Kg,52,78,65
Apple(Jholey),2023-09-16,Kg,117,219,168
Banana,2023-09-16,Dozen,88,115,101
Pomegranate,2023-09-16,Kg,182,293,237
Orange(Nepali),2023-09-16,Kg,67,103,85
Papaya(Indian),2023-09-16,Kg,58,88,73
Tomato Big(Nepali),2023-09-17,Kg,30,52,41
Tomato Small(Local),2023-09-17,Kg,24,43,33
Potato Red,2023-09-17,Kg,39,62,50
Potato White,2023-09-17,Kg,31,50,40
Onion Dry (Indian),2023-09-17,Kg,43,71,57
Carrot(Local),2023-09-17,Kg,68,96,82
Cabbage(Local),2023-09-17,Kg,21,35,28
Cauliflower Local,2023-09-17,Kg,42,73,57
Raddish White(Local),2023-09-17,Kg,15,27,21
Brinjal Long,2023-09-17,Kg,35,59,47
Cow pea(Long),2023-09-17,Kg,55,77,66
Green Peas,2023-09-17,Kg,91,121,106
French Bean(Local),2023-09-17,Kg,52,75,63
Bitter Gourd,2023-09-17,Kg,65,103,84
Bottle Gourd,2023-09-17,Kg,29,52,40
Pointed Gourd(Local),2023-09-17,Kg,45,78,61
Snake Gourd,2023-09-17,Kg,36,64,50
Sponge Gourd,2023-09-17,Kg,53,72,62
Pumpkin,2023-09-17,Kg,28,42,35
Squash(Long),2023-09-17,Kg,31,48,39
Okra,2023-09-17,Kg,55,80,67
Arum,2023-09-17,Kg,49,68,58
Barela,2023-09-17,Kg,30,47,38
Radish Red,2023-09-17,Kg,23,38,30
Mushroom(Button),2023-09-17,Kg,272,385,328
Mushroom(Kanya),2023-09-17,Kg,115,175,145
Spinach Leaf,2023-09-17,Kg,70,98,84
Mustard Leaf,2023-09-17,Kg,33,46,39
Coriander,2023-09-17,Kg,128,224,176
Garlic Dry Nepali,2023-09-17,Kg,169,215,192
Garlic Dry Chinese,2023-09-17,Kg,189,278,233
Ginger,2023-09-17,Kg,109,182,145
Chilly Green,2023-09-17,Kg,59,110,84
Capsicum,2023-09-17,Kg,79,111,95
Cucumber(Local),2023-09-17,Kg,52,80,66
Apple(Jholey),2023-09-17,Kg,129,200,164
Banana,2023-09-17,Dozen,82,116,99
Pomegranate,2023-09-17,Kg,186,297,241
Orange(Nepali),2023-09-17,Kg,68,113,90
Papaya(Indian),2023-09-17,Kg,66,100,83
Tomato Big(Nepali),2023-09-18,Kg,29,49,39
Tomato Small(Local),2023-09-18,Kg,24,45,34
Potato Red,2023-09-18,Kg,40,59,49
Potato White,2023-09-18,Kg,34,49,41
Onion Dry (Indian),2023-09-18,Kg,44,71,57
Carrot(Local),2023-09-18,Kg,70,99,84
Cabbage(Local),2023-09-18,Kg,25,39,32
Cauliflower Local,2023-09-18,Kg,37,61,49
Raddish White(Local),2023-09-18,Kg,15,27,21
Brinjal Long,2023-09-18,Kg,33,50,41
Cow pea(Long),2023-09-18,Kg,61,76,68
Green Peas,2023-09-18,Kg,89,128,108
French Bean(Local),2023-09-18,Kg,50,77,63
Bitter Gourd,2023-09-18,Kg,67,107,87
Bottle Gourd,2023-09-18,Kg,30,52,41
Pointed Gourd(Local),2023-09-18,Kg,43,73,58
Snake Gourd,2023-09-18,Kg,39,61,50
Sponge Gourd,2023-09-18,Kg,52,72,62
Pumpkin,2023-09-18,Kg,26,44,35
Squash(Long),2023-09-18,Kg,34,55,44
Okra,2023-09-18,Kg,51,76,63
Arum,2023-09-18,Kg,50,68,59
Barela,2023-09-18,Kg,33,48,40
Radish Red,2023-09-18,Kg,24,37,30
Mushroom(Button),2023-09-18,Kg,269,384,326
Mushroom(Kanya),2023-09-18,Kg,112,161,136
Spinach Leaf,2023-09-18,Kg,77,108,92
Mustard Leaf,2023-09-18,Kg,34,47,40
Coriander,2023-09-18,Kg,123,199,161
Garlic Dry Nepali,2023-09-18,Kg,166,223,194
Garlic Dry Chinese,2023-09-18,Kg,210,275,242
Ginger,2023-09-18,Kg,128,172,150
Chilly Green,2023-09-18,Kg,67,105,86
Capsicum,2023-09-18,Kg,77,125,101
Cucumber(Local),2023-09-18,Kg,45,81,63
Apple(Jholey),2023-09-18,Kg,120,218,169
Banana,2023-09-18,Dozen,82,108,95
Pomegranate,2023-09-18,Kg,212,302,257
Orange(Nepali),2023-09-18,Kg,64,118,91
Papaya(Indian),2023-09-18,Kg,68,88,78
Tomato Big(Nepali),2023-09-19,Kg,30,49,39
Tomato Small(Local),2023-09-19,Kg,25,41,33
Potato Red,2023-09-19,Kg,39,57,48
Potato White,2023-09-19,Kg,32,44,38
Onion Dry (Indian),2023-09-19,Kg,45,72,58
Carrot(Local),2023-09-19,Kg,65,97,81
Cabbage(Local),2023-09-19,Kg,24,36,30
Cauliflower Local,2023-09-19,Kg,41,66,53
Raddish White(Local),2023-09-19,Kg,14,27,20
Brinjal Long,2023-09-19,Kg,38,55,46
Cow pea(Long),2023-09-19,Kg,60,79,69
Green Peas,2023-09-19,Kg,102,129,115
French Bean(Local),2023-09-19,Kg,50,72,61
Bitter Gourd,2023-09-19,Kg,69,102,85
Bottle Gourd,2023-09-19,Kg,33,53,43
Pointed Gourd(Local),2023-09-19,Kg,51,77,64
Snake Gourd,2023-09-19,Kg,43,57,50
Sponge Gourd,2023-09-19,Kg,51,78,64
Pumpkin,2023-09-19,Kg,27,38,32
Squash(Long),2023-09-19,Kg,35,54,44
Okra,2023-09-19,Kg,61,78,69
Arum,2023-09-19,Kg,49,69,59
Barela,2023-09-19,Kg,32,45,38
Radish Red,2023-09-19,Kg,22,40,31
Mushroom(Button),2023-09-19,Kg,268,347,307
Mushroom(Kanya),2023-09-19,Kg,114,177,145
Spinach Leaf,2023-09-19,Kg,73,105,89
Mustard Leaf,2023-09-19,Kg,32,54,43
Coriander,2023-09-19,Kg,130,216,173
Garlic Dry Nepali,2023-09-19,Kg,174,217,195
Garlic Dry Chinese,2023-09-19,Kg,200,280,240
Ginger,2023-09-19,Kg,117,173,145
Chilly Green,2023-09-19,Kg,65,108,86
Capsicum,2023-09-19,Kg,73,122,97
Cucumber(Local),2023-09-19,Kg,44,74,59
Apple(Jholey),2023-09-19,Kg,127,206,166
Banana,2023-09-19,Dozen,88,122,105
Pomegranate,2023-09-19,Kg,188,319,253
Orange(Nepali),2023-09-19,Kg,66,108,87
Papaya(Indian),2023-09-19,Kg,69,97,83
Tomato Big(Nepali),2023-09-20,Kg,33,46,39
Tomato Small(Local),2023-09-20,Kg,23,44,33
Potato Red,2023-09-20,Kg,43,57,50
Potato White,2023-09-20,Kg,29,49,39
Onion Dry (Indian),2023-09-20,Kg,47,75,61
Carrot(Local),2023-09-20,Kg,62,88,75
Cabbage(Local),2023-09-20,Kg,24,40,32
Cauliflower Local,2023-09-20,Kg,39,73,56
Raddish White(Local),2023-09-20,Kg,14,26,20
Brinjal Long,2023-09-20,Kg,39,58,48
Cow pea(Long),2023-09-20,Kg,57,76,66
Green Peas,2023-09-20,Kg,91,115,103
French Bean(Local),2023-09-20,Kg,50,78,64
Bitter Gourd,2023-09-20,Kg,61,110,85
Bottle Gourd,2023-09-20,Kg,29,55,42
Pointed Gourd(Local),2023-09-20,Kg,47,80,63
Snake Gourd,2023-09-20,Kg,42,54,48
Sponge Gourd,2023-09-20,Kg,45,72,58
Pumpkin,2023-09-20,Kg,30,41,35
Squash(Long),2023-09-20,Kg,31,51,41
Okra,2023-09-20,Kg,59,80,69
Arum,2023-09-20,Kg,46,64,55
Barela,2023-09-20,Kg,33,43,38
Radish Red,2023-09-20,Kg,26,35,30
Mushroom(Button),2023-09-20,Kg,300,351,325
Mushroom(Kanya),2023-09-20,Kg,129,180,154
Spinach Leaf,2023-09-20,Kg,79,106,92
Mustard Leaf,2023-09-20,Kg,31,50,40
Coriander,2023-09-20,Kg,114,210,162
Garlic Dry Nepali,2023-09-20,Kg,169,214,191
Garlic Dry Chinese,2023-09-20,Kg,193,259,226
Ginger,2023-09-20,Kg,128,189,158
Chilly Green,2023-09-20,Kg,65,96,80
Capsicum,2023-09-20,Kg,85,114,99
Cucumber(Local),2023-09-20,Kg,48,82,65
Apple(Jholey),2023-09-20,Kg,119,207,163
Banana,2023-09-20,Dozen,80,124,102
Pomegranate,2023-09-20,Kg,181,280,230
Orange(Nepali),2023-09-20,Kg,70,108,89
Papaya(Indian),2023-09-20,Kg,70,93,81
Tomato Big(Nepali),2023-09-21,Kg,33,51,42
Tomato Small(Local),2023-09-21,Kg,22,44,33
Potato Red,2023-09-21,Kg,36,59,47
Potato White,2023-09-21,Kg,31,49,40
Onion Dry (Indian),2023-09-21,Kg,49,80,64
Carrot(Local),2023-09-21,Kg,61,89,75
Cabbage(Local),2023-09-21,Kg,24,38,31
Cauliflower Local,2023-09-21,Kg,43,71,57
Raddish White(Local),2023-09-21,Kg,15,31,23
Brinjal Long,2023-09-21,Kg,38,51,44
Cow pea(Long),2023-09-21,Kg,58,89,73
Green Peas,2023-09-21,Kg,87,117,102
French Bean(Local),2023-09-21,Kg,47,71,59
Bitter Gourd,2023-09-21,Kg,68,100,84
Bottle Gourd,2023-09-21,Kg,34,46,40
Pointed Gourd(Local),2023-09-21,Kg,51,73,62
Snake Gourd,2023-09-21,Kg,40,62,51
Sponge Gourd,2023-09-21,Kg,43,76,59
Pumpkin,2023-09-21,Kg,28,43,35
Squash(Long),2023-09-21,Kg,33,46,39
Okra,2023-09-21,Kg,54,79,66
Arum,2023-09-21,Kg,47,72,59
Barela,2023-09-21,Kg,32,44,38
Radish Red,2023-09-21,Kg,25,36,30
Mushroom(Button),2023-09-21,Kg,287,353,320
Mushroom(Kanya),2023-09-21,Kg,131,184,157
Spinach Leaf,2023-09-21,Kg,71,100,85
Mustard Leaf,2023-09-21,Kg,35,48,41
Coriander,2023-09-21,Kg,115,195,155
Garlic Dry Nepali,2023-09-21,Kg,161,224,192
Garlic Dry Chinese,2023-09-21,Kg,196,269,232
Ginger,2023-09-21,Kg,128,172,150
Chilly Green,2023-09-21,Kg,67,108,87
Capsicum,2023-09-21,Kg,84,124,104
Cucumber(Local),2023-09-21,Kg,45,78,61
Apple(Jholey),2023-09-21,Kg,110,220,165
Banana,2023-09-21,Dozen,87,107,97
Pomegranate,2023-09-21,Kg,187,307,247
Orange(Nepali),2023-09-21,Kg,69,114,91
Papaya(Indian),2023-09-21,Kg,62,99,80
Tomato Big(Nepali),2023-09-22,Kg,35,53,44
Tomato Small(Local),2023-09-22,Kg,21,44,32
Potato Red,2023-09-22,Kg,38,58,48
Potato White,2023-09-22,Kg,35,46,40
Onion Dry (Indian),2023-09-22,Kg,48,75,61
Carrot(Local),2023-09-22,Kg,67,92,79
Cabbage(Local),2023-09-22,Kg,21,38,29
Cauliflower Local,2023-09-22,Kg,41,63,52
Raddish White(Local),2023-09-22,Kg,16,30,23
Brinjal Long,2023-09-22,Kg,36,52,44
Cow pea(Long),2023-09-22,Kg,61,83,72
Green Peas,2023-09-22,Kg,99,126,112
French Bean(Local),2023-09-22,Kg,43,77,60
Bitter Gourd,2023-09-22,Kg,67,94,80
Bottle Gourd,2023-09-22,Kg,33,52,42
Pointed Gourd(Local),2023-09-22,Kg,48,79,63
Snake Gourd,2023-09-22,Kg,39,55,47
Sponge Gourd,2023-09-22,Kg,52,66,59
Pumpkin,2023-09-22,Kg,27,40,33
Squash(Long),2023-09-22,Kg,32,48,40
Okra,2023-09-22,Kg,56,77,66
Arum,2023-09-22,Kg,44,70,57
Barela,2023-09-22,Kg,29,43,36
Radish Red,2023-09-22,Kg,25,34,29
Mushroom(Button),2023-09-22,Kg,265,376,320
Mushroom(Kanya),2023-09-22,Kg,126,162,144
Spinach Leaf,2023-09-22,Kg,72,103,87
Mustard Leaf,2023-09-22,Kg,30,48,39
Coriander,2023-09-22,Kg,132,202,167
Garlic Dry Nepali,2023-09-22,Kg,150,225,187
Garlic Dry Chinese,2023-09-22,Kg,183,256,219
Ginger,2023-09-22,Kg,117,169,143
Chilly Green,2023-09-22,Kg,63,92,77
Capsicum,2023-09-22,Kg,81,114,97
Cucumber(Local),2023-09-22,Kg,44,71,57
Apple(Jholey),2023-09-22,Kg,122,194,158
Banana,2023-09-22,Dozen,86,111,98
Pomegranate,2023-09-22,Kg,205,304,254
Orange(Nepali),2023-09-22,Kg,63,110,86
Papaya(Indian),2023-09-22,Kg,68,91,79
Tomato Big(Nepali),2023-09-23,Kg,30,50,40
Tomato Small(Local),2023-09-23,Kg,23,38,30
Potato Red,2023-09-23,Kg,40,56,48
Potato White,2023-09-23,Kg,32,43,37
Onion Dry (Indian),2023-09-23,Kg,48,82,65
Carrot(Local),2023-09-23,Kg,70,97,83
Cabbage(Local),2023-09-23,Kg,24,36,30
Cauliflower Local,2023-09-23,Kg,36,62,49
Raddish White(Local),2023-09-23,Kg,15,29,22
Brinjal Long,2023-09-23,Kg,34,50,42
Cow pea(Long),2023-09-23,Kg,60,76,68
Green Peas,2023-09-23,Kg,92,121,106
French Bean(Local),2023-09-23,Kg,51,72,61
Bitter Gourd,2023-09-23,Kg,68,94,81
Bottle Gourd,2023-09-23,Kg,30,50,40
Pointed Gourd(Local),2023-09-23,Kg,51,71,61
Snake Gourd,2023-09-23,Kg,37,56,46
Sponge Gourd,2023-09-23,Kg,45,76,60
Pumpkin,2023-09-23,Kg,26,39,32
Squash(Long),2023-09-23,Kg,33,52,42
Okra,2023-09-23,Kg,51,70,60
Arum,2023-09-23,Kg,49,72,60
Barela,2023-09-23,Kg,32,43,37
Radish Red,2023-09-23,Kg,25,35,30
Mushroom(Button),2023-09-23,Kg,276,371,323
Mushroom(Kanya),2023-09-23,Kg,113,153,133
Spinach Leaf,2023-09-23,Kg,78,103,90
Mustard Leaf,2023-09-23,Kg,33,48,40
Coriander,2023-09-23,Kg,131,220,175
Garlic Dry Nepali,2023-09-23,Kg,156,233,194
Garlic Dry Chinese,2023-09-23,Kg,203,271,237
Ginger,2023-09-23,Kg,132,189,160
Chilly Green,2023-09-23,Kg,62,92,77
Capsicum,2023-09-23,Kg,83,116,99
Cucumber(Local),2023-09-23,Kg,46,73,59
Apple(Jholey),2023-09-23,Kg,112,214,163
Banana,2023-09-23,Dozen,84,107,95
Pomegranate,2023-09-23,Kg,205,305,255
Orange(Nepali),2023-09-23,Kg,66,118,92
Papaya(Indian),2023-09-23,Kg,70,91,80
Tomato Big(Nepali),2023-09-24,Kg,32,46,39
Tomato Small(Local),2023-09-24,Kg,22,39,30
Potato Red,2023-09-24,Kg,36,59,47
Potato White,2023-09-24,Kg,32,44,38
Onion Dry (Indian),2023-09-24,Kg,47,81,64
Carrot(Local),2023-09-24,Kg,65,93,79
Cabbage(Local),2023-09-24,Kg,25,40,32
Cauliflower Local,2023-09-24,Kg,38,61,49
Raddish White(Local),2023-09-24,Kg,17,28,22
Brinjal Long,2023-09-24,Kg,39,55,47
Cow pea(Long),2023-09-24,Kg,59,88,73
Green Peas,2023-09-24,Kg,92,136,114
French Bean(Local),2023-09-24,Kg,43,69,56
Bitter Gourd,2023-09-24,Kg,64,108,86
Bottle Gourd,2023-09-24,Kg,29,46,37
Pointed Gourd(Local),2023-09-24,Kg,44,82,63
Snake Gourd,2023-09-24,Kg,43,53,48
Sponge Gourd,2023-09-24,Kg,52,70,61
Pumpkin,2023-09-24,Kg,27,41,34
Squash(Long),2023-09-24,Kg,34,49,41
Okra,2023-09-24,Kg,56,75,65
Arum,2023-09-24,Kg,46,67,56
Barela,2023-09-24,Kg,29,48,38
Radish Red,2023-09-24,Kg,24,35,29
Mushroom(Button),2023-09-24,Kg,284,356,320
Mushroom(Kanya),2023-09-24,Kg,129,154,141
Spinach Leaf,2023-09-24,Kg,69,97,83
Mustard Leaf,2023-09-24,Kg,31,47,39
Coriander,2023-09-24,Kg,114,206,160
Garlic Dry Nepali,2023-09-24,Kg,144,246,195
Garlic Dry Chinese,2023-09-24,Kg,209,291,250
Ginger,2023-09-24,Kg,118,178,148
Chilly Green,2023-09-24,Kg,63,93,78
Capsicum,2023-09-24,Kg,86,112,99
Cucumber(Local),2023-09-24,Kg,50,70,60
Apple(Jholey),2023-09-24,Kg,119,213,166
Banana,2023-09-24,Dozen,79,112,95
Pomegranate,2023-09-24,Kg,187,314,250
Orange(Nepali),2023-09-24,Kg,61,105,83
Papaya(Indian),2023-09-24,Kg,67,88,77
Tomato Big(Nepali),2023-09-25,Kg,31,53,42
Tomato Small(Local),2023-09-25,Kg,23,43,33
Potato Red,2023-09-25,Kg,38,53,45
Potato White,2023-09-25,Kg,33,48,40
Onion Dry (Indian),2023-09-25,Kg,47,81,64
Carrot(Local),2023-09-25,Kg,61,90,75
Cabbage(Local),2023-09-25,Kg,23,36,29
Cauliflower Local,2023-09-25,Kg,42,61,51
Raddish White(Local),2023-09-25,Kg,16,28,22
Brinjal Long,2023-09-25,Kg,36,56,46
Cow pea(Long),2023-09-25,Kg,52,90,71
Green Peas,2023-09-25,Kg,96,119,107
French Bean(Local),2023-09-25,Kg,52,75,63
Bitter Gourd,2023-09-25,Kg,58,96,77
Bottle Gourd,2023-09-25,Kg,32,54,43
Pointed Gourd(Local),2023-09-25,Kg,44,78,61
Snake Gourd,2023-09-25,Kg,39,62,50
Sponge Gourd,2023-09-25,Kg,49,71,60
Pumpkin,2023-09-25,Kg,28,41,34
Squash(Long),2023-09-25,Kg,32,48,40
Okra,2023-09-25,Kg,52,82,67
Arum,2023-09-25,Kg,50,68,59
Barela,2023-09-25,Kg,34,47,40
Radish Red,2023-09-25,Kg,25,34,29
Mushroom(Button),2023-09-25,Kg,275,368,321
Mushroom(Kanya),2023-09-25,Kg,123,165,144
Spinach Leaf,2023-09-25,Kg,69,106,87
Mustard Leaf,2023-09-25,Kg,32,53,42
Coriander,2023-09-25,Kg,123,198,160
Garlic Dry Nepali,2023-09-25,Kg,161,213,187
Garlic Dry Chinese,2023-09-25,Kg,208,269,238
Ginger,2023-09-25,Kg,120,200,160
Chilly Green,2023-09-25,Kg,69,99,84
Capsicum,2023-09-25,Kg,82,122,102
Cucumber(Local),2023-09-25,Kg,48,70,59
Apple(Jholey),2023-09-25,Kg,125,203,164
Banana,2023-09-25,Dozen,87,124,105
Pomegranate,2023-09-25,Kg,216,272,244
Orange(Nepali),2023-09-25,Kg,64,99,81
Papaya(Indian),2023-09-25,Kg,65,84,74
Tomato Big(Nepali),2023-09-26,Kg,30,50,40
Tomato Small(Local),2023-09-26,Kg,24,45,34
Potato Red,2023-09-26,Kg,43,53,48
Potato White,2023-09-26,Kg,31,43,37
Onion Dry (Indian),2023-09-26,Kg,50,82,66
Carrot(Local),2023-09-26,Kg,67,92,79
Cabbage(Local),2023-09-26,Kg,22,36,29
Cauliflower Local,2023-09-26,Kg,38,62,50
Raddish White(Local),2023-09-26,Kg,16,30,23
Brinjal Long,2023-09-26,Kg,37,56,46
Cow pea(Long),2023-09-26,Kg,60,82,71
Green Peas,2023-09-26,Kg,101,128,114
French Bean(Local),2023-09-26,Kg,51,67,59
Bitter Gourd,2023-09-26,Kg,63,95,79
Bottle Gourd,2023-09-26,Kg,32,49,40
Pointed Gourd(Local),2023-09-26,Kg,52,81,66
Snake Gourd,2023-09-26,Kg,43,55,49
Sponge Gourd,2023-09-26,Kg,49,73,61
Pumpkin,2023-09-26,Kg,26,45,35
Squash(Long),2023-09-26,Kg,29,51,40
Okra,2023-09-26,Kg,60,71,65
Arum,2023-09-26,Kg,48,70,59
Barela,2023-09-26,Kg,30,42,36
Radish Red,2023-09-26,Kg,25,35,30
Mushroom(Button),2023-09-26,Kg,307,403,355
Mushroom(Kanya),2023-09-26,Kg,112,172,142
Spinach Leaf,2023-09-26,Kg,72,92,82
Mustard Leaf,2023-09-26,Kg,31,53,42
Coriander,2023-09-26,Kg,111,216,163
Garlic Dry Nepali,2023-09-26,Kg,170,220,195
Garlic Dry Chinese,2023-09-26,Kg,213,274,243
Ginger,2023-09-26,Kg,112,202,157
Chilly Green,2023-09-26,Kg,61,91,76
Capsicum,2023-09-26,Kg,86,120,103
Cucumber(Local),2023-09-26,Kg,45,81,63
Apple(Jholey),2023-09-26,Kg,118,218,168
Banana,2023-09-26,Dozen,86,109,97
Pomegranate,2023-09-26,Kg,215,307,261
Orange(Nepali),2023-09-26,Kg,63,108,85
Papaya(Indian),2023-09-26,Kg,68,87,77
Tomato Big(Nepali),2023-09-27,Kg,29,54,41
Tomato Small(Local),2023-09-27,Kg,26,45,35
Potato Red,2023-09-27,Kg,38,56,47
Potato White,2023-09-27,Kg,29,48,38
Onion Dry (Indian),2023-09-27,Kg,43,79,61
Carrot(Local),2023-09-27,Kg,58,89,73
Cabbage(Local),2023-09-27,Kg,22,38,30
Cauliflower Local,2023-09-27,Kg,43,66,54
Raddish White(Local),2023-09-27,Kg,16,26,21
Brinjal Long,2023-09-27,Kg,34,59,46
Cow pea(Long),2023-09-27,Kg,61,85,73
Green Peas,2023-09-27,Kg,101,116,108
French Bean(Local),2023-09-27,Kg,52,77,64
Bitter Gourd,2023-09-27,Kg,67,99,83
Bottle Gourd,2023-09-27,Kg,32,46,39
Pointed Gourd(Local),2023-09-27,Kg,51,80,65
Snake Gourd,2023-09-27,Kg,42,59,50
Sponge Gourd,2023-09-27,Kg,50,75,62
Pumpkin,2023-09-27,Kg,28,41,34
Squash(Long),2023-09-27,Kg,33,47,40
Okra,2023-09-27,Kg,57,81,69
Arum,2023-09-27,Kg,46,65,55
Barela,2023-09-27,Kg,30,44,37
Radish Red,2023-09-27,Kg,21,38,29
Mushroom(Button),2023-09-27,Kg,277,402,339
Mushroom(Kanya),2023-09-27,Kg,118,173,145
Spinach Leaf,2023-09-27,Kg,74,99,86
Mustard Leaf,2023-09-27,Kg,32,50,41
Coriander,2023-09-27,Kg,126,228,177
Garlic Dry Nepali,2023-09-27,Kg,151,221,186
Garlic Dry Chinese,2023-09-27,Kg,209,264,236
Ginger,2023-09-27,Kg,118,190,154
Chilly Green,2023-09-27,Kg,58,107,82
Capsicum,2023-09-27,Kg,81,122,101
Cucumber(Local),2023-09-27,Kg,50,71,60
Apple(Jholey),2023-09-27,Kg,119,229,174
Banana,2023-09-27,Dozen,78,112,95
Pomegranate,2023-09-27,Kg,181,303,242
Orange(Nepali),2023-09-27,Kg,68,107,87
Papaya(Indian),2023-09-27,Kg,62,100,81
Tomato Big(Nepali),2023-09-28,Kg,30,50,40
Tomato Small(Local),2023-09-28,Kg,26,43,34
Potato Red,2023-09-28,Kg,38,54,46
Potato White,2023-09-28,Kg,31,48,39
Onion Dry (Indian),2023-09-28,Kg,49,76,62
Carrot(Local),2023-09-28,Kg,61,99,80
Cabbage(Local),2023-09-28,Kg,22,35,28
Cauliflower Local,2023-09-28,Kg,37,63,50
Raddish White(Local),2023-09-28,Kg,17,28,22
Brinjal Long,2023-09-28,Kg,38,56,47
Cow pea(Long),2023-09-28,Kg,55,89,72
Green Peas,2023-09-28,Kg,97,117,107
French Bean(Local),2023-09-28,Kg,51,78,64
Bitter Gourd,2023-09-28,Kg,66,100,83
Bottle Gourd,2023-09-28,Kg,33,48,40
Pointed Gourd(Local),2023-09-28,Kg,48,82,65
Snake Gourd,2023-09-28,Kg,41,54,47
Sponge Gourd,2023-09-28,Kg,43,72,57
Pumpkin,2023-09-28,Kg,29,39,34
Squash(Long),2023-09-28,Kg,29,49,39
Okra,2023-09-28,Kg,60,78,69
Arum,2023-09-28,Kg,51,65,58
Barela,2023-09-28,Kg,29,44,36
Radish Red,2023-09-28,Kg,24,39,31
Mushroom(Button),2023-09-28,Kg,276,352,314
Mushroom(Kanya),2023-09-28,Kg,115,159,137
Spinach Leaf,2023-09-28,Kg,67,108,87
Mustard Leaf,2023-09-28,Kg,30,49,39
Coriander,2023-09-28,Kg,123,216,169
Garlic Dry Nepali,2023-09-28,Kg,156,224,190
Garlic Dry Chinese,2023-09-28,Kg,189,273,231
Ginger,2023-09-28,Kg,131,169,150
Chilly Green,2023-09-28,Kg,68,102,85
Capsicum,2023-09-28,Kg,86,122,104
Cucumber(Local),2023-09-28,Kg,49,72,60
Apple(Jholey),2023-09-28,Kg,115,203,159
Banana,2023-09-28,Dozen,84,128,106
Pomegranate,2023-09-28,Kg,186,306,246
Orange(Nepali),2023-09-28,Kg,63,108,85
Papaya(Indian),2023-09-28,Kg,61,92,76
Tomato Big(Nepali),2023-09-29,Kg,33,49,41
Tomato Small(Local),2023-09-29,Kg,26,38,32
Potato Red,2023-09-29,Kg,41,62,51
Potato White,2023-09-29,Kg,31,45,38
Onion Dry (Indian),2023-09-29,Kg,45,72,58
Carrot(Local),2023-09-29,Kg,69,95,82
Cabbage(Local),2023-09-29,Kg,22,34,28
Cauliflower Local,2023-09-29,Kg,42,60,51
Raddish White(Local),2023-09-29,Kg,16,29,22
Brinjal Long,2023-09-29,Kg,32,58,45
Cow pea(Long),2023-09-29,Kg,56,90,73
Green Peas,2023-09-29,Kg,91,124,107
French Bean(Local),2023-09-29,Kg,52,68,60
Bitter Gourd,2023-09-29,Kg,59,105,82
Bottle Gourd,2023-09-29,Kg,33,49,41
Pointed Gourd(Local),2023-09-29,Kg,50,69,59
Snake Gourd,2023-09-29,Kg,39,56,47
Sponge Gourd,2023-09-29,Kg,45,71,58
Pumpkin,2023-09-29,Kg,28,44,36
Squash(Long),2023-09-29,Kg,34,54,44
Okra,2023-09-29,Kg,57,74,65
Arum,2023-09-29,Kg,47,68,57
Barela,2023-09-29,Kg,32,44,38
Radish Red,2023-09-29,Kg,26,39,32
Mushroom(Button),2023-09-29,Kg,307,353,330
Mushroom(Kanya),2023-09-29,Kg,125,160,142
Spinach Leaf,2023-09-29,Kg,75,108,91
Mustard Leaf,2023-09-29,Kg,34,48,41
Coriander,2023-09-29,Kg,129,199,164
Garlic Dry Nepali,2023-09-29,Kg,173,226,199
Garlic Dry Chinese,2023-09-29,Kg,212,280,246
Ginger,2023-09-29,Kg,124,177,150
Chilly Green,2023-09-29,Kg,59,109,84
Capsicum,2023-09-29,Kg,80,128,104
Cucumber(Local),2023-09-29,Kg,48,81,64
Apple(Jholey),2023-09-29,Kg,124,195,159
Banana,2023-09-29,Dozen,84,125,104
Pomegranate,2023-09-29,Kg,196,313,254
Orange(Nepali),2023-09-29,Kg,66,110,88
Papaya(Indian),2023-09-29,Kg,63,97,80
Tomato Big(Nepali),2023-09-30,Kg,33,51,42
Tomato Small(Local),2023-09-30,Kg,25,41,33
Potato Red,2023-09-30,Kg,38,59,48
Potato White,2023-09-30,Kg,29,44,36
Onion Dry (Indian),2023-09-30,Kg,49,73,61
Carrot(Local),2023-09-30,Kg,58,99,78
Cabbage(Local),2023-09-30,Kg,24,40,32
Cauliflower Local,2023-09-30,Kg,40,61,50
Raddish White(Local),2023-09-30,Kg,17,30,23
Brinjal Long,2023-09-30,Kg,34,53,43
Cow pea(Long),2023-09-30,Kg,50,87,68
Green Peas,2023-09-30,Kg,95,117,106
French Bean(Local),2023-09-30,Kg,43,71,57
Bitter Gourd,2023-09-30,Kg,69,94,81
Bottle Gourd,2023-09-30,Kg,33,49,41
Pointed Gourd(Local),2023-09-30,Kg,47,70,58
Snake Gourd,2023-09-30,Kg,43,56,49
Sponge Gourd,2023-09-30,Kg,52,66,59
Pumpkin,2023-09-30,Kg,26,39,32
Squash(Long),2023-09-30,Kg,30,49,39
Okra,2023-09-30,Kg,55,74,64
Arum,2023-09-30,Kg,45,71,58
Barela,2023-09-30,Kg,32,46,39
Radish Red,2023-09-30,Kg,25,37,31
Mushroom(Button),2023-09-30,Kg,305,363,334
Mushroom(Kanya),2023-09-30,Kg,122,160,141
Spinach Leaf,2023-09-30,Kg,66,100,83
Mustard Leaf,2023-09-30,Kg,33,50,41
Coriander,2023-09-30,Kg,122,206,164
Garlic Dry Nepali,2023-09-30,Kg,167,246,206
Garlic Dry Chinese,2023-09-30,Kg,193,255,224
Ginger,2023-09-30,Kg,116,173,144
Chilly Green,2023-09-30,Kg,68,99,83
Capsicum,2023-09-30,Kg,85,112,98
Cucumber(Local),2023-09-30,Kg,43,74,58
Apple(Jholey),2023-09-30,Kg,119,225,172
Banana,2023-09-30,Dozen,85,118,101
Pomegranate,2023-09-30,Kg,214,290,252
Orange(Nepali),2023-09-30,Kg,70,101,85
Papaya(Indian),2023-09-30,Kg,63,87,75
Tomato Big(Nepali),2023-10-01,Kg,32,54,43
Tomato Small(Local),2023-10-01,Kg,26,39,32
Potato Red,2023-10-01,Kg,37,64,50
Potato White,2023-10-01,Kg,29,43,36
Onion Dry (Indian),2023-10-01,Kg,51,78,64
Carrot(Local),2023-10-01,Kg,58,89,73
Cabbage(Local),2023-10-01,Kg,24,34,29
Cauliflower Local,2023-10-01,Kg,39,67,53
Raddish White(Local),2023-10-01,Kg,15,28,21
Brinjal Long,2023-10-01,Kg,37,51,44
Cow pea(Long),2023-10-01,Kg,60,79,69
Green Peas,2023-10-01,Kg,100,124,112
French Bean(Local),2023-10-01,Kg,50,73,61
Bitter Gourd,2023-10-01,Kg,63,93,78
Bottle Gourd,2023-10-01,Kg,33,53,43
Pointed Gourd(Local),2023-10-01,Kg,47,74,60
Snake Gourd,2023-10-01,Kg,38,64,51
Sponge Gourd,2023-10-01,Kg,46,71,58
Pumpkin,2023-10-01,Kg,27,38,32
Squash(Long),2023-10-01,Kg,32,50,41
Okra,2023-10-01,Kg,59,79,69
Arum,2023-10-01,Kg,44,71,57
Barela,2023-10-01,Kg,30,45,37
Radish Red,2023-10-01,Kg,24,34,29
Mushroom(Button),2023-10-01,Kg,301,353,327
Mushroom(Kanya),2023-10-01,Kg,127,183,155
Spinach Leaf,2023-10-01,Kg,65,99,82
Mustard Leaf,2023-10-01,Kg,32,55,43
Coriander,2023-10-01,Kg,117,200,158
Garlic Dry Nepali,2023-10-01,Kg,159,255,207
Garlic Dry Chinese,2023-10-01,Kg,215,264,239
Ginger,2023-10-01,Kg,122,186,154
Chilly Green,2023-10-01,Kg,64,92,78
Capsicum,2023-10-01,Kg,75,120,97
Cucumber(Local),2023-10-01,Kg,48,74,61
Apple(Jholey),2023-10-01,Kg,112,218,165
Banana,2023-10-01,Dozen,85,126,105
Pomegranate,2023-10-01,Kg,214,307,260
Orange(Nepali),2023-10-01,Kg,65,117,91
Papaya(Indian),2023-10-01,Kg,62,88,75
Tomato Big(Nepali),2023-10-02,Kg,33,49,41
Tomato Small(Local),2023-10-02,Kg,23,41,32
Potato Red,2023-10-02,Kg,41,53,47
Potato White,2023-10-02,Kg,30,42,36
Onion Dry (Indian),2023-10-02,Kg,46,68,57
Carrot(Local),2023-10-02,Kg,64,97,80
Cabbage(Local),2023-10-02,Kg,23,35,29
Cauliflower Local,2023-10-02,Kg,37,69,53
Raddish White(Local),2023-10-02,Kg,16,31,23
Brinjal Long,2023-10-02,Kg,34,49,41
Cow pea(Long),2023-10-02,Kg,53,89,71
Green Peas,2023-10-02,Kg,93,136,114
French Bean(Local),2023-10-02,Kg,45,76,60
Bitter Gourd,2023-10-02,Kg,70,100,85
Bottle Gourd,2023-10-02,Kg,34,45,39
Pointed Gourd(Local),2023-10-02,Kg,50,69,59
Snake Gourd,2023-10-02,Kg,37,63,50
Sponge Gourd,2023-10-02,Kg,48,76,62
Pumpkin,2023-10-02,Kg,25,40,32
Squash(Long),2023-10-02,Kg,33,46,39
Okra,2023-10-02,Kg,52,73,62
Arum,2023-10-02,Kg,50,72,61
Barela,2023-10-02,Kg,30,43,36
Radish Red,2023-10-02,Kg,23,34,28
Mushroom(Button),2023-10-02,Kg,271,354,312
Mushroom(Kanya),2023-10-02,Kg,110,159,134
Spinach Leaf,2023-10-02,Kg,68,91,79
Mustard Leaf,2023-10-02,Kg,30,50,40
Coriander,2023-10-02,Kg,127,192,159
Garlic Dry Nepali,2023-10-02,Kg,149,254,201
Garlic Dry Chinese,2023-10-02,Kg,205,243,224
Ginger,2023-10-02,Kg,119,168,143
Chilly Green,2023-10-02,Kg,59,95,77
Capsicum,2023-10-02,Kg,74,114,94
Cucumber(Local),2023-10-02,Kg,52,69,60
Apple(Jholey),2023-10-02,Kg,128,228,178
Banana,2023-10-02,Dozen,76,120,98
Pomegranate,2023-10-02,Kg,212,266,239
Orange(Nepali),2023-10-02,Kg,62,118,90
Papaya(Indian),2023-10-02,Kg,65,99,82
Tomato Big(Nepali),2023-10-03,Kg,31,54,42
Tomato Small(Local),2023-10-03,Kg,21,43,32
Potato Red,2023-10-03,Kg,42,54,48
Potato White,2023-10-03,Kg,33,43,38
Onion Dry (Indian),2023-10-03,Kg,46,71,58
Carrot(Local),2023-10-03,Kg,70,85,77
Cabbage(Local),2023-10-03,Kg,24,36,30
Cauliflower Local,2023-10-03,Kg,36,69,52
Raddish White(Local),2023-10-03,Kg,15,27,21
Brinjal Long,2023-10-03,Kg,36,49,42
Cow pea(Long),2023-10-03,Kg,51,89,70
Green Peas,2023-10-03,Kg,101,125,113
French Bean(Local),2023-10-03,Kg,50,75,62
Bitter Gourd,2023-10-03,Kg,65,97,81
Bottle Gourd,2023-10-03,Kg,33,47,40
Pointed Gourd(Local),2023-10-03,Kg,52,75,63
Snake Gourd,2023-10-03,Kg,39,63,51
Sponge Gourd,2023-10-03,Kg,47,66,56
Pumpkin,2023-10-03,Kg,27,39,33
Squash(Long),2023-10-03,Kg,30,52,41
Okra,2023-10-03,Kg,60,69,64
Arum,2023-10-03,Kg,48,72,60
Barela,2023-10-03,Kg,33,48,40
Radish Red,2023-10-03,Kg,21,36,28
Mushroom(Button),2023-10-03,Kg,276,395,335
Mushroom(Kanya),2023-10-03,Kg,112,153,132
Spinach Leaf,2023-10-03,Kg,79,108,93
Mustard Leaf,2023-10-03,Kg,33,49,41
Coriander,2023-10-03,Kg,117,212,164
Garlic Dry Nepali,2023-10-03,Kg,153,233,193
Garlic Dry Chinese,2023-10-03,Kg,207,283,245
Ginger,2023-10-03,Kg,131,171,151
Chilly Green,2023-10-03,Kg,64,104,84
Capsicum,2023-10-03,Kg,79,107,93
Cucumber(Local),2023-10-03,Kg,44,73,58
Apple(Jholey),2023-10-03,Kg,124,224,174
Banana,2023-10-03,Dozen,74,113,93
Pomegranate,2023-10-03,Kg,194,277,235
Orange(Nepali),2023-10-03,Kg,60,103,81
Papaya(Indian),2023-10-03,Kg,68,96,82
Tomato Big(Nepali),2023-10-04,Kg,29,49,39
Tomato Small(Local),2023-10-04,Kg,23,38,30
Potato Red,2023-10-04,Kg,43,61,52
Potato White,2023-10-04,Kg,34,42,38
Onion Dry (Indian),2023-10-04,Kg,50,68,59
Carrot(Local),2023-10-04,Kg,64,100,82
Cabbage(Local),2023-10-04,Kg,24,37,30
Cauliflower Local,2023-10-04,Kg,40,64,52
Raddish White(Local),2023-10-04,Kg,16,32,24
Brinjal Long,2023-10-04,Kg,33,55,44
Cow pea(Long),2023-10-04,Kg,53,79,66
Green Peas,2023-10-04,Kg,101,129,115
French Bean(Local),2023-10-04,Kg,47,71,59
Bitter Gourd,2023-10-04,Kg,69,107,88
Bottle Gourd,2023-10-04,Kg,32,47,39
Pointed Gourd(Local),2023-10-04,Kg,51,73,62
Snake Gourd,2023-10-04,Kg,38,59,48
Sponge Gourd,2023-10-04,Kg,44,66,55
Pumpkin,2023-10-04,Kg,28,42,35
Squash(Long),2023-10-04,Kg,31,49,40
Okra,2023-10-04,Kg,60,71,65
Arum,2023-10-04,Kg,47,62,54
Barela,2023-10-04,Kg,31,42,36
Radish Red,2023-10-04,Kg,22,37,29
Mushroom(Button),2023-10-04,Kg,280,406,343
Mushroom(Kanya),2023-10-04,Kg,122,162,142
Spinach Leaf,2023-10-04,Kg,73,95,84
Mustard Leaf,2023-10-04,Kg,29,45,37
Coriander,2023-10-04,Kg,123,190,156
Garlic Dry Nepali,2023-10-04,Kg,174,225,199
Garlic Dry Chinese,2023-10-04,Kg,191,276,233
Ginger,2023-10-04,Kg,121,188,154
Chilly Green,2023-10-04,Kg,66,108,87
Capsicum,2023-10-04,Kg,87,123,105
Cucumber(Local),2023-10-04,Kg,51,71,61
Apple(Jholey),2023-10-04,Kg,122,195,158
Banana,2023-10-04,Dozen,73,118,95
Pomegranate,2023-10-04,Kg,199,318,258
Orange(Nepali),2023-10-04,Kg,62,108,85
Papaya(Indian),2023-10-04,Kg,61,87,74
Tomato Big(Nepali),2023-10-05,Kg,31,55,43
Tomato Small(Local),2023-10-05,Kg,21,45,33
Potato Red,2023-10-05,Kg,43,60,51
Potato White,2023-10-05,Kg,31,49,40
Onion Dry (Indian),2023-10-05,Kg,50,74,62
Carrot(Local),2023-10-05,Kg,67,97,82
Cabbage(Local),2023-10-05,Kg,21,40,30
Cauliflower Local,2023-10-05,Kg,39,70,54
Raddish White(Local),2023-10-05,Kg,16,27,21
Brinjal Long,2023-10-05,Kg,37,51,44
Cow pea(Long),2023-10-05,Kg,60,83,71
Green Peas,2023-10-05,Kg,97,123,110
French Bean(Local),2023-10-05,Kg,51,67,59
Bitter Gourd,2023-10-05,Kg,67,103,85
Bottle Gourd,2023-10-05,Kg,32,49,40
Pointed Gourd(Local),2023-10-05,Kg,50,70,60
Snake Gourd,2023-10-05,Kg,43,62,52
Sponge Gourd,2023-10-05,Kg,46,75,60
Pumpkin,2023-10-05,Kg,26,41,33
Squash(Long),2023-10-05,Kg,34,47,40
Okra,2023-10-05,Kg,50,75,62
Arum,2023-10-05,Kg,45,73,59
Barela,2023-10-05,Kg,32,46,39
Radish Red,2023-10-05,Kg,25,40,32
Mushroom(Button),2023-10-05,Kg,278,370,324
Mushroom(Kanya),2023-10-05,Kg,125,158,141
Spinach Leaf,2023-10-05,Kg,67,92,79
Mustard Leaf,2023-10-05,Kg,31,52,41
Coriander,2023-10-05,Kg,120,215,167
Garlic Dry Nepali,2023-10-05,Kg,165,246,205
Garlic Dry Chinese,2023-10-05,Kg,186,287,236
Ginger,2023-10-05,Kg,130,182,156
Chilly Green,2023-10-05,Kg,63,98,80
Capsicum,2023-10-05,Kg,81,108,94
Cucumber(Local),2023-10-05,Kg,45,73,59
Apple(Jholey),2023-10-05,Kg,121,211,166
Banana,2023-10-05,Dozen,79,111,95
Pomegranate,2023-10-05,Kg,181,302,241
Orange(Nepali),2023-10-05,Kg,64,104,84
Papaya(Indian),2023-10-05,Kg,62,86,74
Tomato Big(Nepali),2023-10-06,Kg,33,52,42
Tomato Small(Local),2023-10-06,Kg,23,42,32
Potato Red,2023-10-06,Kg,39,57,48
Potato White,2023-10-06,Kg,29,48,38
Onion Dry (Indian),2023-10-06,Kg,47,77,62
Carrot(Local),2023-10-06,Kg,60,93,76
Cabbage(Local),2023-10-06,Kg,25,38,31
Cauliflower Local,2023-10-06,Kg,37,68,52
Raddish White(Local),2023-10-06,Kg,15,30,22
Brinjal Long,2023-10-06,Kg,33,51,42
Cow pea(Long),2023-10-06,Kg,53,90,71
Green Peas,2023-10-06,Kg,102,132,117
French Bean(Local),2023-10-06,Kg,48,76,62
Bitter Gourd,2023-10-06,Kg,61,104,82
Bottle Gourd,2023-10-06,Kg,30,46,38
Pointed Gourd(Local),2023-10-06,Kg,43,73,58
Snake Gourd,2023-10-06,Kg,39,54,46
Sponge Gourd,2023-10-06,Kg,50,66,58
Pumpkin,2023-10-06,Kg,25,41,33
Squash(Long),2023-10-06,Kg,33,49,41
Okra,2023-10-06,Kg,53,76,64
Arum,2023-10-06,Kg,51,60,55
Barela,2023-10-06,Kg,31,43,37
Radish Red,2023-10-06,Kg,25,34,29
Mushroom(Button),2023-10-06,Kg,261,369,315
Mushroom(Kanya),2023-10-06,Kg,118,177,147
Spinach Leaf,2023-10-06,Kg,75,106,90
Mustard Leaf,2023-10-06,Kg,32,52,42
Coriander,2023-10-06,Kg,112,213,162
Garlic Dry Nepali,2023-10-06,Kg,171,235,203
Garlic Dry Chinese,2023-10-06,Kg,208,245,226
Ginger,2023-10-06,Kg,117,178,147
Chilly Green,2023-10-06,Kg,59,100,79
Capsicum,2023-10-06,Kg,86,110,98
Cucumber(Local),2023-10-06,Kg,51,69,60
Apple(Jholey),2023-10-06,Kg,110,192,151
Banana,2023-10-06,Dozen,78,111,94
Pomegranate,2023-10-06,Kg,186,320,253
Orange(Nepali),2023-10-06,Kg,59,117,88
Papaya(Indian),2023-10-06,Kg,61,85,73
Tomato Big(Nepali),2023-10-07,Kg,34,46,40
Tomato Small(Local),2023-10-07,Kg,22,39,30
Potato Red,2023-10-07,Kg,43,60,51
Potato White,2023-10-07,Kg,29,43,36
Onion Dry (Indian),2023-10-07,Kg,45,70,57
Carrot(Local),2023-10-07,Kg,67,94,80
Cabbage(Local),2023-10-07,Kg,21,37,29
Cauliflower Local,2023-10-07,Kg,38,61,49
Raddish White(Local),2023-10-07,Kg,16,27,21
Brinjal Long,2023-10-07,Kg,39,57,48
Cow pea(Long),2023-10-07,Kg,59,87,73
Green Peas,2023-10-07,Kg,89,124,106
French Bean(Local),2023-10-07,Kg,51,68,59
Bitter Gourd,2023-10-07,Kg,65,93,79
Bottle Gourd,2023-10-07,Kg,32,52,42
Pointed Gourd(Local),2023-10-07,Kg,47,80,63
Snake Gourd,2023-10-07,Kg,40,55,47
Sponge Gourd,2023-10-07,Kg,48,76,62
Pumpkin,2023-10-07,Kg,27,43,35
Squash(Long),2023-10-07,Kg,33,49,41
Okra,2023-10-07,Kg,57,77,67
Arum,2023-10-07,Kg,48,69,58
Barela,2023-10-07,Kg,29,43,36
Radish Red,2023-10-07,Kg,24,38,31
Mushroom(Button),2023-10-07,Kg,275,401,338
Mushroom(Kanya),2023-10-07,Kg,113,163,138
Spinach Leaf,2023-10-07,Kg,67,95,81
Mustard Leaf,2023-10-07,Kg,34,53,43
Coriander,2023-10-07,Kg,114,230,172
Garlic Dry Nepali,2023-10-07,Kg,175,257,216
Garlic Dry Chinese,2023-10-07,Kg,204,265,234
Ginger,2023-10-07,Kg,127,174,150
Chilly Green,2023-10-07,Kg,65,96,80
Capsicum,2023-10-07,Kg,86,122,104
Cucumber(Local),2023-10-07,Kg,48,70,59
Apple(Jholey),2023-10-07,Kg,123,203,163
Banana,2023-10-07,Dozen,75,107,91
Pomegranate,2023-10-07,Kg,207,280,243
Orange(Nepali),2023-10-07,Kg,62,101,81
Papaya(Indian),2023-10-07,Kg,66,92,79
Tomato Big(Nepali),2023-10-08,Kg,34,48,41
Tomato Small(Local),2023-10-08,Kg,21,38,29
Potato Red,2023-10-08,Kg,40,62,51
Potato White,2023-10-08,Kg,31,47,39
Onion Dry (Indian),2023-10-08,Kg,45,69,57
Carrot(Local),2023-10-08,Kg,68,84,76
Cabbage(Local),2023-10-08,Kg,21,37,29
Cauliflower Local,2023-10-08,Kg,42,65,53
Raddish White(Local),2023-10-08,Kg,15,26,20
Brinjal Long,2023-10-08,Kg,38,59,48
Cow pea(Long),2023-10-08,Kg,57,80,68
Green Peas,2023-10-08,Kg,100,116,108
French Bean(Local),2023-10-08,Kg,49,73,61
Bitter Gourd,2023-10-08,Kg,67,104,85
Bottle Gourd,2023-10-08,Kg,31,51,41
Pointed Gourd(Local),2023-10-08,Kg,45,74,59
Snake Gourd,2023-10-08,Kg,37,62,49
Sponge Gourd,2023-10-08,Kg,51,65,58
Pumpkin,2023-10-08,Kg,26,40,33
Squash(Long),2023-10-08,Kg,30,53,41
Okra,2023-10-08,Kg,53,68,60
Arum,2023-10-08,Kg,50,68,59
Barela,2023-10-08,Kg,32,42,37
Radish Red,2023-10-08,Kg,26,38,32
Mushroom(Button),2023-10-08,Kg,274,342,308
Mushroom(Kanya),2023-10-08,Kg,110,163,136
Spinach Leaf,2023-10-08,Kg,79,104,91
Mustard Leaf,2023-10-08,Kg,35,48,41
Coriander,2023-10-08,Kg,116,215,165
Garlic Dry Nepali,2023-10-08,Kg,162,253,207
Garlic Dry Chinese,2023-10-08,Kg,204,252,228
Ginger,2023-10-08,Kg,111,200,155
Chilly Green,2023-10-08,Kg,66,93,79
Capsicum,2023-10-08,Kg,79,125,102
Cucumber(Local),2023-10-08,Kg,47,68,57
Apple(Jholey),2023-10-08,Kg,121,227,174
Banana,2023-10-08,Dozen,77,123,100
Pomegranate,2023-10-08,Kg,217,313,265
Orange(Nepali),2023-10-08,Kg,61,111,86
Papaya(Indian),2023-10-08,Kg,61,86,73
Tomato Big(Nepali),2023-10-09,Kg,33,49,41
Tomato Small(Local),2023-10-09,Kg,22,39,30
Potato Red,2023-10-09,Kg,38,54,46
Potato White,2023-10-09,Kg,31,45,38
Onion Dry (Indian),2023-10-09,Kg,44,74,59
Carrot(Local),2023-10-09,Kg,68,86,77
Cabbage(Local),2023-10-09,Kg,23,37,30
Cauliflower Local,2023-10-09,Kg,41,64,52
Raddish White(Local),2023-10-09,Kg,15,29,22
Brinjal Long,2023-10-09,Kg,34,55,44
Cow pea(Long),2023-10-09,Kg,52,77,64
Green Peas,2023-10-09,Kg,98,129,113
French Bean(Local),2023-10-09,Kg,47,72,59
Bitter Gourd,2023-10-09,Kg,64,109,86
Bottle Gourd,2023-10-09,Kg,29,47,38
Pointed Gourd(Local),2023-10-09,Kg,46,70,58
Snake Gourd,2023-10-09,Kg,43,59,51
Sponge Gourd,2023-10-09,Kg,45,71,58
Pumpkin,2023-10-09,Kg,30,45,37
Squash(Long),2023-10-09,Kg,34,45,39
Okra,2023-10-09,Kg,61,75,68
Arum,2023-10-09,Kg,46,61,53
Barela,2023-10-09,Kg,31,49,40
Radish Red,2023-10-09,Kg,25,38,31
Mushroom(Button),2023-10-09,Kg,275,376,325
Mushroom(Kanya),2023-10-09,Kg,126,174,150
Spinach Leaf,2023-10-09,Kg,69,106,87
Mustard Leaf,2023-10-09,Kg,30,50,40
Coriander,2023-10-09,Kg,118,212,165
Garlic Dry Nepali,2023-10-09,Kg,171,214,192
Garlic Dry Chinese,2023-10-09,Kg,206,268,237
Ginger,2023-10-09,Kg,123,180,151
Chilly Green,2023-10-09,Kg,68,96,82
Capsicum,2023-10-09,Kg,79,126,102
Cucumber(Local),2023-10-09,Kg,43,77,60
Apple(Jholey),2023-10-09,Kg,126,193,159
Banana,2023-10-09,Dozen,81,119,100
Pomegranate,2023-10-09,Kg,219,270,244
Orange(Nepali),2023-10-09,Kg,65,102,83
Papaya(Indian),2023-10-09,Kg,64,88,76
Tomato Big(Nepali),2023-10-10,Kg,29,54,41
Tomato Small(Local),2023-10-10,Kg,24,45,34
Potato Red,2023-10-10,Kg,37,59,48
Potato White,2023-10-10,Kg,30,50,40
Onion Dry (Indian),2023-10-10,Kg,49,77,63
Carrot(Local),2023-10-10,Kg,63,99,81
Cabbage(Local),2023-10-10,Kg,22,37,29
Cauliflower Local,2023-10-10,Kg,36,69,52
Raddish White(Local),2023-10-10,Kg,17,31,24
Brinjal Long,2023-10-10,Kg,33,59,46
Cow pea(Long),2023-10-10,Kg,57,77,67
Green Peas,2023-10-10,Kg,95,137,116
French Bean(Local),2023-10-10,Kg,46,71,58
Bitter Gourd,2023-10-10,Kg,69,94,81
Bottle Gourd,2023-10-10,Kg,30,49,39
Pointed Gourd(Local),2023-10-10,Kg,47,82,64
Snake Gourd,2023-10-10,Kg,42,64,53
Sponge Gourd,2023-10-10,Kg,47,66,56
Pumpkin,2023-10-10,Kg,25,42,33
Squash(Long),2023-10-10,Kg,33,51,42
Okra,2023-10-10,Kg,50,79,64
Arum,2023-10-10,Kg,45,68,56
Barela,2023-10-10,Kg,30,42,36
Radish Red,2023-10-10,Kg,24,38,31
Mushroom(Button),2023-10-10,Kg,308,387,347
Mushroom(Kanya),2023-10-10,Kg,131,176,153
Spinach Leaf,2023-10-10,Kg,69,100,84
Mustard Leaf,2023-10-10,Kg,31,48,39
Coriander,2023-10-10,Kg,109,226,167
Garlic Dry Nepali,2023-10-10,Kg,163,233,198
Garlic Dry Chinese,2023-10-10,Kg,204,259,231
Ginger,2023-10-10,Kg,117,168,142
Chilly Green,2023-10-10,Kg,62,102,82
Capsicum,2023-10-10,Kg,84,108,96
Cucumber(Local),2023-10-10,Kg,48,79,63
Apple(Jholey),2023-10-10,Kg,114,220,167
Banana,2023-10-10,Dozen,83,118,100
Pomegranate,2023-10-10,Kg,195,294,244
Orange(Nepali),2023-10-10,Kg,60,105,82
Papaya(Indian),2023-10-10,Kg,67,94,80
Tomato Big(Nepali),2023-10-11,Kg,31,54,42
Tomato Small(Local),2023-10-11,Kg,21,39,30
Potato Red,2023-10-11,Kg,40,60,50
Potato White,2023-10-11,Kg,29,45,37
Onion Dry (Indian),2023-10-11,Kg,43,79,61
Carrot(Local),2023-10-11,Kg,61,85,73
Cabbage(Local),2023-10-11,Kg,25,34,29
Cauliflower Local,2023-10-11,Kg,39,71,55
Raddish White(Local),2023-10-11,Kg,14,29,21
Brinjal Long,2023-10-11,Kg,38,51,44
Cow pea(Long),2023-10-11,Kg,55,78,66
Green Peas,2023-10-11,Kg,102,130,116
French Bean(Local),2023-10-11,Kg,44,68,56
Bitter Gourd,2023-10-11,Kg,69,96,82
Bottle Gourd,2023-10-11,Kg,30,47,38
Pointed Gourd(Local),2023-10-11,Kg,52,77,64
Snake Gourd,2023-10-11,Kg,41,55,48
Sponge Gourd,2023-10-11,Kg,43,75,59
Pumpkin,2023-10-11,Kg,28,40,34
Squash(Long),2023-10-11,Kg,33,54,43
Okra,2023-10-11,Kg,58,70,64
Arum,2023-10-11,Kg,52,65,58
Barela,2023-10-11,Kg,29,44,36
Radish Red,2023-10-11,Kg,25,39,32
Mushroom(Button),2023-10-11,Kg,294,411,352
Mushroom(Kanya),2023-10-11,Kg,112,168,140
Spinach Leaf,2023-10-11,Kg,74,98,86
Mustard Leaf,2023-10-11,Kg,34,48,41
Coriander,2023-10-11,Kg,121,224,172
Garlic Dry Nepali,2023-10-11,Kg,151,225,188
Garlic Dry Chinese,2023-10-11,Kg,181,254,217
Ginger,2023-10-11,Kg,125,190,157
Chilly Green,2023-10-11,Kg,63,96,79
Capsicum,2023-10-11,Kg,82,109,95
Cucumber(Local),2023-10-11,Kg,46,74,60
Apple(Jholey),2023-10-11,Kg,125,208,166
Banana,2023-10-11,Dozen,80,114,97
Pomegranate,2023-10-11,Kg,220,267,243
Orange(Nepali),2023-10-11,Kg,63,101,82
Papaya(Indian),2023-10-11,Kg,58,87,72
Tomato Big(Nepali),2023-10-12,Kg,29,53,41
Tomato Small(Local),2023-10-12,Kg,21,44,32
Potato Red,2023-10-12,Kg,43,57,50
Potato White,2023-10-12,Kg,30,46,38
Onion Dry (Indian),2023-10-12,Kg,47,73,60
Carrot(Local),2023-10-12,Kg,58,86,72
Cabbage(Local),2023-10-12,Kg,26,39,32
Cauliflower Local,2023-10-12,Kg,39,70,54
Raddish White(Local),2023-10-12,Kg,16,29,22
Brinjal Long,2023-10-12,Kg,34,54,44
Cow pea(Long),2023-10-12,Kg,57,83,70
Green Peas,2023-10-12,Kg,100,131,115
French Bean(Local),2023-10-12,Kg,50,73,61
Bitter Gourd,2023-10-12,Kg,60,104,82
Bottle Gourd,2023-10-12,Kg,32,45,38
Pointed Gourd(Local),2023-10-12,Kg,51,79,65
Snake Gourd,2023-10-12,Kg,39,57,48
Sponge Gourd,2023-10-12,Kg,49,74,61
Pumpkin,2023-10-12,Kg,28,44,36
Squash(Long),2023-10-12,Kg,33,46,39
Okra,2023-10-12,Kg,51,77,64
Arum,2023-10-12,Kg,47,67,57
Barela,2023-10-12,Kg,33,48,40
Radish Red,2023-10-12,Kg,23,40,31
Mushroom(Button),2023-10-12,Kg,278,364,321
Mushroom(Kanya),2023-10-12,Kg,125,167,146
Spinach Leaf,2023-10-12,Kg,68,95,81
Mustard Leaf,2023-10-12,Kg,32,46,39
Coriander,2023-10-12,Kg,127,224,175
Garlic Dry Nepali,2023-10-12,Kg,154,228,191
Garlic Dry Chinese,2023-10-12,Kg,199,259,229
Ginger,2023-10-12,Kg,115,196,155
Chilly Green,2023-10-12,Kg,66,96,81
Capsicum,2023-10-12,Kg,79,126,102
Cucumber(Local),2023-10-12,Kg,52,74,63
Apple(Jholey),2023-10-12,Kg,116,207,161
Banana,2023-10-12,Dozen,78,117,97
Pomegranate,2023-10-12,Kg,205,286,245
Orange(Nepali),2023-10-12,Kg,63,106,84
Papaya(Indian),2023-10-12,Kg,68,96,82
Tomato Big(Nepali),2023-10-13,Kg,34,48,41
Tomato Small(Local),2023-10-13,Kg,24,38,31
Potato Red,2023-10-13,Kg,41,62,51
Potato White,2023-10-13,Kg,32,48,40
Onion Dry (Indian),2023-10-13,Kg,46,74,60
Carrot(Local),2023-10-13,Kg,69,93,81
Cabbage(Local),2023-10-13,Kg,23,35,29
Cauliflower Local,2023-10-13,Kg,40,63,51
Raddish White(Local),2023-10-13,Kg,15,30,22
Brinjal Long,2023-10-13,Kg,39,55,47
Cow pea(Long),2023-10-13,Kg,61,81,71
Green Peas,2023-10-13,Kg,94,115,104
French Bean(Local),2023-10-13,Kg,44,73,58
Bitter Gourd,2023-10-13,Kg,70,99,84
Bottle Gourd,2023-10-13,Kg,34,53,43
Pointed Gourd(Local),2023-10-13,Kg,52,82,67
Snake Gourd,2023-10-13,Kg,39,62,50
Sponge Gourd,2023-10-13,Kg,47,67,57
Pumpkin,2023-10-13,Kg,28,42,35
Squash(Long),2023-10-13,Kg,34,48,41
Okra,2023-10-13,Kg,55,77,66
Arum,2023-10-13,Kg,43,67,55
Barela,2023-10-13,Kg,33,44,38
Radish Red,2023-10-13,Kg,21,34,27
Mushroom(Button),2023-10-13,Kg,272,375,323
Mushroom(Kanya),2023-10-13,Kg,111,179,145
Spinach Leaf,2023-10-13,Kg,74,99,86
Mustard Leaf,2023-10-13,Kg,29,54,41
Coriander,2023-10-13,Kg,118,207,162
Garlic Dry Nepali,2023-10-13,Kg,155,216,185
Garlic Dry Chinese,2023-10-13,Kg,205,284,244
Ginger,2023-10-13,Kg,123,188,155
Chilly Green,2023-10-13,Kg,70,110,90
Capsicum,2023-10-13,Kg,87,113,100
Cucumber(Local),2023-10-13,Kg,49,77,63
Apple(Jholey),2023-10-13,Kg,128,215,171
Banana,2023-10-13,Dozen,81,113,97
Pomegranate,2023-10-13,Kg,192,278,235
Orange(Nepali),2023-10-13,Kg,66,102,84
Papaya(Indian),2023-10-13,Kg,63,98,80
Tomato Big(Nepali),2023-10-14,Kg,33,52,42
Tomato Small(Local),2023-10-14,Kg,22,45,33
Potato Red,2023-10-14,Kg,36,59,47
Potato White,2023-10-14,Kg,30,47,38
Onion Dry (Indian),2023-10-14,Kg,46,73,59
Carrot(Local),2023-10-14,Kg,59,97,78
Cabbage(Local),2023-10-14,Kg,25,38,31
Cauliflower Local,2023-10-14,Kg,43,70,56
Raddish White(Local),2023-10-14,Kg,17,28,22
Brinjal Long,2023-10-14,Kg,38,56,47
Cow pea(Long),2023-10-14,Kg,52,85,68
Green Peas,2023-10-14,Kg,104,117,110
French Bean(Local),2023-10-14,Kg,50,65,57
Bitter Gourd,2023-10-14,Kg,70,98,84
Bottle Gourd,2023-10-14,Kg,30,46,38
Pointed Gourd(Local),2023-10-14,Kg,50,77,63
Snake Gourd,2023-10-14,Kg,41,61,51
Sponge Gourd,2023-10-14,Kg,46,69,57
Pumpkin,2023-10-14,Kg,28,38,33
Squash(Long),2023-10-14,Kg,31,55,43
Okra,2023-10-14,Kg,57,73,65
Arum,2023-10-14,Kg,43,70,56
Barela,2023-10-14,Kg,31,47,39
Radish Red,2023-10-14,Kg,22,36,29
Mushroom(Button),2023-10-14,Kg,271,352,311
Mushroom(Kanya),2023-10-14,Kg,117,178,147
Spinach Leaf,2023-10-14,Kg,76,104,90
Mustard Leaf,2023-10-14,Kg,33,55,44
Coriander,2023-10-14,Kg,128,209,168
Garlic Dry Nepali,2023-10-14,Kg,176,238,207
Garlic Dry Chinese,2023-10-14,Kg,219,284,251
Ginger,2023-10-14,Kg,127,201,164
Chilly Green,2023-10-14,Kg,69,102,85
Capsicum,2023-10-14,Kg,73,127,100
Cucumber(Local),2023-10-14,Kg,47,72,59
Apple(Jholey),2023-10-14,Kg,129,209,169
Banana,2023-10-14,Dozen,85,119,102
Pomegranate,2023-10-14,Kg,221,316,268
Orange(Nepali),2023-10-14,Kg,62,115,88
Papaya(Indian),2023-10-14,Kg,60,98,79
Tomato Big(Nepali),2023-10-15,Kg,31,47,39
Tomato Small(Local),2023-10-15,Kg,22,42,32
Potato Red,2023-10-15,Kg,42,58,50
Potato White,2023-10-15,Kg,32,42,37
Onion Dry (Indian),2023-10-15,Kg,44,74,59
Carrot(Local),2023-10-15,Kg,66,88,77
Cabbage(Local),2023-10-15,Kg,25,39,32
Cauliflower Local,2023-10-15,Kg,41,73,57
Raddish White(Local),2023-10-15,Kg,16,29,22
Brinjal Long,2023-10-15,Kg,37,56,46
Cow pea(Long),2023-10-15,Kg,51,81,66
Green Peas,2023-10-15,Kg,95,137,116
French Bean(Local),2023-10-15,Kg,51,73,62
Bitter Gourd,2023-10-15,Kg,67,108,87
Bottle Gourd,2023-10-15,Kg,31,51,41
Pointed Gourd(Local),2023-10-15,Kg,45,71,58
Snake Gourd,2023-10-15,Kg,40,57,48
Sponge Gourd,2023-10-15,Kg,44,66,55
Pumpkin,2023-10-15,Kg,29,43,36
Squash(Long),2023-10-15,Kg,34,48,41
Okra,2023-10-15,Kg,61,71,66
Arum,2023-10-15,Kg,52,66,59
Barela,2023-10-15,Kg,32,49,40
Radish Red,2023-10-15,Kg,23,38,30
Mushroom(Button),2023-10-15,Kg,265,351,308
Mushroom(Kanya),2023-10-15,Kg,129,162,145
Spinach Leaf,2023-10-15,Kg,68,106,87
Mustard Leaf,2023-10-15,Kg,31,55,43
Coriander,2023-10-15,Kg,119,216,167
Garlic Dry Nepali,2023-10-15,Kg,164,236,200
Garlic Dry Chinese,2023-10-15,Kg,207,267,237
Ginger,2023-10-15,Kg,123,203,163
Chilly Green,2023-10-15,Kg,63,95,79
Capsicum,2023-10-15,Kg,77,111,94
Cucumber(Local),2023-10-15,Kg,45,81,63
Apple(Jholey),2023-10-15,Kg,118,201,159
Banana,2023-10-15,Dozen,88,120,104
Pomegranate,2023-10-15,Kg,221,270,245
Orange(Nepali),2023-10-15,Kg,62,118,90
Papaya(Indian),2023-10-15,Kg,61,86,73
Tomato Big(Nepali),2023-10-16,Kg,30,49,39
Tomato Small(Local),2023-10-16,Kg,21,43,32
Potato Red,2023-10-16,Kg,36,63,49
Potato White,2023-10-16,Kg,31,49,40
Onion Dry (Indian),2023-10-16,Kg,44,82,63
Carrot(Local),2023-10-16,Kg,60,85,72
Cabbage(Local),2023-10-16,Kg,25,37,31
Cauliflower Local,2023-10-16,Kg,37,61,49
Raddish White(Local),2023-10-16,Kg,16,30,23
Brinjal Long,2023-10-16,Kg,36,52,44
Cow pea(Long),2023-10-16,Kg,58,77,67
Green Peas,2023-10-16,Kg,106,138,122
French Bean(Local),2023-10-16,Kg,49,71,60
Bitter Gourd,2023-10-16,Kg,61,93,77
Bottle Gourd,2023-10-16,Kg,29,48,38
Pointed Gourd(Local),2023-10-16,Kg,48,80,64
Snake Gourd,2023-10-16,Kg,36,55,45
Sponge Gourd,2023-10-16,Kg,48,77,62
Pumpkin,2023-10-16,Kg,29,41,35
Squash(Long),2023-10-16,Kg,32,51,41
Okra,2023-10-16,Kg,55,78,66
Arum,2023-10-16,Kg,53,72,62
Barela,2023-10-16,Kg,32,50,41
Radish Red,2023-10-16,Kg,23,39,31
Mushroom(Button),2023-10-16,Kg,304,389,346
Mushroom(Kanya),2023-10-16,Kg,130,176,153
Spinach Leaf,2023-10-16,Kg,65,93,79
Mustard Leaf,2023-10-16,Kg,31,49,40
Coriander,2023-10-16,Kg,109,199,154
Garlic Dry Nepali,2023-10-16,Kg,162,256,209
Garlic Dry Chinese,2023-10-16,Kg,211,267,239
Ginger,2023-10-16,Kg,111,178,144
Chilly Green,2023-10-16,Kg,67,107,87
Capsicum,2023-10-16,Kg,75,109,92
Cucumber(Local),2023-10-16,Kg,48,73,60
Apple(Jholey),2023-10-16,Kg,119,224,171
Banana,2023-10-16,Dozen,87,112,99
Pomegranate,2023-10-16,Kg,187,318,252
Orange(Nepali),2023-10-16,Kg,61,101,81
Papaya(Indian),2023-10-16,Kg,61,101,81
Tomato Big(Nepali),2023-10-17,Kg,29,55,42
Tomato Small(Local),2023-10-17,Kg,22,42,32
Potato Red,2023-10-17,Kg,41,56,48
Potato White,2023-10-17,Kg,35,47,41
Onion Dry (Indian),2023-10-17,Kg,50,72,61
Carrot(Local),2023-10-17,Kg,70,97,83
Cabbage(Local),2023-10-17,Kg,22,37,29
Cauliflower Local,2023-10-17,Kg,44,67,55
Raddish White(Local),2023-10-17,Kg,16,28,22
Brinjal Long,2023-10-17,Kg,38,59,48
Cow pea(Long),2023-10-17,Kg,55,89,72
Green Peas,2023-10-17,Kg,100,115,107
French Bean(Local),2023-10-17,Kg,52,77,64
Bitter Gourd,2023-10-17,Kg,68,109,88
Bottle Gourd,2023-10-17,Kg,29,46,37
Pointed Gourd(Local),2023-10-17,Kg,51,83,67
Snake Gourd,2023-10-17,Kg,40,61,50
Sponge Gourd,2023-10-17,Kg,51,68,59
Pumpkin,2023-10-17,Kg,29,46,37
Squash(Long),2023-10-17,Kg,35,50,42
Okra,2023-10-17,Kg,59,77,68
Arum,2023-10-17,Kg,44,65,54
Barela,2023-10-17,Kg,32,46,39
Radish Red,2023-10-17,Kg,23,35,29
Mushroom(Button),2023-10-17,Kg,255,367,311
Mushroom(Kanya),2023-10-17,Kg,118,184,151
Spinach Leaf,2023-10-17,Kg,76,111,93
Mustard Leaf,2023-10-17,Kg,31,48,39
Coriander,2023-10-17,Kg,122,230,176
Garlic Dry Nepali,2023-10-17,Kg,154,241,197
Garlic Dry Chinese,2023-10-17,Kg,218,255,236
Ginger,2023-10-17,Kg,131,175,153
Chilly Green,2023-10-17,Kg,65,104,84
Capsicum,2023-10-17,Kg,78,118,98
Cucumber(Local),2023-10-17,Kg,49,76,62
Apple(Jholey),2023-10-17,Kg,127,210,168
Banana,2023-10-17,Dozen,77,129,103
Pomegranate,2023-10-17,Kg,216,319,267
Orange(Nepali),2023-10-17,Kg,59,119,89
Papaya(Indian),2023-10-17,Kg,70,98,84
Tomato Big(Nepali),2023-10-18,Kg,33,46,39
Tomato Small(Local),2023-10-18,Kg,23,39,31
Potato Red,2023-10-18,Kg,43,57,50
Potato White,2023-10-18,Kg,34,46,40
Onion Dry (Indian),2023-10-18,Kg,48,72,60
Carrot(Local),2023-10-18,Kg,59,96,77
Cabbage(Local),2023-10-18,Kg,22,41,31
Cauliflower Local,2023-10-18,Kg,38,70,54
Raddish White(Local),2023-10-18,Kg,15,29,22
Brinjal Long,2023-10-18,Kg,36,53,44
Cow pea(Long),2023-10-18,Kg,59,91,75
Green Peas,2023-10-18,Kg,95,126,110
French Bean(Local),2023-10-18,Kg,45,65,55
Bitter Gourd,2023-10-18,Kg,69,95,82
Bottle Gourd,2023-10-18,Kg,29,46,37
Pointed Gourd(Local),2023-10-18,Kg,46,73,59
Snake Gourd,2023-10-18,Kg,43,64,53
Sponge Gourd,2023-10-18,Kg,51,72,61
Pumpkin,2023-10-18,Kg,30,40,35
Squash(Long),2023-10-18,Kg,32,48,40
Okra,2023-10-18,Kg,51,83,67
Arum,2023-10-18,Kg,49,74,61
Barela,2023-10-18,Kg,30,42,36
Radish Red,2023-10-18,Kg,23,38,30
Mushroom(Button),2023-10-18,Kg,275,391,333
Mushroom(Kanya),2023-10-18,Kg,124,160,142
Spinach Leaf,2023-10-18,Kg,79,102,90
Mustard Leaf,2023-10-18,Kg,31,50,40
Coriander,2023-10-18,Kg,121,225,173
Garlic Dry Nepali,2023-10-18,Kg,147,239,193
Garlic Dry Chinese,2023-10-18,Kg,183,295,239
Ginger,2023-10-18,Kg,125,196,160
Chilly Green,2023-10-18,Kg,67,103,85
Capsicum,2023-10-18,Kg,86,119,102
Cucumber(Local),2023-10-18,Kg,49,79,64
Apple(Jholey),2023-10-18,Kg,120,212,166
Banana,2023-10-18,Dozen,87,110,98
Pomegranate,2023-10-18,Kg,215,319,267
Orange(Nepali),2023-10-18,Kg,66,111,88
Papaya(Indian),2023-10-18,Kg,59,89,74
Tomato Big(Nepali),2023-10-19,Kg,30,48,39
Tomato Small(Local),2023-10-19,Kg,22,45,33
Potato Red,2023-10-19,Kg,43,62,52
Potato White,2023-10-19,Kg,34,49,41
Onion Dry (Indian),2023-10-19,Kg,49,74,61
Carrot(Local),2023-10-19,Kg,66,85,75
Cabbage(Local),2023-10-19,Kg,21,36,28
Cauliflower Local,2023-10-19,Kg,42,70,56
Raddish White(Local),2023-10-19,Kg,15,28,21
Brinjal Long,2023-10-19,Kg,39,57,48
Cow pea(Long),2023-10-19,Kg,57,88,72
Green Peas,2023-10-19,Kg,105,127,116
French Bean(Local),2023-10-19,Kg,45,75,60
Bitter Gourd,2023-10-19,Kg,65,99,82
Bottle Gourd,2023-10-19,Kg,30,50,40
Pointed Gourd(Local),2023-10-19,Kg,50,81,65
Snake Gourd,2023-10-19,Kg,41,54,47
Sponge Gourd,2023-10-19,Kg,51,76,63
Pumpkin,2023-10-19,Kg,26,43,34
Squash(Long),2023-10-19,Kg,30,54,42
Okra,2023-10-19,Kg,54,69,61
Arum,2023-10-19,Kg,51,66,58
Barela,2023-10-19,Kg,33,48,40
Radish Red,2023-10-19,Kg,22,36,29
Mushroom(Button),2023-10-19,Kg,309,383,346
Mushroom(Kanya),2023-10-19,Kg,112,168,140
Spinach Leaf,2023-10-19,Kg,67,103,85
Mustard Leaf,2023-10-19,Kg,30,47,38
Coriander,2023-10-19,Kg,113,227,170
Garlic Dry Nepali,2023-10-19,Kg,166,217,191
Garlic Dry Chinese,2023-10-19,Kg,187,270,228
Ginger,2023-10-19,Kg,111,196,153
Chilly Green,2023-10-19,Kg,63,103,83
Capsicum,2023-10-19,Kg,78,116,97
Cucumber(Local),2023-10-19,Kg,46,82,64
Apple(Jholey),2023-10-19,Kg,112,226,169
Banana,2023-10-19,Dozen,74,111,92
Pomegranate,2023-10-19,Kg,188,291,239
Orange(Nepali),2023-10-19,Kg,70,110,90
Papaya(Indian),2023-10-19,Kg,58,98,78
Tomato Big(Nepali),2023-10-20,Kg,33,54,43
Tomato Small(Local),2023-10-20,Kg,26,42,34
Potato Red,2023-10-20,Kg,44,59,51
Potato White,2023-10-20,Kg,29,51,40
Onion Dry (Indian),2023-10-20,Kg,53,74,63
Carrot(Local),2023-10-20,Kg,63,98,80
Cabbage(Local),2023-10-20,Kg,22,34,28
Cauliflower Local,2023-10-20,Kg,38,74,56
Raddish White(Local),2023-10-20,Kg,14,32,23
Brinjal Long,2023-10-20,Kg,34,55,44
Cow pea(Long),2023-10-20,Kg,57,84,70
Green Peas,2023-10-20,Kg,100,123,111
French Bean(Local),2023-10-20,Kg,45,68,56
Bitter Gourd,2023-10-20,Kg,70,107,88
Bottle Gourd,2023-10-20,Kg,33,47,40
Pointed Gourd(Local),2023-10-20,Kg,46,70,58
Snake Gourd,2023-10-20,Kg,44,56,50
Sponge Gourd,2023-10-20,Kg,52,69,60
Pumpkin,2023-10-20,Kg,30,41,35
Squash(Long),2023-10-20,Kg,30,48,39
Okra,2023-10-20,Kg,54,78,66
Arum,2023-10-20,Kg,49,69,59
Barela,2023-10-20,Kg,29,48,38
Radish Red,2023-10-20,Kg,25,37,31
Mushroom(Button),2023-10-20,Kg,302,401,351
Mushroom(Kanya),2023-10-20,Kg,109,163,136
Spinach Leaf,2023-10-20,Kg,70,106,88
Mustard Leaf,2023-10-20,Kg,34,49,41
Coriander,2023-10-20,Kg,130,193,161
Garlic Dry Nepali,2023-10-20,Kg,163,238,200
Garlic Dry Chinese,2023-10-20,Kg,190,297,243
Ginger,2023-10-20,Kg,111,184,147
Chilly Green,2023-10-20,Kg,67,109,88
Capsicum,2023-10-20,Kg,83,118,100
Cucumber(Local),2023-10-20,Kg,46,76,61
Apple(Jholey),2023-10-20,Kg,112,206,159
Banana,2023-10-20,Dozen,83,120,101
Pomegranate,2023-10-20,Kg,216,279,247
Orange(Nepali),2023-10-20,Kg,59,109,84
Papaya(Indian),2023-10-20,Kg,61,93,77
Tomato Big(Nepali),2023-10-21,Kg,34,52,43
Tomato Small(Local),2023-10-21,Kg,26,39,32
Potato Red,2023-10-21,Kg,37,59,48
Potato White,2023-10-21,Kg,31,42,36
Onion Dry (Indian),2023-10-21,Kg,48,69,58
Carrot(Local),2023-10-21,Kg,59,101,80
Cabbage(Local),2023-10-21,Kg,22,41,31
Cauliflower Local,2023-10-21,Kg,42,63,52
Raddish White(Local),2023-10-21,Kg,16,31,23
Brinjal Long,2023-10-21,Kg,36,53,44
Cow pea(Long),2023-10-21,Kg,51,83,67
Green Peas,2023-10-21,Kg,105,128,116
French Bean(Local),2023-10-21,Kg,46,69,57
Bitter Gourd,2023-10-21,Kg,60,94,77
Bottle Gourd,2023-10-21,Kg,32,52,42
Pointed Gourd(Local),2023-10-21,Kg,52,72,62
Snake Gourd,2023-10-21,Kg,42,55,48
Sponge Gourd,2023-10-21,Kg,53,73,63
Pumpkin,2023-10-21,Kg,26,40,33
Squash(Long),2023-10-21,Kg,32,49,40
Okra,2023-10-21,Kg,58,80,69
Arum,2023-10-21,Kg,50,62,56
Barela,2023-10-21,Kg,35,48,41
Radish Red,2023-10-21,Kg,23,41,32
Mushroom(Button),2023-10-21,Kg,263,374,318
Mushroom(Kanya),2023-10-21,Kg,131,167,149
Spinach Leaf,2023-10-21,Kg,70,107,88
Mustard Leaf,2023-10-21,Kg,31,53,42
Coriander,2023-10-21,Kg,133,230,181
Garlic Dry Nepali,2023-10-21,Kg,146,240,193
Garlic Dry Chinese,2023-10-21,Kg,203,277,240
Ginger,2023-10-21,Kg,117,186,151
Chilly Green,2023-10-21,Kg,71,99,85
Capsicum,2023-10-21,Kg,87,127,107
Cucumber(Local),2023-10-21,Kg,47,76,61
Apple(Jholey),2023-10-21,Kg,132,201,166
Banana,2023-10-21,Dozen,83,117,100
Pomegranate,2023-10-21,Kg,196,319,257
Orange(Nepali),2023-10-21,Kg,66,111,88
Papaya(Indian),2023-10-21,Kg,63,86,74
Tomato Big(Nepali),2023-10-22,Kg,30,48,39
Tomato Small(Local),2023-10-22,Kg,26,39,32
Potato Red,2023-10-22,Kg,39,57,48
Potato White,2023-10-22,Kg,34,51,42
Onion Dry (Indian),2023-10-22,Kg,45,76,60
Carrot(Local),2023-10-22,Kg,63,96,79
Cabbage(Local),2023-10-22,Kg,23,39,31
Cauliflower Local,2023-10-22,Kg,42,70,56
Raddish White(Local),2023-10-22,Kg,15,32,23
Brinjal Long,2023-10-22,Kg,37,57,47
Cow pea(Long),2023-10-22,Kg,60,81,70
Green Peas,2023-10-22,Kg,107,132,119
French Bean(Local),2023-10-22,Kg,52,78,65
Bitter Gourd,2023-10-22,Kg,60,107,83
Bottle Gourd,2023-10-22,Kg,33,55,44
Pointed Gourd(Local),2023-10-22,Kg,47,74,60
Snake Gourd,2023-10-22,Kg,37,64,50
Sponge Gourd,2023-10-22,Kg,51,76,63
Pumpkin,2023-10-22,Kg,29,39,34
Squash(Long),2023-10-22,Kg,33,53,43
Okra,2023-10-22,Kg,62,78,70
Arum,2023-10-22,Kg,48,72,60
Barela,2023-10-22,Kg,32,44,38
Radish Red,2023-10-22,Kg,25,41,33
Mushroom(Button),2023-10-22,Kg,289,357,323
Mushroom(Kanya),2023-10-22,Kg,109,178,143
Spinach Leaf,2023-10-22,Kg,73,106,89
Mustard Leaf,2023-10-22,Kg,34,54,44
Coriander,2023-10-22,Kg,124,195,159
Garlic Dry Nepali,2023-10-22,Kg,146,248,197
Garlic Dry Chinese,2023-10-22,Kg,207,264,235
Ginger,2023-10-22,Kg,119,191,155
Chilly Green,2023-10-22,Kg,63,112,87
Capsicum,2023-10-22,Kg,82,115,98
Cucumber(Local),2023-10-22,Kg,50,75,62
Apple(Jholey),2023-10-22,Kg,124,217,170
Banana,2023-10-22,Dozen,77,129,103
Pomegranate,2023-10-22,Kg,185,309,247
Orange(Nepali),2023-10-22,Kg,71,103,87
Papaya(Indian),2023-10-22,Kg,59,99,79
Tomato Big(Nepali),2023-10-23,Kg,32,47,39
Tomato Small(Local),2023-10-23,Kg,25,40,32
Potato Red,2023-10-23,Kg,37,55,46
Potato White,2023-10-23,Kg,31,44,37
Onion Dry (Indian),2023-10-23,Kg,44,80,62
Carrot(Local),2023-10-23,Kg,60,101,80
Cabbage(Local),2023-10-23,Kg,25,39,32
Cauliflower Local,2023-10-23,Kg,43,63,53
Raddish White(Local),2023-10-23,Kg,16,30,23
Brinjal Long,2023-10-23,Kg,37,53,45
Cow pea(Long),2023-10-23,Kg,57,82,69
Green Peas,2023-10-23,Kg,91,116,103
French Bean(Local),2023-10-23,Kg,47,72,59
Bitter Gourd,2023-10-23,Kg,69,106,87
Bottle Gourd,2023-10-23,Kg,29,56,42
Pointed Gourd(Local),2023-10-23,Kg,44,83,63
Snake Gourd,2023-10-23,Kg,42,60,51
Sponge Gourd,2023-10-23,Kg,44,67,55
Pumpkin,2023-10-23,Kg,29,39,34
Squash(Long),2023-10-23,Kg,35,54,44
Okra,2023-10-23,Kg,57,69,63
Arum,2023-10-23,Kg,52,70,61
Barela,2023-10-23,Kg,30,49,39
Radish Red,2023-10-23,Kg,25,39,32
Mushroom(Button),2023-10-23,Kg,304,402,353
Mushroom(Kanya),2023-10-23,Kg,129,172,150
Spinach Leaf,2023-10-23,Kg,79,99,89
Mustard Leaf,2023-10-23,Kg,33,50,41
Coriander,2023-10-23,Kg,132,222,177
Garlic Dry Nepali,2023-10-23,Kg,154,222,188
Garlic Dry Chinese,2023-10-23,Kg,195,284,239
Ginger,2023-10-23,Kg,124,186,155
Chilly Green,2023-10-23,Kg,71,99,85
Capsicum,2023-10-23,Kg,84,118,101
Cucumber(Local),2023-10-23,Kg,51,70,60
Apple(Jholey),2023-10-23,Kg,115,201,158
Banana,2023-10-23,Dozen,82,126,104
Pomegranate,2023-10-23,Kg,197,295,246
Orange(Nepali),2023-10-23,Kg,71,111,91
Papaya(Indian),2023-10-23,Kg,63,92,77
Tomato Big(Nepali),2023-10-24,Kg,32,50,41
Tomato Small(Local),2023-10-24,Kg,24,41,32
Potato Red,2023-10-24,Kg,36,60,48
Potato White,2023-10-24,Kg,33,44,38
Onion Dry (Indian),2023-10-24,Kg,49,73,61
Carrot(Local),2023-10-24,Kg,70,86,78
Cabbage(Local),2023-10-24,Kg,26,36,31
Cauliflower Local,2023-10-24,Kg,39,65,52
Raddish White(Local),2023-10-24,Kg,14,30,22
Brinjal Long,2023-10-24,Kg,38,56,47
Cow pea(Long),2023-10-24,Kg,59,88,73
Green Peas,2023-10-24,Kg,98,137,117
French Bean(Local),2023-10-24,Kg,50,79,64
Bitter Gourd,2023-10-24,Kg,59,94,76
Bottle Gourd,2023-10-24,Kg,29,49,39
Pointed Gourd(Local),2023-10-24,Kg,50,82,66
Snake Gourd,2023-10-24,Kg,40,58,49
Sponge Gourd,2023-10-24,Kg,46,77,61
Pumpkin,2023-10-24,Kg,27,46,36
Squash(Long),2023-10-24,Kg,29,53,41
Okra,2023-10-24,Kg,52,77,64
Arum,2023-10-24,Kg,48,62,55
Barela,2023-10-24,Kg,32,48,40
Radish Red,2023-10-24,Kg,24,35,29
Mushroom(Button),2023-10-24,Kg,270,357,313
Mushroom(Kanya),2023-10-24,Kg,117,179,148
Spinach Leaf,2023-10-24,Kg,78,98,88
Mustard Leaf,2023-10-24,Kg,32,53,42
Coriander,2023-10-24,Kg,124,201,162
Garlic Dry Nepali,2023-10-24,Kg,167,220,193
Garlic Dry Chinese,2023-10-24,Kg,186,270,228
Ginger,2023-10-24,Kg,111,172,141
Chilly Green,2023-10-24,Kg,66,112,89
Capsicum,2023-10-24,Kg,73,131,102
Cucumber(Local),2023-10-24,Kg,51,83,67
Apple(Jholey),2023-10-24,Kg,126,210,168
Banana,2023-10-24,Dozen,73,128,100
Pomegranate,2023-10-24,Kg,221,311,266
Orange(Nepali),2023-10-24,Kg,61,107,84
Papaya(Indian),2023-10-24,Kg,66,95,80
Tomato Big(Nepali),2023-10-25,Kg,32,54,43
Tomato Small(Local),2023-10-25,Kg,26,40,33
Potato Red,2023-10-25,Kg,41,65,53
Potato White,2023-10-25,Kg,32,43,37
Onion Dry (Indian),2023-10-25,Kg,49,84,66
Carrot(Local),2023-10-25,Kg,66,96,81
Cabbage(Local),2023-10-25,Kg,23,35,29
Cauliflower Local,2023-10-25,Kg,41,67,54
Raddish White(Local),2023-10-25,Kg,15,27,21
Brinjal Long,2023-10-25,Kg,35,58,46
Cow pea(Long),2023-10-25,Kg,53,88,70
Green Peas,2023-10-25,Kg,105,139,122
French Bean(Local),2023-10-25,Kg,51,74,62
Bitter Gourd,2023-10-25,Kg,66,97,81
Bottle Gourd,2023-10-25,Kg,34,50,42
Pointed Gourd(Local),2023-10-25,Kg,51,75,63
Snake Gourd,2023-10-25,Kg,41,62,51
Sponge Gourd,2023-10-25,Kg,49,68,58
Pumpkin,2023-10-25,Kg,26,46,36
Squash(Long),2023-10-25,Kg,35,51,43
Okra,2023-10-25,Kg,54,84,69
Arum,2023-10-25,Kg,48,73,60
Barela,2023-10-25,Kg,29,45,37
Radish Red,2023-10-25,Kg,24,39,31
Mushroom(Button),2023-10-25,Kg,285,354,319
Mushroom(Kanya),2023-10-25,Kg,128,158,143
Spinach Leaf,2023-10-25,Kg,79,93,86
Mustard Leaf,2023-10-25,Kg,31,50,40
Coriander,2023-10-25,Kg,133,226,179
Garlic Dry Nepali,2023-10-25,Kg,149,237,193
Garlic Dry Chinese,2023-10-25,Kg,210,275,242
Ginger,2023-10-25,Kg,122,199,160
Chilly Green,2023-10-25,Kg,59,103,81
Capsicum,2023-10-25,Kg,75,124,99
Cucumber(Local),2023-10-25,Kg,49,73,61
Apple(Jholey),2023-10-25,Kg,133,204,168
Banana,2023-10-25,Dozen,78,125,101
Pomegranate,2023-10-25,Kg,202,316,259
Orange(Nepali),2023-10-25,Kg,65,119,92
Papaya(Indian),2023-10-25,Kg,60,97,78
Tomato Big(Nepali),2023-10-26,Kg,33,51,42
Tomato Small(Local),2023-10-26,Kg,22,39,30
Potato Red,2023-10-26,Kg,44,61,52
Potato White,2023-10-26,Kg,30,43,36
Onion Dry (Indian),2023-10-26,Kg,44,71,57
Carrot(Local),2023-10-26,Kg,60,85,72
Cabbage(Local),2023-10-26,Kg,22,37,29
Cauliflower Local,2023-10-26,Kg,43,65,54
Raddish White(Local),2023-10-26,Kg,15,30,22
Brinjal Long,2023-10-26,Kg,39,50,44
Cow pea(Long),2023-10-26,Kg,54,91,72
Green Peas,2023-10-26,Kg,96,140,118
French Bean(Local),2023-10-26,Kg,44,66,55
Bitter Gourd,2023-10-26,Kg,68,101,84
Bottle Gourd,2023-10-26,Kg,31,52,41
Pointed Gourd(Local),2023-10-26,Kg,53,80,66
Snake Gourd,2023-10-26,Kg,39,63,51
Sponge Gourd,2023-10-26,Kg,47,69,58
Pumpkin,2023-10-26,Kg,27,46,36
Squash(Long),2023-10-26,Kg,31,55,43
Okra,2023-10-26,Kg,59,79,69
Arum,2023-10-26,Kg,52,64,58
Barela,2023-10-26,Kg,29,44,36
Radish Red,2023-10-26,Kg,22,38,30
Mushroom(Button),2023-10-26,Kg,299,420,359
Mushroom(Kanya),2023-10-26,Kg,130,181,155
Spinach Leaf,2023-10-26,Kg,79,110,94
Mustard Leaf,2023-10-26,Kg,33,48,40
Coriander,2023-10-26,Kg,127,195,161
Garlic Dry Nepali,2023-10-26,Kg,163,235,199
Garlic Dry Chinese,2023-10-26,Kg,219,260,239
Ginger,2023-10-26,Kg,110,176,143
Chilly Green,2023-10-26,Kg,67,99,83
Capsicum,2023-10-26,Kg,79,120,99
Cucumber(Local),2023-10-26,Kg,46,83,64
Apple(Jholey),2023-10-26,Kg,112,230,171
Banana,2023-10-26,Dozen,81,129,105
Pomegranate,2023-10-26,Kg,198,321,259
Orange(Nepali),2023-10-26,Kg,59,120,89
Papaya(Indian),2023-10-26,Kg,66,93,79
Tomato Big(Nepali),2023-10-27,Kg,34,53,43
Tomato Small(Local),2023-10-27,Kg,25,40,32
Potato Red,2023-10-27,Kg,37,62,49
Potato White,2023-10-27,Kg,35,42,38
Onion Dry (Indian),2023-10-27,Kg,48,77,62
Carrot(Local),2023-10-27,Kg,61,95,78
Cabbage(Local),2023-10-27,Kg,24,36,30
Cauliflower Local,2023-10-27,Kg,37,74,55
Raddish White(Local),2023-10-27,Kg,17,30,23
Brinjal Long,2023-10-27,Kg,35,60,47
Cow pea(Long),2023-10-27,Kg,62,90,76
Green Peas,2023-10-27,Kg,104,139,121
French Bean(Local),2023-10-27,Kg,49,74,61
Bitter Gourd,2023-10-27,Kg,60,96,78
Bottle Gourd,2023-10-27,Kg,32,53,42
Pointed Gourd(Local),2023-10-27,Kg,49,78,63
Snake Gourd,2023-10-27,Kg,38,58,48
Sponge Gourd,2023-10-27,Kg,46,80,63
Pumpkin,2023-10-27,Kg,28,40,34
Squash(Long),2023-10-27,Kg,34,54,44
Okra,2023-10-27,Kg,56,80,68
Arum,2023-10-27,Kg,48,67,57
Barela,2023-10-27,Kg,34,45,39
Radish Red,2023-10-27,Kg,25,35,30
Mushroom(Button),2023-10-27,Kg,300,373,336
Mushroom(Kanya),2023-10-27,Kg,115,162,138
Spinach Leaf,2023-10-27,Kg,80,112,96
Mustard Leaf,2023-10-27,Kg,35,49,42
Coriander,2023-10-27,Kg,131,234,182
Garlic Dry Nepali,2023-10-27,Kg,164,248,206
Garlic Dry Chinese,2023-10-27,Kg,198,269,233
Ginger,2023-10-27,Kg,126,181,153
Chilly Green,2023-10-27,Kg,65,94,79
Capsicum,2023-10-27,Kg,88,111,99
Cucumber(Local),2023-10-27,Kg,46,84,65
Apple(Jholey),2023-10-27,Kg,111,235,173
Banana,2023-10-27,Dozen,89,113,101
Pomegranate,2023-10-27,Kg,185,277,231
Orange(Nepali),2023-10-27,Kg,66,107,86
Papaya(Indian),2023-10-27,Kg,65,95,80
Tomato Big(Nepali),2023-10-28,Kg,31,52,41
Tomato Small(Local),2023-10-28,Kg,25,46,35
Potato Red,2023-10-28,Kg,41,65,53
Potato White,2023-10-28,Kg,36,50,43
Onion Dry (Indian),2023-10-28,Kg,51,80,65
Carrot(Local),2023-10-28,Kg,60,97,78
Cabbage(Local),2023-10-28,Kg,26,36,31
Cauliflower Local,2023-10-28,Kg,37,71,54
Raddish White(Local),2023-10-28,Kg,15,32,23
Brinjal Long,2023-10-28,Kg,35,59,47
Cow pea(Long),2023-10-28,Kg,61,92,76
Green Peas,2023-10-28,Kg,101,136,118
French Bean(Local),2023-10-28,Kg,52,69,60
Bitter Gourd,2023-10-28,Kg,60,97,78
Bottle Gourd,2023-10-28,Kg,32,48,40
Pointed Gourd(Local),2023-10-28,Kg,49,72,60
Snake Gourd,2023-10-28,Kg,38,56,47
Sponge Gourd,2023-10-28,Kg,49,72,60
Pumpkin,2023-10-28,Kg,30,45,37
Squash(Long),2023-10-28,Kg,33,50,41
Okra,2023-10-28,Kg,52,82,67
Arum,2023-10-28,Kg,53,65,59
Barela,2023-10-28,Kg,31,45,38
Radish Red,2023-10-28,Kg,25,36,30
Mushroom(Button),2023-10-28,Kg,286,412,349
Mushroom(Kanya),2023-10-28,Kg,126,175,150
Spinach Leaf,2023-10-28,Kg,71,96,83
Mustard Leaf,2023-10-28,Kg,30,51,40
Coriander,2023-10-28,Kg,110,197,153
Garlic Dry Nepali,2023-10-28,Kg,149,228,188
Garlic Dry Chinese,2023-10-28,Kg,215,258,236
Ginger,2023-10-28,Kg,129,187,158
Chilly Green,2023-10-28,Kg,59,101,80
Capsicum,2023-10-28,Kg,76,116,96
Cucumber(Local),2023-10-28,Kg,46,78,62
Apple(Jholey),2023-10-28,Kg,121,213,167
Banana,2023-10-28,Dozen,78,130,104
Pomegranate,2023-10-28,Kg,222,298,260
Orange(Nepali),2023-10-28,Kg,68,121,94
Papaya(Indian),2023-10-28,Kg,67,89,78
Tomato Big(Nepali),2023-10-29,Kg,34,47,40
Tomato Small(Local),2023-10-29,Kg,25,42,33
Potato Red,2023-10-29,Kg,41,62,51
Potato White,2023-10-29,Kg,32,44,38
Onion Dry (Indian),2023-10-29,Kg,53,84,68
Carrot(Local),2023-10-29,Kg,61,89,75
Cabbage(Local),2023-10-29,Kg,22,36,29
Cauliflower Local,2023-10-29,Kg,38,71,54
Raddish White(Local),2023-10-29,Kg,15,28,21
Brinjal Long,2023-10-29,Kg,33,50,41
Cow pea(Long),2023-10-29,Kg,56,78,67
Green Peas,2023-10-29,Kg,91,131,111
French Bean(Local),2023-10-29,Kg,49,77,63
Bitter Gourd,2023-10-29,Kg,71,109,90
Bottle Gourd,2023-10-29,Kg,35,54,44
Pointed Gourd(Local),2023-10-29,Kg,46,85,65
Snake Gourd,2023-10-29,Kg,43,62,52
Sponge Gourd,2023-10-29,Kg,50,73,61
Pumpkin,2023-10-29,Kg,29,40,34
Squash(Long),2023-10-29,Kg,30,47,38
Okra,2023-10-29,Kg,55,79,67
Arum,2023-10-29,Kg,46,66,56
Barela,2023-10-29,Kg,30,44,37
Radish Red,2023-10-29,Kg,23,40,31
Mushroom(Button),2023-10-29,Kg,297,409,353
Mushroom(Kanya),2023-10-29,Kg,128,167,147
Spinach Leaf,2023-10-29,Kg,73,103,88
Mustard Leaf,2023-10-29,Kg,33,48,40
Coriander,2023-10-29,Kg,122,231,176
Garlic Dry Nepali,2023-10-29,Kg,148,255,201
Garlic Dry Chinese,2023-10-29,Kg,186,265,225
Ginger,2023-10-29,Kg,121,182,151
Chilly Green,2023-10-29,Kg,66,107,86
Capsicum,2023-10-29,Kg,78,125,101
Cucumber(Local),2023-10-29,Kg,46,79,62
Apple(Jholey),2023-10-29,Kg,131,197,164
Banana,2023-10-29,Dozen,80,130,105
Pomegranate,2023-10-29,Kg,220,312,266
Orange(Nepali),2023-10-29,Kg,60,118,89
Papaya(Indian),2023-10-29,Kg,72,90,81
Tomato Big(Nepali),2023-10-30,Kg,36,53,44
Tomato Small(Local),2023-10-30,Kg,24,41,32
Potato Red,2023-10-30,Kg,37,61,49
Potato White,2023-10-30,Kg,31,48,39
Onion Dry (Indian),2023-10-30,Kg,45,75,60
Carrot(Local),2023-10-30,Kg,60,102,81
Cabbage(Local),2023-10-30,Kg,26,37,31
Cauliflower Local,2023-10-30,Kg,40,68,54
Raddish White(Local),2023-10-30,Kg,16,32,24
Brinjal Long,2023-10-30,Kg,38,60,49
Cow pea(Long),2023-10-30,Kg,55,87,71
Green Peas,2023-10-30,Kg,105,126,115
French Bean(Local),2023-10-30,Kg,47,80,63
Bitter Gourd,2023-10-30,Kg,72,95,83
Bottle Gourd,2023-10-30,Kg,33,51,42
Pointed Gourd(Local),2023-10-30,Kg,47,84,65
Snake Gourd,2023-10-30,Kg,38,58,48
Sponge Gourd,2023-10-30,Kg,50,76,63
Pumpkin,2023-10-30,Kg,27,44,35
Squash(Long),2023-10-30,Kg,34,53,43
Okra,2023-10-30,Kg,55,79,67
Arum,2023-10-30,Kg,45,64,54
Barela,2023-10-30,Kg,30,46,38
Radish Red,2023-10-30,Kg,22,36,29
Mushroom(Button),2023-10-30,Kg,304,372,338
Mushroom(Kanya),2023-10-30,Kg,127,177,152
Spinach Leaf,2023-10-30,Kg,69,111,90
Mustard Leaf,2023-10-30,Kg,34,51,42
Coriander,2023-10-30,Kg,119,229,174
Garlic Dry Nepali,2023-10-30,Kg,161,235,198
Garlic Dry Chinese,2023-10-30,Kg,200,278,239
Ginger,2023-10-30,Kg,128,197,162
Chilly Green,2023-10-30,Kg,72,96,84
Capsicum,2023-10-30,Kg,83,127,105
Cucumber(Local),2023-10-30,Kg,54,78,66
Apple(Jholey),2023-10-30,Kg,116,213,164
Banana,2023-10-30,Dozen,84,130,107
Pomegranate,2023-10-30,Kg,215,312,263
Orange(Nepali),2023-10-30,Kg,60,122,91
Papaya(Indian),2023-10-30,Kg,62,87,74
Tomato Big(Nepali),2023-10-31,Kg,31,47,39
Tomato Small(Local),2023-10-31,Kg,23,41,32
Potato Red,2023-10-31,Kg,41,62,51
Potato White,2023-10-31,Kg,35,51,43
Onion Dry (Indian),2023-10-31,Kg,53,82,67
Carrot(Local),2023-10-31,Kg,63,103,83
Cabbage(Local),2023-10-31,Kg,26,37,31
Cauliflower Local,2023-10-31,Kg,41,66,53
Raddish White(Local),2023-10-31,Kg,16,27,21
Brinjal Long,2023-10-31,Kg,39,60,49
Cow pea(Long),2023-10-31,Kg,53,86,69
Green Peas,2023-10-31,Kg,97,124,110
French Bean(Local),2023-10-31,Kg,49,76,62
Bitter Gourd,2023-10-31,Kg,64,103,83
Bottle Gourd,2023-10-31,Kg,33,50,41
Pointed Gourd(Local),2023-10-31,Kg,54,84,69
Snake Gourd,2023-10-31,Kg,43,63,53
Sponge Gourd,2023-10-31,Kg,52,71,61
Pumpkin,2023-10-31,Kg,28,44,36
Squash(Long),2023-10-31,Kg,34,49,41
Okra,2023-10-31,Kg,59,79,69
Arum,2023-10-31,Kg,49,75,62
Barela,2023-10-31,Kg,34,47,40
Radish Red,2023-10-31,Kg,26,37,31
Mushroom(Button),2023-10-31,Kg,307,412,359
Mushroom(Kanya),2023-10-31,Kg,135,179,157
Spinach Leaf,2023-10-31,Kg,78,107,92
Mustard Leaf,2023-10-31,Kg,29,51,40
Coriander,2023-10-31,Kg,112,201,156
Garlic Dry Nepali,2023-10-31,Kg,168,222,195
Garlic Dry Chinese,2023-10-31,Kg,213,268,240
Ginger,2023-10-31,Kg,129,195,162
Chilly Green,2023-10-31,Kg,63,113,88
Capsicum,2023-10-31,Kg,87,112,99
Cucumber(Local),2023-10-31,Kg,48,79,63
Apple(Jholey),2023-10-31,Kg,129,235,182
Banana,2023-10-31,Dozen,74,122,98
Pomegranate,2023-10-31,Kg,191,323,257
Orange(Nepali),2023-10-31,Kg,67,112,89
Papaya(Indian),2023-10-31,Kg,67,88,77
Tomato Big(Nepali),2023-11-01,Kg,35,50,42
Tomato Small(Local),2023-11-01,Kg,26,44,35
Potato Red,2023-11-01,Kg,43,55,49
Potato White,2023-11-01,Kg,35,47,41
Onion Dry (Indian),2023-11-01,Kg,45,72,58
Carrot(Local),2023-11-01,Kg,66,99,82
Cabbage(Local),2023-11-01,Kg,25,38,31
Cauliflower Local,2023-11-01,Kg,42,74,58
Raddish White(Local),2023-11-01,Kg,16,30,23
Brinjal Long,2023-11-01,Kg,39,55,47
Cow pea(Long),2023-11-01,Kg,53,81,67
Green Peas,2023-11-01,Kg,108,142,125
French Bean(Local),2023-11-01,Kg,49,69,59
Bitter Gourd,2023-11-01,Kg,71,103,87
Bottle Gourd,2023-11-01,Kg,34,57,45
Pointed Gourd(Local),2023-11-01,Kg,50,74,62
Snake Gourd,2023-11-01,Kg,40,56,48
Sponge Gourd,2023-11-01,Kg,51,71,61
Pumpkin,2023-11-01,Kg,29,41,35
Squash(Long),2023-11-01,Kg,33,54,43
Okra,2023-11-01,Kg,59,75,67
Arum,2023-11-01,Kg,52,74,63
Barela,2023-11-01,Kg,31,51,41
Radish Red,2023-11-01,Kg,22,38,30
Mushroom(Button),2023-11-01,Kg,287,415,351
Mushroom(Kanya),2023-11-01,Kg,134,182,158
Spinach Leaf,2023-11-01,Kg,77,112,94
Mustard Leaf,2023-11-01,Kg,35,49,42
Coriander,2023-11-01,Kg,114,214,164
Garlic Dry Nepali,2023-11-01,Kg,173,236,204
Garlic Dry Chinese,2023-11-01,Kg,188,284,236
Ginger,2023-11-01,Kg,127,183,155
Chilly Green,2023-11-01,Kg,70,102,86
Capsicum,2023-11-01,Kg,85,113,99
Cucumber(Local),2023-11-01,Kg,45,79,62
Apple(Jholey),2023-11-01,Kg,113,229,171
Banana,2023-11-01,Dozen,87,119,103
Pomegranate,2023-11-01,Kg,226,297,261
Orange(Nepali),2023-11-01,Kg,68,122,95
Papaya(Indian),2023-11-01,Kg,64,88,76
Tomato Big(Nepali),2023-11-02,Kg,35,53,44
Tomato Small(Local),2023-11-02,Kg,25,47,36
Potato Red,2023-11-02,Kg,42,57,49
Potato White,2023-11-02,Kg,32,46,39
Onion Dry (Indian),2023-11-02,Kg,51,80,65
Carrot(Local),2023-11-02,Kg,62,101,81
Cabbage(Local),2023-11-02,Kg,22,41,31
Cauliflower Local,2023-11-02,Kg,39,63,51
Raddish White(Local),2023-11-02,Kg,15,27,21
Brinjal Long,2023-11-02,Kg,36,60,48
Cow pea(Long),2023-11-02,Kg,53,85,69
Green Peas,2023-11-02,Kg,99,129,114
French Bean(Local),2023-11-02,Kg,48,80,64
Bitter Gourd,2023-11-02,Kg,61,107,84
Bottle Gourd,2023-11-02,Kg,35,56,45
Pointed Gourd(Local),2023-11-02,Kg,52,84,68
Snake Gourd,2023-11-02,Kg,39,55,47
Sponge Gourd,2023-11-02,Kg,45,73,59
Pumpkin,2023-11-02,Kg,26,45,35
Squash(Long),2023-11-02,Kg,30,50,40
Okra,2023-11-02,Kg,60,77,68
Arum,2023-11-02,Kg,47,67,57
Barela,2023-11-02,Kg,32,44,38
Radish Red,2023-11-02,Kg,25,37,31
Mushroom(Button),2023-11-02,Kg,311,408,359
Mushroom(Kanya),2023-11-02,Kg,118,181,149
Spinach Leaf,2023-11-02,Kg,76,108,92
Mustard Leaf,2023-11-02,Kg,32,49,40
Coriander,2023-11-02,Kg,112,225,168
Garlic Dry Nepali,2023-11-02,Kg,154,265,209
Garlic Dry Chinese,2023-11-02,Kg,224,267,245
Ginger,2023-11-02,Kg,134,208,171
Chilly Green,2023-11-02,Kg,69,109,89
Capsicum,2023-11-02,Kg,89,129,109
Cucumber(Local),2023-11-02,Kg,51,74,62
Apple(Jholey),2023-11-02,Kg,119,206,162
Banana,2023-11-02,Dozen,85,125,105
Pomegranate,2023-11-02,Kg,191,313,252
Orange(Nepali),2023-11-02,Kg,63,102,82
Papaya(Indian),2023-11-02,Kg,69,104,86
Tomato Big(Nepali),2023-11-03,Kg,32,51,41
Tomato Small(Local),2023-11-03,Kg,24,42,33
Potato Red,2023-11-03,Kg,43,55,49
Potato White,2023-11-03,Kg,32,48,40
Onion Dry (Indian),2023-11-03,Kg,49,82,65
Carrot(Local),2023-11-03,Kg,61,88,74
Cabbage(Local),2023-11-03,Kg,24,39,31
Cauliflower Local,2023-11-03,Kg,44,64,54
Raddish White(Local),2023-11-03,Kg,17,29,23
Brinjal Long,2023-11-03,Kg,39,58,48
Cow pea(Long),2023-11-03,Kg,53,82,67
Green Peas,2023-11-03,Kg,90,143,116
French Bean(Local),2023-11-03,Kg,51,81,66
Bitter Gourd,2023-11-03,Kg,69,106,87
Bottle Gourd,2023-11-03,Kg,34,52,43
Pointed Gourd(Local),2023-11-03,Kg,46,82,64
Snake Gourd,2023-11-03,Kg,42,64,53
Sponge Gourd,2023-11-03,Kg,51,73,62
Pumpkin,2023-11-03,Kg,27,43,35
Squash(Long),2023-11-03,Kg,32,57,44
Okra,2023-11-03,Kg,54,79,66
Arum,2023-11-03,Kg,48,68,58
Barela,2023-11-03,Kg,30,47,38
Radish Red,2023-11-03,Kg,23,41,32
Mushroom(Button),2023-11-03,Kg,285,363,324
Mushroom(Kanya),2023-11-03,Kg,118,183,150
Spinach Leaf,2023-11-03,Kg,76,97,86
Mustard Leaf,2023-11-03,Kg,36,50,43
Coriander,2023-11-03,Kg,115,217,166
Garlic Dry Nepali,2023-11-03,Kg,161,248,204
Garlic Dry Chinese,2023-11-03,Kg,189,255,222
Ginger,2023-11-03,Kg,135,190,162
Chilly Green,2023-11-03,Kg,70,105,87
Capsicum,2023-11-03,Kg,82,133,107
Cucumber(Local),2023-11-03,Kg,51,85,68
Apple(Jholey),2023-11-03,Kg,113,210,161
Banana,2023-11-03,Dozen,86,121,103
Pomegranate,2023-11-03,Kg,208,332,270
Orange(Nepali),2023-11-03,Kg,62,111,86
Papaya(Indian),2023-11-03,Kg,61,91,76
Tomato Big(Nepali),2023-11-04,Kg,31,54,42
Tomato Small(Local),2023-11-04,Kg,24,46,35
Potato Red,2023-11-04,Kg,45,59,52
Potato White,2023-11-04,Kg,36,51,43
Onion Dry (Indian),2023-11-04,Kg,48,75,61
Carrot(Local),2023-11-04,Kg,71,93,82
Cabbage(Local),2023-11-04,Kg,23,37,30
Cauliflower Local,2023-11-04,Kg,40,75,57
Raddish White(Local),2023-11-04,Kg,17,32,24
Brinjal Long,2023-11-04,Kg,34,56,45
Cow pea(Long),2023-11-04,Kg,59,95,77
Green Peas,2023-11-04,Kg,101,124,112
French Bean(Local),2023-11-04,Kg,53,68,60
Bitter Gourd,2023-11-04,Kg,62,114,88
Bottle Gourd,2023-11-04,Kg,32,49,40
Pointed Gourd(Local),2023-11-04,Kg,50,83,66
Snake Gourd,2023-11-04,Kg,41,61,51
Sponge Gourd,2023-11-04,Kg,51,73,62
Pumpkin,2023-11-04,Kg,30,43,36
Squash(Long),2023-11-04,Kg,36,53,44
Okra,2023-11-04,Kg,54,80,67
Arum,2023-11-04,Kg,53,74,63
Barela,2023-11-04,Kg,30,44,37
Radish Red,2023-11-04,Kg,25,38,31
Mushroom(Button),2023-11-04,Kg,276,389,332
Mushroom(Kanya),2023-11-04,Kg,132,182,157
Spinach Leaf,2023-11-04,Kg,68,95,81
Mustard Leaf,2023-11-04,Kg,30,47,38
Coriander,2023-11-04,Kg,125,227,176
Garlic Dry Nepali,2023-11-04,Kg,179,242,210
Garlic Dry Chinese,2023-11-04,Kg,205,291,248
Ginger,2023-11-04,Kg,121,198,159
Chilly Green,2023-11-04,Kg,62,103,82
Capsicum,2023-11-04,Kg,77,130,103
Cucumber(Local),2023-11-04,Kg,52,74,63
Apple(Jholey),2023-11-04,Kg,126,208,167
Banana,2023-11-04,Dozen,82,128,105
Pomegranate,2023-11-04,Kg,211,325,268
Orange(Nepali),2023-11-04,Kg,61,115,88
Papaya(Indian),2023-11-04,Kg,63,101,82
Tomato Big(Nepali),2023-11-05,Kg,32,55,43
Tomato Small(Local),2023-11-05,Kg,25,47,36
Potato Red,2023-11-05,Kg,40,64,52
Potato White,2023-11-05,Kg,31,50,40
Onion Dry (Indian),2023-11-05,Kg,46,81,63
Carrot(Local),2023-11-05,Kg,72,100,86
Cabbage(Local),2023-11-05,Kg,23,41,32
Cauliflower Local,2023-11-05,Kg,44,71,57
Raddish White(Local),2023-11-05,Kg,16,33,24
Brinjal Long,2023-11-05,Kg,36,51,43
Cow pea(Long),2023-11-05,Kg,53,79,66
Green Peas,2023-11-05,Kg,92,122,107
French Bean(Local),2023-11-05,Kg,53,77,65
Bitter Gourd,2023-11-05,Kg,68,100,84
Bottle Gourd,2023-11-05,Kg,30,54,42
Pointed Gourd(Local),2023-11-05,Kg,52,73,62
Snake Gourd,2023-11-05,Kg,44,58,51
Sponge Gourd,2023-11-05,Kg,47,79,63
Pumpkin,2023-11-05,Kg,29,42,35
Squash(Long),2023-11-05,Kg,35,53,44
Okra,2023-11-05,Kg,62,77,69
Arum,2023-11-05,Kg,52,75,63
Barela,2023-11-05,Kg,34,47,40
Radish Red,2023-11-05,Kg,26,43,34
Mushroom(Button),2023-11-05,Kg,288,365,326
Mushroom(Kanya),2023-11-05,Kg,112,188,150
Spinach Leaf,2023-11-05,Kg,75,99,87
Mustard Leaf,2023-11-05,Kg,31,56,43
Coriander,2023-11-05,Kg,123,222,172
Garlic Dry Nepali,2023-11-05,Kg,178,222,200
Garlic Dry Chinese,2023-11-05,Kg,216,286,251
Ginger,2023-11-05,Kg,117,181,149
Chilly Green,2023-11-05,Kg,65,103,84
Capsicum,2023-11-05,Kg,80,119,99
Cucumber(Local),2023-11-05,Kg,45,72,58
Apple(Jholey),2023-11-05,Kg,131,213,172
Banana,2023-11-05,Dozen,87,118,102
Pomegranate,2023-11-05,Kg,197,319,258
Orange(Nepali),2023-11-05,Kg,68,122,95
Papaya(Indian),2023-11-05,Kg,61,100,80
Tomato Big(Nepali),2023-11-06,Kg,30,54,42
Tomato Small(Local),2023-11-06,Kg,25,41,33
Potato Red,2023-11-06,Kg,42,62,52
Potato White,2023-11-06,Kg,35,52,43
Onion Dry (Indian),2023-11-06,Kg,47,85,66
Carrot(Local),2023-11-06,Kg,63,101,82
Cabbage(Local),2023-11-06,Kg,23,40,31
Cauliflower Local,2023-11-06,Kg,44,75,59
Raddish White(Local),2023-11-06,Kg,18,30,24
Brinjal Long,2023-11-06,Kg,34,54,44
Cow pea(Long),2023-11-06,Kg,63,86,74
Green Peas,2023-11-06,Kg,104,128,116
French Bean(Local),2023-11-06,Kg,45,71,58
Bitter Gourd,2023-11-06,Kg,61,100,80
Bottle Gourd,2023-11-06,Kg,35,53,44
Pointed Gourd(Local),2023-11-06,Kg,48,79,63
Snake Gourd,2023-11-06,Kg,38,65,51
Sponge Gourd,2023-11-06,Kg,48,70,59
Pumpkin,2023-11-06,Kg,27,43,35
Squash(Long),2023-11-06,Kg,33,50,41
Okra,2023-11-06,Kg,61,81,71
Arum,2023-11-06,Kg,53,73,63
Barela,2023-11-06,Kg,36,47,41
Radish Red,2023-11-06,Kg,23,42,32
Mushroom(Button),2023-11-06,Kg,298,378,338
Mushroom(Kanya),2023-11-06,Kg,119,184,151
Spinach Leaf,2023-11-06,Kg,79,112,95
Mustard Leaf,2023-11-06,Kg,33,50,41
Coriander,2023-11-06,Kg,121,221,171
Garlic Dry Nepali,2023-11-06,Kg,175,265,220
Garlic Dry Chinese,2023-11-06,Kg,224,303,263
Ginger,2023-11-06,Kg,137,179,158
Chilly Green,2023-11-06,Kg,60,108,84
Capsicum,2023-11-06,Kg,75,122,98
Cucumber(Local),2023-11-06,Kg,51,72,61
Apple(Jholey),2023-11-06,Kg,114,232,173
Banana,2023-11-06,Dozen,81,113,97
Pomegranate,2023-11-06,Kg,191,323,257
Orange(Nepali),2023-11-06,Kg,67,124,95
Papaya(Indian),2023-11-06,Kg,61,103,82
Tomato Big(Nepali),2023-11-07,Kg,32,51,41
Tomato Small(Local),2023-11-07,Kg,26,44,35
Potato Red,2023-11-07,Kg,43,56,49
Potato White,2023-11-07,Kg,35,50,42
Onion Dry (Indian),2023-11-07,Kg,50,76,63
Carrot(Local),2023-11-07,Kg,73,91,82
Cabbage(Local),2023-11-07,Kg,25,42,33
Cauliflower Local,2023-11-07,Kg,40,77,58
Raddish White(Local),2023-11-07,Kg,15,33,24
Brinjal Long,2023-11-07,Kg,36,56,46
Cow pea(Long),2023-11-07,Kg,54,80,67
Green Peas,2023-11-07,Kg,108,134,121
French Bean(Local),2023-11-07,Kg,46,77,61
Bitter Gourd,2023-11-07,Kg,66,106,86
Bottle Gourd,2023-11-07,Kg,30,47,38
Pointed Gourd(Local),2023-11-07,Kg,54,84,69
Snake Gourd,2023-11-07,Kg,44,56,50
Sponge Gourd,2023-11-07,Kg,51,72,61
Pumpkin,2023-11-07,Kg,27,42,34
Squash(Long),2023-11-07,Kg,33,56,44
Okra,2023-11-07,Kg,56,85,70
Arum,2023-11-07,Kg,48,72,60
Barela,2023-11-07,Kg,33,47,40
Radish Red,2023-11-07,Kg,23,37,30
Mushroom(Button),2023-11-07,Kg,275,367,321
Mushroom(Kanya),2023-11-07,Kg,115,185,150
Spinach Leaf,2023-11-07,Kg,76,111,93
Mustard Leaf,2023-11-07,Kg,33,52,42
Coriander,2023-11-07,Kg,114,227,170
Garlic Dry Nepali,2023-11-07,Kg,174,235,204
Garlic Dry Chinese,2023-11-07,Kg,227,286,256
Ginger,2023-11-07,Kg,128,186,157
Chilly Green,2023-11-07,Kg,61,109,85
Capsicum,2023-11-07,Kg,91,120,105
Cucumber(Local),2023-11-07,Kg,54,74,64
Apple(Jholey),2023-11-07,Kg,132,213,172
Banana,2023-11-07,Dozen,90,124,107
Pomegranate,2023-11-07,Kg,200,308,254
Orange(Nepali),2023-11-07,Kg,65,125,95
Papaya(Indian),2023-11-07,Kg,72,89,80
Tomato Big(Nepali),2023-11-08,Kg,32,53,42
Tomato Small(Local),2023-11-08,Kg,26,47,36
Potato Red,2023-11-08,Kg,38,58,48
Potato White,2023-11-08,Kg,31,50,40
Onion Dry (Indian),2023-11-08,Kg,48,73,60
Carrot(Local),2023-11-08,Kg,66,102,84
Cabbage(Local),2023-11-08,Kg,25,36,30
Cauliflower Local,2023-11-08,Kg,44,77,60
Raddish White(Local),2023-11-08,Kg,16,29,22
Brinjal Long,2023-11-08,Kg,39,60,49
Cow pea(Long),2023-11-08,Kg,64,85,74
Green Peas,2023-11-08,Kg,104,136,120
French Bean(Local),2023-11-08,Kg,47,81,64
Bitter Gourd,2023-11-08,Kg,66,98,82
Bottle Gourd,2023-11-08,Kg,31,56,43
Pointed Gourd(Local),2023-11-08,Kg,54,74,64
Snake Gourd,2023-11-08,Kg,44,59,51
Sponge Gourd,2023-11-08,Kg,47,70,58
Pumpkin,2023-11-08,Kg,31,45,38
Squash(Long),2023-11-08,Kg,34,54,44
Okra,2023-11-08,Kg,63,72,67
Arum,2023-11-08,Kg,50,64,57
Barela,2023-11-08,Kg,31,51,41
Radish Red,2023-11-08,Kg,26,42,34
Mushroom(Button),2023-11-08,Kg,275,416,345
Mushroom(Kanya),2023-11-08,Kg,119,185,152
Spinach Leaf,2023-11-08,Kg,81,106,93
Mustard Leaf,2023-11-08,Kg,34,48,41
Coriander,2023-11-08,Kg,124,210,167
Garlic Dry Nepali,2023-11-08,Kg,159,243,201
Garlic Dry Chinese,2023-11-08,Kg,222,307,264
Ginger,2023-11-08,Kg,122,201,161
Chilly Green,2023-11-08,Kg,64,110,87
Capsicum,2023-11-08,Kg,91,119,105
Cucumber(Local),2023-11-08,Kg,46,86,66
Apple(Jholey),2023-11-08,Kg,132,215,173
Banana,2023-11-08,Dozen,76,135,105
Pomegranate,2023-11-08,Kg,193,288,240
Orange(Nepali),2023-11-08,Kg,72,104,88
Papaya(Indian),2023-11-08,Kg,66,101,83
Tomato Big(Nepali),2023-11-09,Kg,30,55,42
Tomato Small(Local),2023-11-09,Kg,27,41,34
Potato Red,2023-11-09,Kg,39,59,49
Potato White,2023-11-09,Kg,32,50,41
Onion Dry (Indian),2023-11-09,Kg,48,75,61
Carrot(Local),2023-11-09,Kg,71,88,79
Cabbage(Local),2023-11-09,Kg,24,40,32
Cauliflower Local,2023-11-09,Kg,38,68,53
Raddish White(Local),2023-11-09,Kg,16,33,24
Brinjal Long,2023-11-09,Kg,36,55,45
Cow pea(Long),2023-11-09,Kg,58,83,70
Green Peas,2023-11-09,Kg,99,122,110
French Bean(Local),2023-11-09,Kg,46,76,61
Bitter Gourd,2023-11-09,Kg,66,107,86
Bottle Gourd,2023-11-09,Kg,35,51,43
Pointed Gourd(Local),2023-11-09,Kg,49,76,62
Snake Gourd,2023-11-09,Kg,41,59,50
Sponge Gourd,2023-11-09,Kg,48,74,61
Pumpkin,2023-11-09,Kg,28,48,38
Squash(Long),2023-11-09,Kg,34,48,41
Okra,2023-11-09,Kg,60,77,68
Arum,2023-11-09,Kg,53,75,64
Barela,2023-11-09,Kg,32,46,39
Radish Red,2023-11-09,Kg,26,38,32
Mushroom(Button),2023-11-09,Kg,317,368,342
Mushroom(Kanya),2023-11-09,Kg,116,162,139
Spinach Leaf,2023-11-09,Kg,81,116,98
Mustard Leaf,2023-11-09,Kg,35,56,45
Coriander,2023-11-09,Kg,129,223,176
Garlic Dry Nepali,2023-11-09,Kg,163,269,216
Garlic Dry Chinese,2023-11-09,Kg,201,257,229
Ginger,2023-11-09,Kg,118,197,157
Chilly Green,2023-11-09,Kg,71,100,85
Capsicum,2023-11-09,Kg,80,114,97
Cucumber(Local),2023-11-09,Kg,54,74,64
Apple(Jholey),2023-11-09,Kg,129,211,170
Banana,2023-11-09,Dozen,79,119,99
Pomegranate,2023-11-09,Kg,208,336,272
Orange(Nepali),2023-11-09,Kg,64,117,90
Papaya(Indian),2023-11-09,Kg,70,92,81
Tomato Big(Nepali),2023-11-10,Kg,33,57,45
Tomato Small(Local),2023-11-10,Kg,24,41,32
Potato Red,2023-11-10,Kg,38,64,51
Potato White,2023-11-10,Kg,31,48,39
Onion Dry (Indian),2023-11-10,Kg,50,83,66
Carrot(Local),2023-11-10,Kg,73,106,89
Cabbage(Local),2023-11-10,Kg,24,39,31
Cauliflower Local,2023-11-10,Kg,44,75,59
Raddish White(Local),2023-11-10,Kg,15,30,22
Brinjal Long,2023-11-10,Kg,37,62,49
Cow pea(Long),2023-11-10,Kg,63,90,76
Green Peas,2023-11-10,Kg,99,143,121
French Bean(Local),2023-11-10,Kg,51,72,61
Bitter Gourd,2023-11-10,Kg,70,103,86
Bottle Gourd,2023-11-10,Kg,33,56,44
Pointed Gourd(Local),2023-11-10,Kg,51,87,69
Snake Gourd,2023-11-10,Kg,42,59,50
Sponge Gourd,2023-11-10,Kg,53,73,63
Pumpkin,2023-11-10,Kg,30,41,35
Squash(Long),2023-11-10,Kg,30,49,39
Okra,2023-11-10,Kg,54,86,70
Arum,2023-11-10,Kg,48,77,62
Barela,2023-11-10,Kg,33,48,40
Radish Red,2023-11-10,Kg,23,40,31
Mushroom(Button),2023-11-10,Kg,296,375,335
Mushroom(Kanya),2023-11-10,Kg,124,180,152
Spinach Leaf,2023-11-10,Kg,71,103,87
Mustard Leaf,2023-11-10,Kg,36,51,43
Coriander,2023-11-10,Kg,118,205,161
Garlic Dry Nepali,2023-11-10,Kg,167,240,203
Garlic Dry Chinese,2023-11-10,Kg,218,267,242
Ginger,2023-11-10,Kg,116,180,148
Chilly Green,2023-11-10,Kg,69,108,88
Capsicum,2023-11-10,Kg,84,131,107
Cucumber(Local),2023-11-10,Kg,54,83,68
Apple(Jholey),2023-11-10,Kg,125,237,181
Banana,2023-11-10,Dozen,86,132,109
Pomegranate,2023-11-10,Kg,190,303,246
Orange(Nepali),2023-11-10,Kg,61,110,85
Papaya(Indian),2023-11-10,Kg,61,97,79
Tomato Big(Nepali),2023-11-11,Kg,36,56,46
Tomato Small(Local),2023-11-11,Kg,23,43,33
Potato Red,2023-11-11,Kg,41,63,52
Potato White,2023-11-11,Kg,35,46,40
Onion Dry (Indian),2023-11-11,Kg,55,78,66
Carrot(Local),2023-11-11,Kg,65,100,82
Cabbage(Local),2023-11-11,Kg,26,37,31
Cauliflower Local,2023-11-11,Kg,39,65,52
Raddish White(Local),2023-11-11,Kg,17,29,23
Brinjal Long,2023-11-11,Kg,37,56,46
Cow pea(Long),2023-11-11,Kg,57,92,74
Green Peas,2023-11-11,Kg,94,137,115
French Bean(Local),2023-11-11,Kg,52,71,61
Bitter Gourd,2023-11-11,Kg,72,98,85
Bottle Gourd,2023-11-11,Kg,33,49,41
Pointed Gourd(Local),2023-11-11,Kg,47,76,61
Snake Gourd,2023-11-11,Kg,40,66,53
Sponge Gourd,2023-11-11,Kg,48,73,60
Pumpkin,2023-11-11,Kg,27,45,36
Squash(Long),2023-11-11,Kg,30,53,41
Okra,2023-11-11,Kg,61,79,70
Arum,2023-11-11,Kg,55,70,62
Barela,2023-11-11,Kg,31,49,40
Radish Red,2023-11-11,Kg,24,36,30
Mushroom(Button),2023-11-11,Kg,291,383,337
Mushroom(Kanya),2023-11-11,Kg,134,192,163
Spinach Leaf,2023-11-11,Kg,74,105,89
Mustard Leaf,2023-11-11,Kg,34,52,43
Coriander,2023-11-11,Kg,120,221,170
Garlic Dry Nepali,2023-11-11,Kg,170,261,215
Garlic Dry Chinese,2023-11-11,Kg,222,307,264
Ginger,2023-11-11,Kg,128,189,158
Chilly Green,2023-11-11,Kg,72,107,89
Capsicum,2023-11-11,Kg,92,132,112
Cucumber(Local),2023-11-11,Kg,51,86,68
Apple(Jholey),2023-11-11,Kg,121,225,173
Banana,2023-11-11,Dozen,85,123,104
Pomegranate,2023-11-11,Kg,210,313,261
Orange(Nepali),2023-11-11,Kg,72,114,93
Papaya(Indian),2023-11-11,Kg,66,105,85
Tomato Big(Nepali),2023-11-12,Kg,36,54,45
Tomato Small(Local),2023-11-12,Kg,26,45,35
Potato Red,2023-11-12,Kg,45,61,53
Potato White,2023-11-12,Kg,36,50,43
Onion Dry (Indian),2023-11-12,Kg,52,77,64
Carrot(Local),2023-11-12,Kg,72,100,86
Cabbage(Local),2023-11-12,Kg,27,40,33
Cauliflower Local,2023-11-12,Kg,40,76,58
Raddish White(Local),2023-11-12,Kg,17,30,23
Brinjal Long,2023-11-12,Kg,36,58,47
Cow pea(Long),2023-11-12,Kg,62,89,75
Green Peas,2023-11-12,Kg,109,144,126
French Bean(Local),2023-11-12,Kg,47,81,64
Bitter Gourd,2023-11-12,Kg,73,106,89
Bottle Gourd,2023-11-12,Kg,31,51,41
Pointed Gourd(Local),2023-11-12,Kg,49,83,66
Snake Gourd,2023-11-12,Kg,40,62,51
Sponge Gourd,2023-11-12,Kg,54,80,67
Pumpkin,2023-11-12,Kg,32,47,39
Squash(Long),2023-11-12,Kg,34,52,43
Okra,2023-11-12,Kg,55,87,71
Arum,2023-11-12,Kg,46,67,56
Barela,2023-11-12,Kg,36,51,43
Radish Red,2023-11-12,Kg,24,37,30
Mushroom(Button),2023-11-12,Kg,278,428,353
Mushroom(Kanya),2023-11-12,Kg,129,177,153
Spinach Leaf,2023-11-12,Kg,73,116,94
Mustard Leaf,2023-11-12,Kg,36,56,46
Coriander,2023-11-12,Kg,138,219,178
Garlic Dry Nepali,2023-11-12,Kg,166,266,216
Garlic Dry Chinese,2023-11-12,Kg,193,306,249
Ginger,2023-11-12,Kg,116,203,159
Chilly Green,2023-11-12,Kg,65,116,90
Capsicum,2023-11-12,Kg,77,133,105
Cucumber(Local),2023-11-12,Kg,55,80,67
Apple(Jholey),2023-11-12,Kg,129,226,177
Banana,2023-11-12,Dozen,87,133,110
Pomegranate,2023-11-12,Kg,215,306,260
Orange(Nepali),2023-11-12,Kg,69,112,90
Papaya(Indian),2023-11-12,Kg,72,89,80
Tomato Big(Nepali),2023-11-13,Kg,33,54,43
Tomato Small(Local),2023-11-13,Kg,25,41,33
Potato Red,2023-11-13,Kg,38,56,47
Potato White,2023-11-13,Kg,32,48,40
Onion Dry (Indian),2023-11-13,Kg,49,77,63
Carrot(Local),2023-11-13,Kg,62,97,79
Cabbage(Local),2023-11-13,Kg,23,37,30
Cauliflower Local,2023-11-13,Kg,39,69,54
Raddish White(Local),2023-11-13,Kg,16,31,23
Brinjal Long,2023-11-13,Kg,36,56,46
Cow pea(Long),2023-11-13,Kg,54,87,70
Green Peas,2023-11-13,Kg,95,139,117
French Bean(Local),2023-11-13,Kg,54,71,62
Bitter Gourd,2023-11-13,Kg,64,107,85
Bottle Gourd,2023-11-13,Kg,36,58,47
Pointed Gourd(Local),2023-11-13,Kg,53,73,63
Snake Gourd,2023-11-13,Kg,42,68,55
Sponge Gourd,2023-11-13,Kg,46,77,61
Pumpkin,2023-11-13,Kg,30,48,39
Squash(Long),2023-11-13,Kg,32,56,44
Okra,2023-11-13,Kg,58,85,71
Arum,2023-11-13,Kg,55,70,62
Barela,2023-11-13,Kg,35,52,43
Radish Red,2023-11-13,Kg,25,37,31
Mushroom(Button),2023-11-13,Kg,271,397,334
Mushroom(Kanya),2023-11-13,Kg,132,186,159
Spinach Leaf,2023-11-13,Kg,81,116,98
Mustard Leaf,2023-11-13,Kg,36,54,45
Coriander,2023-11-13,Kg,123,220,171
Garlic Dry Nepali,2023-11-13,Kg,185,238,211
Garlic Dry Chinese,2023-11-13,Kg,212,270,241
Ginger,2023-11-13,Kg,136,189,162
Chilly Green,2023-11-13,Kg,73,108,90
Capsicum,2023-11-13,Kg,87,136,111
Cucumber(Local),2023-11-13,Kg,48,75,61
Apple(Jholey),2023-11-13,Kg,123,229,176
Banana,2023-11-13,Dozen,87,122,104
Pomegranate,2023-11-13,Kg,205,297,251
Orange(Nepali),2023-11-13,Kg,66,116,91
Papaya(Indian),2023-11-13,Kg,71,95,83
Tomato Big(Nepali),2023-11-14,Kg,32,48,40
Tomato Small(Local),2023-11-14,Kg,27,48,37
Potato Red,2023-11-14,Kg,39,63,51
Potato White,2023-11-14,Kg,37,49,43
Onion Dry (Indian),2023-11-14,Kg,54,82,68
Carrot(Local),2023-11-14,Kg,68,99,83
Cabbage(Local),2023-11-14,Kg,26,36,31
Cauliflower Local,2023-11-14,Kg,39,78,58
Raddish White(Local),2023-11-14,Kg,15,31,23
Brinjal Long,2023-11-14,Kg,36,62,49
Cow pea(Long),2023-11-14,Kg,61,82,71
Green Peas,2023-11-14,Kg,110,133,121
French Bean(Local),2023-11-14,Kg,54,82,68
Bitter Gourd,2023-11-14,Kg,67,103,85
Bottle Gourd,2023-11-14,Kg,33,57,45
Pointed Gourd(Local),2023-11-14,Kg,56,76,66
Snake Gourd,2023-11-14,Kg,42,61,51
Sponge Gourd,2023-11-14,Kg,46,81,63
Pumpkin,2023-11-14,Kg,32,41,36
Squash(Long),2023-11-14,Kg,33,58,45
Okra,2023-11-14,Kg,62,81,71
Arum,2023-11-14,Kg,48,68,58
Barela,2023-11-14,Kg,34,47,40
Radish Red,2023-11-14,Kg,27,37,32
Mushroom(Button),2023-11-14,Kg,290,412,351
Mushroom(Kanya),2023-11-14,Kg,140,180,160
Spinach Leaf,2023-11-14,Kg,77,100,88
Mustard Leaf,2023-11-14,Kg,31,52,41
Coriander,2023-11-14,Kg,116,235,175
Garlic Dry Nepali,2023-11-14,Kg,179,272,225
Garlic Dry Chinese,2023-11-14,Kg,233,296,264
Ginger,2023-11-14,Kg,131,210,170
Chilly Green,2023-11-14,Kg,69,105,87
Capsicum,2023-11-14,Kg,77,127,102
Cucumber(Local),2023-11-14,Kg,55,75,65
Apple(Jholey),2023-11-14,Kg,126,217,171
Banana,2023-11-14,Dozen,91,131,111
Pomegranate,2023-11-14,Kg,217,308,262
Orange(Nepali),2023-11-14,Kg,61,123,92
Papaya(Indian),2023-11-14,Kg,64,104,84
Tomato Big(Nepali),2023-11-15,Kg,32,56,44
Tomato Small(Local),2023-11-15,Kg,24,48,36
Potato Red,2023-11-15,Kg,42,58,50
Potato White,2023-11-15,Kg,37,53,45
Onion Dry (Indian),2023-11-15,Kg,55,73,64
Carrot(Local),2023-11-15,Kg,68,103,85
Cabbage(Local),2023-11-15,Kg,27,38,32
Cauliflower Local,2023-11-15,Kg,39,77,58
Raddish White(Local),2023-11-15,Kg,15,29,22
Brinjal Long,2023-11-15,Kg,41,56,48
Cow pea(Long),2023-11-15,Kg,65,86,75
Green Peas,2023-11-15,Kg,93,131,112
French Bean(Local),2023-11-15,Kg,47,82,64
Bitter Gourd,2023-11-15,Kg,67,111,89
Bottle Gourd,2023-11-15,Kg,34,57,45
Pointed Gourd(Local),2023-11-15,Kg,46,73,59
Snake Gourd,2023-11-15,Kg,46,62,54
Sponge Gourd,2023-11-15,Kg,49,74,61
Pumpkin,2023-11-15,Kg,29,45,37
Squash(Long),2023-11-15,Kg,37,58,47
Okra,2023-11-15,Kg,61,81,71
Arum,2023-11-15,Kg,48,68,58
Barela,2023-11-15,Kg,35,49,42
Radish Red,2023-11-15,Kg,27,44,35
Mushroom(Button),2023-11-15,Kg,285,391,338
Mushroom(Kanya),2023-11-15,Kg,138,179,158
Spinach Leaf,2023-11-15,Kg,69,103,86
Mustard Leaf,2023-11-15,Kg,33,51,42
Coriander,2023-11-15,Kg,129,227,178
Garlic Dry Nepali,2023-11-15,Kg,188,259,223
Garlic Dry Chinese,2023-11-15,Kg,197,298,247
Ginger,2023-11-15,Kg,137,192,164
Chilly Green,2023-11-15,Kg,70,117,93
Capsicum,2023-11-15,Kg,78,130,104
Cucumber(Local),2023-11-15,Kg,55,85,70
Apple(Jholey),2023-11-15,Kg,121,244,182
Banana,2023-11-15,Dozen,92,121,106
Pomegranate,2023-11-15,Kg,231,343,287
Orange(Nepali),2023-11-15,Kg,68,127,97
Papaya(Indian),2023-11-15,Kg,64,102,83
Tomato Big(Nepali),2023-11-16,Kg,31,51,41
Tomato Small(Local),2023-11-16,Kg,23,44,33
Potato Red,2023-11-16,Kg,45,68,56
Potato White,2023-11-16,Kg,31,53,42
Onion Dry (Indian),2023-11-16,Kg,46,84,65
Carrot(Local),2023-11-16,Kg,73,105,89
Cabbage(Local),2023-11-16,Kg,26,36,31
Cauliflower Local,2023-11-16,Kg,46,78,62
Raddish White(Local),2023-11-16,Kg,16,30,23
Brinjal Long,2023-11-16,Kg,36,55,45
Cow pea(Long),2023-11-16,Kg,57,82,69
Green Peas,2023-11-16,Kg,112,129,120
French Bean(Local),2023-11-16,Kg,56,69,62
Bitter Gourd,2023-11-16,Kg,72,101,86
Bottle Gourd,2023-11-16,Kg,37,59,48
Pointed Gourd(Local),2023-11-16,Kg,51,88,69
Snake Gourd,2023-11-16,Kg,45,64,54
Sponge Gourd,2023-11-16,Kg,49,75,62
Pumpkin,2023-11-16,Kg,28,47,37
Squash(Long),2023-11-16,Kg,37,57,47
Okra,2023-11-16,Kg,61,88,74
Arum,2023-11-16,Kg,48,71,59
Barela,2023-11-16,Kg,34,47,40
Radish Red,2023-11-16,Kg,25,40,32
Mushroom(Button),2023-11-16,Kg,286,383,334
Mushroom(Kanya),2023-11-16,Kg,127,185,156
Spinach Leaf,2023-11-16,Kg,79,118,98
Mustard Leaf,2023-11-16,Kg,32,56,44
Coriander,2023-11-16,Kg,134,244,189
Garlic Dry Nepali,2023-11-16,Kg,175,250,212
Garlic Dry Chinese,2023-11-16,Kg,235,313,274
Ginger,2023-11-16,Kg,124,188,156
Chilly Green,2023-11-16,Kg,63,110,86
Capsicum,2023-11-16,Kg,79,136,107
Cucumber(Local),2023-11-16,Kg,52,84,68
Apple(Jholey),2023-11-16,Kg,121,241,181
Banana,2023-11-16,Dozen,92,120,106
Pomegranate,2023-11-16,Kg,232,300,266
Orange(Nepali),2023-11-16,Kg,75,123,99
Papaya(Indian),2023-11-16,Kg,65,102,83
Tomato Big(Nepali),2023-11-17,Kg,37,58,47
Tomato Small(Local),2023-11-17,Kg,24,49,36
Potato Red,2023-11-17,Kg,39,57,48
Potato White,2023-11-17,Kg,34,53,43
Onion Dry (Indian),2023-11-17,Kg,54,76,65
Carrot(Local),2023-11-17,Kg,70,95,82
Cabbage(Local),2023-11-17,Kg,23,39,31
Cauliflower Local,2023-11-17,Kg,41,78,59
Raddish White(Local),2023-11-17,Kg,15,31,23
Brinjal Long,2023-11-17,Kg,39,55,47
Cow pea(Long),2023-11-17,Kg,57,87,72
Green Peas,2023-11-17,Kg,109,140,124
French Bean(Local),2023-11-17,Kg,55,79,67
Bitter Gourd,2023-11-17,Kg,73,101,87
Bottle Gourd,2023-11-17,Kg,34,58,46
Pointed Gourd(Local),2023-11-17,Kg,49,75,62
Snake Gourd,2023-11-17,Kg,40,64,52
Sponge Gourd,2023-11-17,Kg,52,81,66
Pumpkin,2023-11-17,Kg,30,41,35
Squash(Long),2023-11-17,Kg,31,58,44
Okra,2023-11-17,Kg,57,77,67
Arum,2023-11-17,Kg,55,70,62
Barela,2023-11-17,Kg,33,49,41
Radish Red,2023-11-17,Kg,25,40,32
Mushroom(Button),2023-11-17,Kg,294,403,348
Mushroom(Kanya),2023-11-17,Kg,141,176,158
Spinach Leaf,2023-11-17,Kg,83,116,99
Mustard Leaf,2023-11-17,Kg,37,58,47
Coriander,2023-11-17,Kg,124,213,168
Garlic Dry Nepali,2023-11-17,Kg,176,235,205
Garlic Dry Chinese,2023-11-17,Kg,234,288,261
Ginger,2023-11-17,Kg,128,216,172
Chilly Green,2023-11-17,Kg,71,115,93
Capsicum,2023-11-17,Kg,78,118,98
Cucumber(Local),2023-11-17,Kg,47,75,61
Apple(Jholey),2023-11-17,Kg,121,245,183
Banana,2023-11-17,Dozen,93,137,115
Pomegranate,2023-11-17,Kg,197,333,265
Orange(Nepali),2023-11-17,Kg,63,124,93
Papaya(Indian),2023-11-17,Kg,71,90,80
Tomato Big(Nepali),2023-11-18,Kg,35,58,46
Tomato Small(Local),2023-11-18,Kg,24,45,34
Potato Red,2023-11-18,Kg,43,68,55
Potato White,2023-11-18,Kg,34,52,43
Onion Dry (Indian),2023-11-18,Kg,53,78,65
Carrot(Local),2023-11-18,Kg,74,100,87
Cabbage(Local),2023-11-18,Kg,28,39,33
Cauliflower Local,2023-11-18,Kg,41,68,54
Raddish White(Local),2023-11-18,Kg,15,30,22
Brinjal Long,2023-11-18,Kg,40,56,48
Cow pea(Long),2023-11-18,Kg,56,95,75
Green Peas,2023-11-18,Kg,100,134,117
French Bean(Local),2023-11-18,Kg,51,84,67
Bitter Gourd,2023-11-18,Kg,64,103,83
Bottle Gourd,2023-11-18,Kg,37,59,48
Pointed Gourd(Local),2023-11-18,Kg,50,88,69
Snake Gourd,2023-11-18,Kg,39,64,51
Sponge Gourd,2023-11-18,Kg,54,80,67
Pumpkin,2023-11-18,Kg,31,46,38
Squash(Long),2023-11-18,Kg,37,54,45
Okra,2023-11-18,Kg,60,78,69
Arum,2023-11-18,Kg,50,76,63
Barela,2023-11-18,Kg,33,53,43
Radish Red,2023-11-18,Kg,24,43,33
Mushroom(Button),2023-11-18,Kg,288,441,364
Mushroom(Kanya),2023-11-18,Kg,130,184,157
Spinach Leaf,2023-11-18,Kg,82,104,93
Mustard Leaf,2023-11-18,Kg,32,55,43
Coriander,2023-11-18,Kg,134,239,186
Garlic Dry Nepali,2023-11-18,Kg,169,244,206
Garlic Dry Chinese,2023-11-18,Kg,196,296,246
Ginger,2023-11-18,Kg,129,215,172
Chilly Green,2023-11-18,Kg,63,115,89
Capsicum,2023-11-18,Kg,89,117,103
Cucumber(Local),2023-11-18,Kg,49,75,62
Apple(Jholey),2023-11-18,Kg,136,211,173
Banana,2023-11-18,Dozen,81,129,105
Pomegranate,2023-11-18,Kg,207,302,254
Orange(Nepali),2023-11-18,Kg,65,124,94
Papaya(Indian),2023-11-18,Kg,74,94,84
Tomato Big(Nepali),2023-11-19,Kg,36,58,47
Tomato Small(Local),2023-11-19,Kg,23,47,35
Potato Red,2023-11-19,Kg,42,68,55
Potato White,2023-11-19,Kg,37,54,45
Onion Dry (Indian),2023-11-19,Kg,52,86,69
Carrot(Local),2023-11-19,Kg,63,95,79
Cabbage(Local),2023-11-19,Kg,27,39,33
Cauliflower Local,2023-11-19,Kg,39,73,56
Raddish White(Local),2023-11-19,Kg,17,34,25
Brinjal Long,2023-11-19,Kg,38,59,48
Cow pea(Long),2023-11-19,Kg,59,96,77
Green Peas,2023-11-19,Kg,108,148,128
French Bean(Local),2023-11-19,Kg,47,82,64
Bitter Gourd,2023-11-19,Kg,67,106,86
Bottle Gourd,2023-11-19,Kg,31,57,44
Pointed Gourd(Local),2023-11-19,Kg,48,82,65
Snake Gourd,2023-11-19,Kg,40,69,54
Sponge Gourd,2023-11-19,Kg,53,70,61
Pumpkin,2023-11-19,Kg,30,41,35
Squash(Long),2023-11-19,Kg,32,53,42
Okra,2023-11-19,Kg,62,79,70
Arum,2023-11-19,Kg,49,67,58
Barela,2023-11-19,Kg,37,48,42
Radish Red,2023-11-19,Kg,27,37,32
Mushroom(Button),2023-11-19,Kg,310,418,364
Mushroom(Kanya),2023-11-19,Kg,138,185,161
Spinach Leaf,2023-11-19,Kg,75,107,91
Mustard Leaf,2023-11-19,Kg,33,50,41
Coriander,2023-11-19,Kg,119,207,163
Garlic Dry Nepali,2023-11-19,Kg,181,233,207
Garlic Dry Chinese,2023-11-19,Kg,215,278,246
Ginger,2023-11-19,Kg,126,193,159
Chilly Green,2023-11-19,Kg,76,119,97
Capsicum,2023-11-19,Kg,83,136,109
Cucumber(Local),2023-11-19,Kg,54,77,65
Apple(Jholey),2023-11-19,Kg,134,210,172
Banana,2023-11-19,Dozen,93,115,104
Pomegranate,2023-11-19,Kg,206,331,268
Orange(Nepali),2023-11-19,Kg,69,113,91
Papaya(Indian),2023-11-19,Kg,69,92,80
Tomato Big(Nepali),2023-11-20,Kg,37,53,45
Tomato Small(Local),2023-11-20,Kg,27,49,38
Potato Red,2023-11-20,Kg,45,63,54
Potato White,2023-11-20,Kg,37,48,42
Onion Dry (Indian),2023-11-20,Kg,56,88,72
Carrot(Local),2023-11-20,Kg,73,107,90
Cabbage(Local),2023-11-20,Kg,25,39,32
Cauliflower Local,2023-11-20,Kg,46,79,62
Raddish White(Local),2023-11-20,Kg,17,34,25
Brinjal Long,2023-11-20,Kg,40,62,51
Cow pea(Long),2023-11-20,Kg,64,88,76
Green Peas,2023-11-20,Kg,96,146,121
French Bean(Local),2023-11-20,Kg,47,78,62
Bitter Gourd,2023-11-20,Kg,76,116,96
Bottle Gourd,2023-11-20,Kg,31,54,42
Pointed Gourd(Local),2023-11-20,Kg,49,82,65
Snake Gourd,2023-11-20,Kg,46,64,55
Sponge Gourd,2023-11-20,Kg,50,81,65
Pumpkin,2023-11-20,Kg,28,42,35
Squash(Long),2023-11-20,Kg,33,52,42
Okra,2023-11-20,Kg,56,87,71
Arum,2023-11-20,Kg,56,66,61
Barela,2023-11-20,Kg,34,54,44
Radish Red,2023-11-20,Kg,27,37,32
Mushroom(Button),2023-11-20,Kg,301,422,361
Mushroom(Kanya),2023-11-20,Kg,125,176,150
Spinach Leaf,2023-11-20,Kg,83,114,98
Mustard Leaf,2023-11-20,Kg,37,49,43
Coriander,2023-11-20,Kg,120,221,170
Garlic Dry Nepali,2023-11-20,Kg,184,262,223
Garlic Dry Chinese,2023-11-20,Kg,226,279,252
Ginger,2023-11-20,Kg,130,185,157
Chilly Green,2023-11-20,Kg,65,109,87
Capsicum,2023-11-20,Kg,81,139,110
Cucumber(Local),2023-11-20,Kg,52,79,65
Apple(Jholey),2023-11-20,Kg,127,229,178
Banana,2023-11-20,Dozen,93,122,107
Pomegranate,2023-11-20,Kg,223,289,256
Orange(Nepali),2023-11-20,Kg,62,125,93
Papaya(Indian),2023-11-20,Kg,63,97,80
Tomato Big(Nepali),2023-11-21,Kg,37,49,43
Tomato Small(Local),2023-11-21,Kg,24,44,34
Potato Red,2023-11-21,Kg,46,63,54
Potato White,2023-11-21,Kg,32,53,42
Onion Dry (Indian),2023-11-21,Kg,57,82,69
Carrot(Local),2023-11-21,Kg,64,98,81
Cabbage(Local),2023-11-21,Kg,25,41,33
Cauliflower Local,2023-11-21,Kg,41,72,56
Raddish White(Local),2023-11-21,Kg,18,33,25
Brinjal Long,2023-11-21,Kg,36,55,45
Cow pea(Long),2023-11-21,Kg,64,90,77
Green Peas,2023-11-21,Kg,96,126,111
French Bean(Local),2023-11-21,Kg,53,75,64
Bitter Gourd,2023-11-21,Kg,64,105,84
Bottle Gourd,2023-11-21,Kg,36,51,43
Pointed Gourd(Local),2023-11-21,Kg,55,84,69
Snake Gourd,2023-11-21,Kg,42,64,53
Sponge Gourd,2023-11-21,Kg,47,82,64
Pumpkin,2023-11-21,Kg,30,42,36
Squash(Long),2023-11-21,Kg,36,57,46
Okra,2023-11-21,Kg,57,79,68
Arum,2023-11-21,Kg,56,70,63
Barela,2023-11-21,Kg,36,53,44
Radish Red,2023-11-21,Kg,28,44,36
Mushroom(Button),2023-11-21,Kg,314,380,347
Mushroom(Kanya),2023-11-21,Kg,143,180,161
Spinach Leaf,2023-11-21,Kg,75,100,87
Mustard Leaf,2023-11-21,Kg,33,57,45
Coriander,2023-11-21,Kg,132,210,171
Garlic Dry Nepali,2023-11-21,Kg,163,266,214
Garlic Dry Chinese,2023-11-21,Kg,209,315,262
Ginger,2023-11-21,Kg,135,189,162
Chilly Green,2023-11-21,Kg,66,102,84
Capsicum,2023-11-21,Kg,80,130,105
Cucumber(Local),2023-11-21,Kg,55,75,65
Apple(Jholey),2023-11-21,Kg,127,208,167
Banana,2023-11-21,Dozen,87,118,102
Pomegranate,2023-11-21,Kg,224,326,275
Orange(Nepali),2023-11-21,Kg,67,119,93
Papaya(Indian),2023-11-21,Kg,70,92,81
Tomato Big(Nepali),2023-11-22,Kg,37,57,47
Tomato Small(Local),2023-11-22,Kg,25,42,33
Potato Red,2023-11-22,Kg,40,64,52
Potato White,2023-11-22,Kg,37,49,43
Onion Dry (Indian),2023-11-22,Kg,50,85,67
Carrot(Local),2023-11-22,Kg,70,92,81
Cabbage(Local),2023-11-22,Kg,25,41,33
Cauliflower Local,2023-11-22,Kg,40,76,58
Raddish White(Local),2023-11-22,Kg,18,32,25
Brinjal Long,2023-11-22,Kg,36,61,48
Cow pea(Long),2023-11-22,Kg,57,97,77
Green Peas,2023-11-22,Kg,107,140,123
French Bean(Local),2023-11-22,Kg,47,83,65
Bitter Gourd,2023-11-22,Kg,76,102,89
Bottle Gourd,2023-11-22,Kg,37,53,45
Pointed Gourd(Local),2023-11-22,Kg,48,77,62
Snake Gourd,2023-11-22,Kg,43,70,56
Sponge Gourd,2023-11-22,Kg,57,77,67
Pumpkin,2023-11-22,Kg,29,42,35
Squash(Long),2023-11-22,Kg,36,59,47
Okra,2023-11-22,Kg,64,86,75
Arum,2023-11-22,Kg,55,77,66
Barela,2023-11-22,Kg,33,46,39
Radish Red,2023-11-22,Kg,26,40,33
Mushroom(Button),2023-11-22,Kg,292,446,369
Mushroom(Kanya),2023-11-22,Kg,125,177,151
Spinach Leaf,2023-11-22,Kg,73,114,93
Mustard Leaf,2023-11-22,Kg,35,58,46
Coriander,2023-11-22,Kg,133,242,187
Garlic Dry Nepali,2023-11-22,Kg,188,262,225
Garlic Dry Chinese,2023-11-22,Kg,211,317,264
Ginger,2023-11-22,Kg,118,192,155
Chilly Green,2023-11-22,Kg,75,105,90
Capsicum,2023-11-22,Kg,81,133,107
Cucumber(Local),2023-11-22,Kg,53,78,65
Apple(Jholey),2023-11-22,Kg,134,248,191
Banana,2023-11-22,Dozen,79,135,107
Pomegranate,2023-11-22,Kg,208,327,267
Orange(Nepali),2023-11-22,Kg,65,125,95
Papaya(Indian),2023-11-22,Kg,69,91,80
Tomato Big(Nepali),2023-11-23,Kg,32,58,45
Tomato Small(Local),2023-11-23,Kg,27,41,34
Potato Red,2023-11-23,Kg,46,65,55
Potato White,2023-11-23,Kg,38,52,45
Onion Dry (Indian),2023-11-23,Kg,54,89,71
Carrot(Local),2023-11-23,Kg,70,93,81
Cabbage(Local),2023-11-23,Kg,27,43,35
Cauliflower Local,2023-11-23,Kg,39,74,56
Raddish White(Local),2023-11-23,Kg,16,31,23
Brinjal Long,2023-11-23,Kg,36,64,50
Cow pea(Long),2023-11-23,Kg,66,89,77
Green Peas,2023-11-23,Kg,111,133,122
French Bean(Local),2023-11-23,Kg,48,72,60
Bitter Gourd,2023-11-23,Kg,66,120,93
Bottle Gourd,2023-11-23,Kg,37,53,45
Pointed Gourd(Local),2023-11-23,Kg,48,87,67
Snake Gourd,2023-11-23,Kg,40,59,49
Sponge Gourd,2023-11-23,Kg,48,71,59
Pumpkin,2023-11-23,Kg,32,44,38
Squash(Long),2023-11-23,Kg,32,51,41
Okra,2023-11-23,Kg,62,78,70
Arum,2023-11-23,Kg,51,80,65
Barela,2023-11-23,Kg,36,50,43
Radish Red,2023-11-23,Kg,25,38,31
Mushroom(Button),2023-11-23,Kg,325,393,359
Mushroom(Kanya),2023-11-23,Kg,128,181,154
Spinach Leaf,2023-11-23,Kg,77,120,98
Mustard Leaf,2023-11-23,Kg,38,58,48
Coriander,2023-11-23,Kg,143,227,185
Garlic Dry Nepali,2023-11-23,Kg,161,277,219
Garlic Dry Chinese,2023-11-23,Kg,227,319,273
Ginger,2023-11-23,Kg,124,188,156
Chilly Green,2023-11-23,Kg,66,106,86
Capsicum,2023-11-23,Kg,85,117,101
Cucumber(Local),2023-11-23,Kg,52,80,66
Apple(Jholey),2023-11-23,Kg,141,210,175
Banana,2023-11-23,Dozen,91,139,115
Pomegranate,2023-11-23,Kg,240,326,283
Orange(Nepali),2023-11-23,Kg,75,110,92
Papaya(Indian),2023-11-23,Kg,75,93,84
Tomato Big(Nepali),2023-11-24,Kg,33,60,46
Tomato Small(Local),2023-11-24,Kg,27,50,38
Potato Red,2023-11-24,Kg,43,65,54
Potato White,2023-11-24,Kg,35,50,42
Onion Dry (Indian),2023-11-24,Kg,50,80,65
Carrot(Local),2023-11-24,Kg,73,110,91
Cabbage(Local),2023-11-24,Kg,28,45,36
Cauliflower Local,2023-11-24,Kg,47,67,57
Raddish White(Local),2023-11-24,Kg,18,34,26
Brinjal Long,2023-11-24,Kg,41,59,50
Cow pea(Long),2023-11-24,Kg,56,91,73
Green Peas,2023-11-24,Kg,96,129,112
French Bean(Local),2023-11-24,Kg,56,76,66
Bitter Gourd,2023-11-24,Kg,75,114,94
Bottle Gourd,2023-11-24,Kg,34,51,42
Pointed Gourd(Local),2023-11-24,Kg,50,85,67
Snake Gourd,2023-11-24,Kg,46,64,55
Sponge Gourd,2023-11-24,Kg,50,83,66
Pumpkin,2023-11-24,Kg,33,46,39
Squash(Long),2023-11-24,Kg,35,58,46
Okra,2023-11-24,Kg,59,85,72
Arum,2023-11-24,Kg,57,71,64
Barela,2023-11-24,Kg,34,47,40
Radish Red,2023-11-24,Kg,25,44,34
Mushroom(Button),2023-11-24,Kg,332,414,373
Mushroom(Kanya),2023-11-24,Kg,141,177,159
Spinach Leaf,2023-11-24,Kg,75,111,93
Mustard Leaf,2023-11-24,Kg,33,54,43
Coriander,2023-11-24,Kg,131,216,173
Garlic Dry Nepali,2023-11-24,Kg,167,281,224
Garlic Dry Chinese,2023-11-24,Kg,230,280,255
Ginger,2023-11-24,Kg,133,199,166
Chilly Green,2023-11-24,Kg,69,103,86
Capsicum,2023-11-24,Kg,96,121,108
Cucumber(Local),2023-11-24,Kg,53,76,64
Apple(Jholey),2023-11-24,Kg,142,252,197
Banana,2023-11-24,Dozen,89,130,109
Pomegranate,2023-11-24,Kg,220,301,260
Orange(Nepali),2023-11-24,Kg,66,119,92
Papaya(Indian),2023-11-24,Kg,77,109,93
Tomato Big(Nepali),2023-11-25,Kg,33,59,46
Tomato Small(Local),2023-11-25,Kg,25,48,36
Potato Red,2023-11-25,Kg,48,66,57
Potato White,2023-11-25,Kg,32,49,40
Onion Dry (Indian),2023-11-25,Kg,48,76,62
Carrot(Local),2023-11-25,Kg,66,109,87
Cabbage(Local),2023-11-25,Kg,27,42,34
Cauliflower Local,2023-11-25,Kg,44,78,61
Raddish White(Local),2023-11-25,Kg,16,31,23
Brinjal Long,2023-11-25,Kg,43,58,50
Cow pea(Long),2023-11-25,Kg,60,85,72
Green Peas,2023-11-25,Kg,110,133,121
French Bean(Local),2023-11-25,Kg,51,80,65
Bitter Gourd,2023-11-25,Kg,74,101,87
Bottle Gourd,2023-11-25,Kg,36,58,47
Pointed Gourd(Local),2023-11-25,Kg,54,90,72
Snake Gourd,2023-11-25,Kg,48,69,58
Sponge Gourd,2023-11-25,Kg,47,85,66
Pumpkin,2023-11-25,Kg,29,46,37
Squash(Long),2023-11-25,Kg,37,60,48
Okra,2023-11-25,Kg,63,89,76
Arum,2023-11-25,Kg,58,73,65
Barela,2023-11-25,Kg,31,48,39
Radish Red,2023-11-25,Kg,27,40,33
Mushroom(Button),2023-11-25,Kg,298,399,348
Mushroom(Kanya),2023-11-25,Kg,123,199,161
Spinach Leaf,2023-11-25,Kg,84,114,99
Mustard Leaf,2023-11-25,Kg,32,51,41
Coriander,2023-11-25,Kg,124,237,180
Garlic Dry Nepali,2023-11-25,Kg,176,266,221
Garlic Dry Chinese,2023-11-25,Kg,225,314,269
Ginger,2023-11-25,Kg,142,222,182
Chilly Green,2023-11-25,Kg,69,104,86
Capsicum,2023-11-25,Kg,81,136,108
Cucumber(Local),2023-11-25,Kg,54,77,65
Apple(Jholey),2023-11-25,Kg,119,213,166
Banana,2023-11-25,Dozen,94,141,117
Pomegranate,2023-11-25,Kg,203,323,263
Orange(Nepali),2023-11-25,Kg,72,112,92
Papaya(Indian),2023-11-25,Kg,70,101,85
Tomato Big(Nepali),2023-11-26,Kg,36,60,48
Tomato Small(Local),2023-11-26,Kg,24,46,35
Potato Red,2023-11-26,Kg,42,68,55
Potato White,2023-11-26,Kg,32,52,42
Onion Dry (Indian),2023-11-26,Kg,55,79,67
Carrot(Local),2023-11-26,Kg,73,99,86
Cabbage(Local),2023-11-26,Kg,26,45,35
Cauliflower Local,2023-11-26,Kg,41,80,60
Raddish White(Local),2023-11-26,Kg,16,32,24
Brinjal Long,2023-11-26,Kg,40,64,52
Cow pea(Long),2023-11-26,Kg,57,87,72
Green Peas,2023-11-26,Kg,113,150,131
French Bean(Local),2023-11-26,Kg,52,81,66
Bitter Gourd,2023-11-26,Kg,72,110,91
Bottle Gourd,2023-11-26,Kg,34,57,45
Pointed Gourd(Local),2023-11-26,Kg,57,81,69
Snake Gourd,2023-11-26,Kg,43,67,55
Sponge Gourd,2023-11-26,Kg,50,72,61
Pumpkin,2023-11-26,Kg,31,45,38
Squash(Long),2023-11-26,Kg,38,54,46
Okra,2023-11-26,Kg,59,77,68
Arum,2023-11-26,Kg,58,79,68
Barela,2023-11-26,Kg,35,47,41
Radish Red,2023-11-26,Kg,27,38,32
Mushroom(Button),2023-11-26,Kg,320,444,382
Mushroom(Kanya),2023-11-26,Kg,141,196,168
Spinach Leaf,2023-11-26,Kg,76,118,97
Mustard Leaf,2023-11-26,Kg,32,55,43
Coriander,2023-11-26,Kg,133,249,191
Garlic Dry Nepali,2023-11-26,Kg,191,235,213
Garlic Dry Chinese,2023-11-26,Kg,220,317,268
Ginger,2023-11-26,Kg,142,188,165
Chilly Green,2023-11-26,Kg,74,120,97
Capsicum,2023-11-26,Kg,91,142,116
Cucumber(Local),2023-11-26,Kg,55,77,66
Apple(Jholey),2023-11-26,Kg,143,248,195
Banana,2023-11-26,Dozen,85,129,107
Pomegranate,2023-11-26,Kg,219,307,263
Orange(Nepali),2023-11-26,Kg,73,121,97
Papaya(Indian),2023-11-26,Kg,67,98,82
Tomato Big(Nepali),2023-11-27,Kg,38,59,48
Tomato Small(Local),2023-11-27,Kg,27,46,36
Potato Red,2023-11-27,Kg,48,65,56
Potato White,2023-11-27,Kg,37,55,46
Onion Dry (Indian),2023-11-27,Kg,54,80,67
Carrot(Local),2023-11-27,Kg,77,99,88
Cabbage(Local),2023-11-27,Kg,26,45,35
Cauliflower Local,2023-11-27,Kg,45,70,57
Raddish White(Local),2023-11-27,Kg,17,32,24
Brinjal Long,2023-11-27,Kg,39,60,49
Cow pea(Long),2023-11-27,Kg,59,89,74
Green Peas,2023-11-27,Kg,98,152,125
French Bean(Local),2023-11-27,Kg,58,82,70
Bitter Gourd,2023-11-27,Kg,65,114,89
Bottle Gourd,2023-11-27,Kg,36,52,44
Pointed Gourd(Local),2023-11-27,Kg,56,83,69
Snake Gourd,2023-11-27,Kg,47,68,57
Sponge Gourd,2023-11-27,Kg,53,72,62
Pumpkin,2023-11-27,Kg,28,50,39
Squash(Long),2023-11-27,Kg,33,55,44
Okra,2023-11-27,Kg,56,88,72
Arum,2023-11-27,Kg,51,76,63
Barela,2023-11-27,Kg,36,46,41
Radish Red,2023-11-27,Kg,26,39,32
Mushroom(Button),2023-11-27,Kg,287,458,372
Mushroom(Kanya),2023-11-27,Kg,126,185,155
Spinach Leaf,2023-11-27,Kg,76,106,91
Mustard Leaf,2023-11-27,Kg,34,52,43
Coriander,2023-11-27,Kg,128,223,175
Garlic Dry Nepali,2023-11-27,Kg,187,239,213
Garlic Dry Chinese,2023-11-27,Kg,219,311,265
Ginger,2023-11-27,Kg,140,187,163
Chilly Green,2023-11-27,Kg,70,102,86
Capsicum,2023-11-27,Kg,93,130,111
Cucumber(Local),2023-11-27,Kg,53,79,66
Apple(Jholey),2023-11-27,Kg,133,225,179
Banana,2023-11-27,Dozen,86,127,106
Pomegranate,2023-11-27,Kg,232,322,277
Orange(Nepali),2023-11-27,Kg,77,131,104
Papaya(Indian),2023-11-27,Kg,75,102,88
Tomato Big(Nepali),2023-11-28,Kg,35,54,44
Tomato Small(Local),2023-11-28,Kg,26,46,36
Potato Red,2023-11-28,Kg,45,61,53
Potato White,2023-11-28,Kg,39,51,45
Onion Dry (Indian),2023-11-28,Kg,49,84,66
Carrot(Local),2023-11-28,Kg,65,97,81
Cabbage(Local),2023-11-28,Kg,28,41,34
Cauliflower Local,2023-11-28,Kg,40,78,59
Raddish White(Local),2023-11-28,Kg,16,34,25
Brinjal Long,2023-11-28,Kg,41,61,51
Cow pea(Long),2023-11-28,Kg,63,90,76
Green Peas,2023-11-28,Kg,103,141,122
French Bean(Local),2023-11-28,Kg,49,80,64
Bitter Gourd,2023-11-28,Kg,72,103,87
Bottle Gourd,2023-11-28,Kg,37,55,46
Pointed Gourd(Local),2023-11-28,Kg,51,83,67
Snake Gourd,2023-11-28,Kg,43,59,51
Sponge Gourd,2023-11-28,Kg,52,80,66
Pumpkin,2023-11-28,Kg,30,49,39
Squash(Long),2023-11-28,Kg,37,61,49
Okra,2023-11-28,Kg,60,85,72
Arum,2023-11-28,Kg,51,70,60
Barela,2023-11-28,Kg,36,49,42
Radish Red,2023-11-28,Kg,27,46,36
Mushroom(Button),2023-11-28,Kg,324,400,362
Mushroom(Kanya),2023-11-28,Kg,121,202,161
Spinach Leaf,2023-11-28,Kg,86,106,96
Mustard Leaf,2023-11-28,Kg,36,52,44
Coriander,2023-11-28,Kg,146,219,182
Garlic Dry Nepali,2023-11-28,Kg,188,259,223
Garlic Dry Chinese,2023-11-28,Kg,243,271,257
Ginger,2023-11-28,Kg,129,223,176
Chilly Green,2023-11-28,Kg,65,117,91
Capsicum,2023-11-28,Kg,84,120,102
Cucumber(Local),2023-11-28,Kg,55,81,68
Apple(Jholey),2023-11-28,Kg,126,237,181
Banana,2023-11-28,Dozen,83,126,104
Pomegranate,2023-11-28,Kg,217,329,273
Orange(Nepali),2023-11-28,Kg,74,128,101
Papaya(Indian),2023-11-28,Kg,66,96,81
Tomato Big(Nepali),2023-11-29,Kg,37,57,47
Tomato Small(Local),2023-11-29,Kg,27,47,37
Potato Red,2023-11-29,Kg,47,71,59
Potato White,2023-11-29,Kg,38,50,44
Onion Dry (Indian),2023-11-29,Kg,53,80,66
Carrot(Local),2023-11-29,Kg,78,96,87
Cabbage(Local),2023-11-29,Kg,24,46,35
Cauliflower Local,2023-11-29,Kg,42,71,56
Raddish White(Local),2023-11-29,Kg,16,33,24
Brinjal Long,2023-11-29,Kg,37,63,50
Cow pea(Long),2023-11-29,Kg,56,88,72
Green Peas,2023-11-29,Kg,115,135,125
French Bean(Local),2023-11-29,Kg,54,77,65
Bitter Gourd,2023-11-29,Kg,70,122,96
Bottle Gourd,2023-11-29,Kg,33,53,43
Pointed Gourd(Local),2023-11-29,Kg,56,82,69
Snake Gourd,2023-11-29,Kg,45,63,54
Sponge Gourd,2023-11-29,Kg,50,85,67
Pumpkin,2023-11-29,Kg,30,50,40
Squash(Long),2023-11-29,Kg,36,60,48
Okra,2023-11-29,Kg,61,81,71
Arum,2023-11-29,Kg,53,78,65
Barela,2023-11-29,Kg,35,51,43
Radish Red,2023-11-29,Kg,25,38,31
Mushroom(Button),2023-11-29,Kg,286,451,368
Mushroom(Kanya),2023-11-29,Kg,124,203,163
Spinach Leaf,2023-11-29,Kg,83,118,100
Mustard Leaf,2023-11-29,Kg,39,60,49
Coriander,2023-11-29,Kg,124,234,179
Garlic Dry Nepali,2023-11-29,Kg,191,271,231
Garlic Dry Chinese,2023-11-29,Kg,236,309,272
Ginger,2023-11-29,Kg,128,207,167
Chilly Green,2023-11-29,Kg,69,107,88
Capsicum,2023-11-29,Kg,97,125,111
Cucumber(Local),2023-11-29,Kg,52,83,67
Apple(Jholey),2023-11-29,Kg,124,239,181
Banana,2023-11-29,Dozen,94,140,117
Pomegranate,2023-11-29,Kg,224,332,278
Orange(Nepali),2023-11-29,Kg,73,131,102
Papaya(Indian),2023-11-29,Kg,73,105,89
Tomato Big(Nepali),2023-11-30,Kg,34,56,45
Tomato Small(Local),2023-11-30,Kg,28,44,36
Potato Red,2023-11-30,Kg,42,60,51
Potato White,2023-11-30,Kg,37,49,43
Onion Dry (Indian),2023-11-30,Kg,57,80,68
Carrot(Local),2023-11-30,Kg,64,109,86
Cabbage(Local),2023-11-30,Kg,24,45,34
Cauliflower Local,2023-11-30,Kg,47,71,59
Raddish White(Local),2023-11-30,Kg,19,33,26
Brinjal Long,2023-11-30,Kg,42,58,50
Cow pea(Long),2023-11-30,Kg,67,89,78
Green Peas,2023-11-30,Kg,101,128,114
French Bean(Local),2023-11-30,Kg,58,77,67
Bitter Gourd,2023-11-30,Kg,73,103,88
Bottle Gourd,2023-11-30,Kg,35,51,43
Pointed Gourd(Local),2023-11-30,Kg,56,80,68
Snake Gourd,2023-11-30,Kg,44,66,55
Sponge Gourd,2023-11-30,Kg,55,73,64
Pumpkin,2023-11-30,Kg,33,46,39
Squash(Long),2023-11-30,Kg,36,57,46
Okra,2023-11-30,Kg,59,90,74
Arum,2023-11-30,Kg,48,78,63
Barela,2023-11-30,Kg,37,51,44
Radish Red,2023-11-30,Kg,28,46,37
Mushroom(Button),2023-11-30,Kg,317,439,378
Mushroom(Kanya),2023-11-30,Kg,129,184,156
Spinach Leaf,2023-11-30,Kg,83,121,102
Mustard Leaf,2023-11-30,Kg,39,54,46
Coriander,2023-11-30,Kg,125,251,188
Garlic Dry Nepali,2023-11-30,Kg,187,279,233
Garlic Dry Chinese,2023-11-30,Kg,244,291,267
Ginger,2023-11-30,Kg,131,213,172
Chilly Green,2023-11-30,Kg,68,122,95
Capsicum,2023-11-30,Kg,84,125,104
Cucumber(Local),2023-11-30,Kg,49,90,69
Apple(Jholey),2023-11-30,Kg,122,256,189
Banana,2023-11-30,Dozen,98,142,120
Pomegranate,2023-11-30,Kg,209,356,282
Orange(Nepali),2023-11-30,Kg,65,131,98
Papaya(Indian),2023-11-30,Kg,70,101,85
Tomato Big(Nepali),2023-12-01,Kg,36,51,43
Tomato Small(Local),2023-12-01,Kg,28,43,35
Potato Red,2023-12-01,Kg,43,68,55
Potato White,2023-12-01,Kg,35,48,41
Onion Dry (Indian),2023-12-01,Kg,57,79,68
Carrot(Local),2023-12-01,Kg,66,102,84
Cabbage(Local),2023-12-01,Kg,26,38,32
Cauliflower Local,2023-12-01,Kg,42,80,61
Raddish White(Local),2023-12-01,Kg,19,30,24
Brinjal Long,2023-12-01,Kg,39,62,50
Cow pea(Long),2023-12-01,Kg,66,101,83
Green Peas,2023-12-01,Kg,97,138,117
French Bean(Local),2023-12-01,Kg,57,79,68
Bitter Gourd,2023-12-01,Kg,77,117,97
Bottle Gourd,2023-12-01,Kg,35,58,46
Pointed Gourd(Local),2023-12-01,Kg,51,81,66
Snake Gourd,2023-12-01,Kg,46,68,57
Sponge Gourd,2023-12-01,Kg,59,76,67
Pumpkin,2023-12-01,Kg,28,49,38
Squash(Long),2023-12-01,Kg,38,54,46
Okra,2023-12-01,Kg,58,84,71
Arum,2023-12-01,Kg,59,69,64
Barela,2023-12-01,Kg,39,49,44
Radish Red,2023-12-01,Kg,27,44,35
Mushroom(Button),2023-12-01,Kg,326,398,362
Mushroom(Kanya),2023-12-01,Kg,144,190,167
Spinach Leaf,2023-12-01,Kg,80,115,97
Mustard Leaf,2023-12-01,Kg,37,59,48
Coriander,2023-12-01,Kg,132,245,188
Garlic Dry Nepali,2023-12-01,Kg,165,263,214
Garlic Dry Chinese,2023-12-01,Kg,217,300,258
Ginger,2023-12-01,Kg,146,194,170
Chilly Green,2023-12-01,Kg,72,122,97
Capsicum,2023-12-01,Kg,82,143,112
Cucumber(Local),2023-12-01,Kg,53,84,68
Apple(Jholey),2023-12-01,Kg,146,240,193
Banana,2023-12-01,Dozen,98,129,113
Pomegranate,2023-12-01,Kg,204,309,256
Orange(Nepali),2023-12-01,Kg,73,133,103
Papaya(Indian),2023-12-01,Kg,69,109,89
Tomato Big(Nepali),2023-12-02,Kg,37,53,45
Tomato Small(Local),2023-12-02,Kg,26,43,34
Potato Red,2023-12-02,Kg,44,67,55
Potato White,2023-12-02,Kg,34,55,44
Onion Dry (Indian),2023-12-02,Kg,51,86,68
Carrot(Local),2023-12-02,Kg,68,112,90
Cabbage(Local),2023-12-02,Kg,27,44,35
Cauliflower Local,2023-12-02,Kg,48,83,65
Raddish White(Local),2023-12-02,Kg,17,34,25
Brinjal Long,2023-12-02,Kg,40,63,51
Cow pea(Long),2023-12-02,Kg,67,96,81
Green Peas,2023-12-02,Kg,102,147,124
French Bean(Local),2023-12-02,Kg,53,81,67
Bitter Gourd,2023-12-02,Kg,69,124,96
Bottle Gourd,2023-12-02,Kg,38,56,47
Pointed Gourd(Local),2023-12-02,Kg,49,90,69
Snake Gourd,2023-12-02,Kg,43,60,51
Sponge Gourd,2023-12-02,Kg,57,86,71
Pumpkin,2023-12-02,Kg,32,42,37
Squash(Long),2023-12-02,Kg,33,54,43
Okra,2023-12-02,Kg,68,87,77
Arum,2023-12-02,Kg,54,70,62
Barela,2023-12-02,Kg,39,50,44
Radish Red,2023-12-02,Kg,26,40,33
Mushroom(Button),2023-12-02,Kg,344,462,403
Mushroom(Kanya),2023-12-02,Kg,141,179,160
Spinach Leaf,2023-12-02,Kg,81,112,96
Mustard Leaf,2023-12-02,Kg,35,59,47
Coriander,2023-12-02,Kg,148,240,194
Garlic Dry Nepali,2023-12-02,Kg,191,282,236
Garlic Dry Chinese,2023-12-02,Kg,223,306,264
Ginger,2023-12-02,Kg,126,208,167
Chilly Green,2023-12-02,Kg,71,110,90
Capsicum,2023-12-02,Kg,81,144,112
Cucumber(Local),2023-12-02,Kg,58,82,70
Apple(Jholey),2023-12-02,Kg,145,231,188
Banana,2023-12-02,Dozen,97,139,118
Pomegranate,2023-12-02,Kg,220,355,287
Orange(Nepali),2023-12-02,Kg,73,129,101
Papaya(Indian),2023-12-02,Kg,66,99,82
Tomato Big(Nepali),2023-12-03,Kg,34,51,42
Tomato Small(Local),2023-12-03,Kg,26,45,35
Potato Red,2023-12-03,Kg,42,71,56
Potato White,2023-12-03,Kg,36,53,44
Onion Dry (Indian),2023-12-03,Kg,53,77,65
Carrot(Local),2023-12-03,Kg,66,114,90
Cabbage(Local),2023-12-03,Kg,29,39,34
Cauliflower Local,2023-12-03,Kg,45,82,63
Raddish White(Local),2023-12-03,Kg,19,30,24
Brinjal Long,2023-12-03,Kg,37,61,49
Cow pea(Long),2023-12-03,Kg,69,89,79
Green Peas,2023-12-03,Kg,118,139,128
French Bean(Local),2023-12-03,Kg,59,79,69
Bitter Gourd,2023-12-03,Kg,71,115,93
Bottle Gourd,2023-12-03,Kg,35,53,44
Pointed Gourd(Local),2023-12-03,Kg,53,87,70
Snake Gourd,2023-12-03,Kg,47,68,57
Sponge Gourd,2023-12-03,Kg,58,88,73
Pumpkin,2023-12-03,Kg,28,43,35
Squash(Long),2023-12-03,Kg,33,59,46
Okra,2023-12-03,Kg,62,86,74
Arum,2023-12-03,Kg,50,82,66
Barela,2023-12-03,Kg,36,48,42
Radish Red,2023-12-03,Kg,26,43,34
Mushroom(Button),2023-12-03,Kg,287,424,355
Mushroom(Kanya),2023-12-03,Kg,140,181,160
Spinach Leaf,2023-12-03,Kg,81,116,98
Mustard Leaf,2023-12-03,Kg,38,55,46
Coriander,2023-12-03,Kg,141,223,182
Garlic Dry Nepali,2023-12-03,Kg,196,283,239
Garlic Dry Chinese,2023-12-03,Kg,219,313,266
Ginger,2023-12-03,Kg,149,189,169
Chilly Green,2023-12-03,Kg,74,111,92
Capsicum,2023-12-03,Kg,86,145,115
Cucumber(Local),2023-12-03,Kg,56,82,69
Apple(Jholey),2023-12-03,Kg,129,238,183
Banana,2023-12-03,Dozen,89,138,113
Pomegranate,2023-12-03,Kg,222,354,288
Orange(Nepali),2023-12-03,Kg,75,114,94
Papaya(Indian),2023-12-03,Kg,66,104,85
Tomato Big(Nepali),2023-12-04,Kg,37,57,47
Tomato Small(Local),2023-12-04,Kg,28,50,39
Potato Red,2023-12-04,Kg,45,68,56
Potato White,2023-12-04,Kg,33,57,45
Onion Dry (Indian),2023-12-04,Kg,50,91,70
Carrot(Local),2023-12-04,Kg,76,102,89
Cabbage(Local),2023-12-04,Kg,29,40,34
Cauliflower Local,2023-12-04,Kg,48,69,58
Raddish White(Local),2023-12-04,Kg,17,30,23
Brinjal Long,2023-12-04,Kg,42,65,53
Cow pea(Long),2023-12-04,Kg,57,95,76
Green Peas,2023-12-04,Kg,114,140,127
French Bean(Local),2023-12-04,Kg,52,86,69
Bitter Gourd,2023-12-04,Kg,77,107,92
Bottle Gourd,2023-12-04,Kg,39,53,46
Pointed Gourd(Local),2023-12-04,Kg,53,87,70
Snake Gourd,2023-12-04,Kg,47,66,56
Sponge Gourd,2023-12-04,Kg,59,79,69
Pumpkin,2023-12-04,Kg,33,47,40
Squash(Long),2023-12-04,Kg,32,59,45
Okra,2023-12-04,Kg,57,80,68
Arum,2023-12-04,Kg,59,76,67
Barela,2023-12-04,Kg,39,55,47
Radish Red,2023-12-04,Kg,24,44,34
Mushroom(Button),2023-12-04,Kg,295,422,358
Mushroom(Kanya),2023-12-04,Kg,126,194,160
Spinach Leaf,2023-12-04,Kg,84,115,99
Mustard Leaf,2023-12-04,Kg,33,56,44
Coriander,2023-12-04,Kg,137,248,192
Garlic Dry Nepali,2023-12-04,Kg,175,280,227
Garlic Dry Chinese,2023-12-04,Kg,249,309,279
Ginger,2023-12-04,Kg,134,220,177
Chilly Green,2023-12-04,Kg,72,121,96
Capsicum,2023-12-04,Kg,97,138,117
Cucumber(Local),2023-12-04,Kg,58,84,71
Apple(Jholey),2023-12-04,Kg,123,258,190
Banana,2023-12-04,Dozen,97,129,113
Pomegranate,2023-12-04,Kg,233,318,275
Orange(Nepali),2023-12-04,Kg,67,128,97
Papaya(Indian),2023-12-04,Kg,71,103,87
Tomato Big(Nepali),2023-12-05,Kg,37,54,45
Tomato Small(Local),2023-12-05,Kg,28,45,36
Potato Red,2023-12-05,Kg,46,65,55
Potato White,2023-12-05,Kg,38,54,46
Onion Dry (Indian),2023-12-05,Kg,56,87,71
Carrot(Local),2023-12-05,Kg,67,108,87
Cabbage(Local),2023-12-05,Kg,28,46,37
Cauliflower Local,2023-12-05,Kg,45,80,62
Raddish White(Local),2023-12-05,Kg,18,31,24
Brinjal Long,2023-12-05,Kg,42,67,54
Cow pea(Long),2023-12-05,Kg,65,96,80
Green Peas,2023-12-05,Kg,109,148,128
French Bean(Local),2023-12-05,Kg,57,82,69
Bitter Gourd,2023-12-05,Kg,66,123,94
Bottle Gourd,2023-12-05,Kg,38,60,49
Pointed Gourd(Local),2023-12-05,Kg,49,81,65
Snake Gourd,2023-12-05,Kg,48,70,59
Sponge Gourd,2023-12-05,Kg,56,83,69
Pumpkin,2023-12-05,Kg,32,43,37
Squash(Long),2023-12-05,Kg,39,59,49
Okra,2023-12-05,Kg,67,89,78
Arum,2023-12-05,Kg,56,81,68
Barela,2023-12-05,Kg,34,55,44
Radish Red,2023-12-05,Kg,27,41,34
Mushroom(Button),2023-12-05,Kg,294,442,368
Mushroom(Kanya),2023-12-05,Kg,132,192,162
Spinach Leaf,2023-12-05,Kg,86,104,95
Mustard Leaf,2023-12-05,Kg,33,56,44
Coriander,2023-12-05,Kg,136,220,178
Garlic Dry Nepali,2023-12-05,Kg,171,258,214
Garlic Dry Chinese,2023-12-05,Kg,247,296,271
Ginger,2023-12-05,Kg,145,219,182
Chilly Green,2023-12-05,Kg,65,113,89
Capsicum,2023-12-05,Kg,91,135,113
Cucumber(Local),2023-12-05,Kg,59,94,76
Apple(Jholey),2023-12-05,Kg,148,225,186
Banana,2023-12-05,Dozen,83,139,111
Pomegranate,2023-12-05,Kg,230,309,269
Orange(Nepali),2023-12-05,Kg,67,136,101
Papaya(Indian),2023-12-05,Kg,74,115,94
Tomato Big(Nepali),2023-12-06,Kg,33,53,43
Tomato Small(Local),2023-12-06,Kg,29,45,37
Potato Red,2023-12-06,Kg,48,62,55
Potato White,2023-12-06,Kg,39,54,46
Onion Dry (Indian),2023-12-06,Kg,59,84,71
Carrot(Local),2023-12-06,Kg,75,102,88
Cabbage(Local),2023-12-06,Kg,29,44,36
Cauliflower Local,2023-12-06,Kg,43,82,62
Raddish White(Local),2023-12-06,Kg,17,34,25
Brinjal Long,2023-12-06,Kg,38,63,50
Cow pea(Long),2023-12-06,Kg,63,95,79
Green Peas,2023-12-06,Kg,103,132,117
French Bean(Local),2023-12-06,Kg,57,83,70
Bitter Gourd,2023-12-06,Kg,72,107,89
Bottle Gourd,2023-12-06,Kg,33,62,47
Pointed Gourd(Local),2023-12-06,Kg,58,80,69
Snake Gourd,2023-12-06,Kg,48,68,58
Sponge Gourd,2023-12-06,Kg,57,82,69
Pumpkin,2023-12-06,Kg,33,45,39
Squash(Long),2023-12-06,Kg,33,58,45
Okra,2023-12-06,Kg,66,81,73
Arum,2023-12-06,Kg,51,76,63
Barela,2023-12-06,Kg,39,52,45
Radish Red,2023-12-06,Kg,28,43,35
Mushroom(Button),2023-12-06,Kg,311,437,374
Mushroom(Kanya),2023-12-06,Kg,131,184,157
Spinach Leaf,2023-12-06,Kg,74,121,97
Mustard Leaf,2023-12-06,Kg,37,62,49
Coriander,2023-12-06,Kg,140,246,193
Garlic Dry Nepali,2023-12-06,Kg,177,248,212
Garlic Dry Chinese,2023-12-06,Kg,247,281,264
Ginger,2023-12-06,Kg,141,204,172
Chilly Green,2023-12-06,Kg,74,112,93
Capsicum,2023-12-06,Kg,88,129,108
Cucumber(Local),2023-12-06,Kg,60,81,70
Apple(Jholey),2023-12-06,Kg,143,234,188
Banana,2023-12-06,Dozen,97,138,117
Pomegranate,2023-12-06,Kg,216,358,287
Orange(Nepali),2023-12-06,Kg,67,132,99
Papaya(Indian),2023-12-06,Kg,70,114,92
Tomato Big(Nepali),2023-12-07,Kg,35,58,46
Tomato Small(Local),2023-12-07,Kg,29,50,39
Potato Red,2023-12-07,Kg,42,71,56
Potato White,2023-12-07,Kg,39,57,48
Onion Dry (Indian),2023-12-07,Kg,54,88,71
Carrot(Local),2023-12-07,Kg,69,100,84
Cabbage(Local),2023-12-07,Kg,25,46,35
Cauliflower Local,2023-12-07,Kg,42,72,57
Raddish White(Local),2023-12-07,Kg,18,32,25
Brinjal Long,2023-12-07,Kg,39,59,49
Cow pea(Long),2023-12-07,Kg,60,97,78
Green Peas,2023-12-07,Kg,119,138,128
French Bean(Local),2023-12-07,Kg,56,88,72
Bitter Gourd,2023-12-07,Kg,78,114,96
Bottle Gourd,2023-12-07,Kg,38,61,49
Pointed Gourd(Local),2023-12-07,Kg,53,85,69
Snake Gourd,2023-12-07,Kg,46,68,57
Sponge Gourd,2023-12-07,Kg,55,85,70
Pumpkin,2023-12-07,Kg,34,45,39
Squash(Long),2023-12-07,Kg,36,57,46
Okra,2023-12-07,Kg,66,92,79
Arum,2023-12-07,Kg,55,74,64
Barela,2023-12-07,Kg,35,52,43
Radish Red,2023-12-07,Kg,26,44,35
Mushroom(Button),2023-12-07,Kg,333,412,372
Mushroom(Kanya),2023-12-07,Kg,138,178,158
Spinach Leaf,2023-12-07,Kg,81,105,93
Mustard Leaf,2023-12-07,Kg,38,60,49
Coriander,2023-12-07,Kg,127,249,188
Garlic Dry Nepali,2023-12-07,Kg,171,278,224
Garlic Dry Chinese,2023-12-07,Kg,241,325,283
Ginger,2023-12-07,Kg,140,212,176
Chilly Green,2023-12-07,Kg,78,110,94
Capsicum,2023-12-07,Kg,98,126,112
Cucumber(Local),2023-12-07,Kg,54,78,66
Apple(Jholey),2023-12-07,Kg,125,218,171
Banana,2023-12-07,Dozen,91,142,116
Pomegranate,2023-12-07,Kg,208,315,261
Orange(Nepali),2023-12-07,Kg,78,116,97
Papaya(Indian),2023-12-07,Kg,80,110,95
Tomato Big(Nepali),2023-12-08,Kg,34,53,43
Tomato Small(Local),2023-12-08,Kg,29,45,37
Potato Red,2023-12-08,Kg,48,68,58
Potato White,2023-12-08,Kg,33,51,42
Onion Dry (Indian),2023-12-08,Kg,52,91,71
Carrot(Local),2023-12-08,Kg,77,111,94
Cabbage(Local),2023-12-08,Kg,27,40,33
Cauliflower Local,2023-12-08,Kg,45,76,60
Raddish White(Local),2023-12-08,Kg,17,33,25
Brinjal Long,2023-12-08,Kg,40,63,51
Cow pea(Long),2023-12-08,Kg,64,97,80
Green Peas,2023-12-08,Kg,118,154,136
French Bean(Local),2023-12-08,Kg,59,86,72
Bitter Gourd,2023-12-08,Kg,74,125,99
Bottle Gourd,2023-12-08,Kg,39,59,49
Pointed Gourd(Local),2023-12-08,Kg,57,82,69
Snake Gourd,2023-12-08,Kg,42,74,58
Sponge Gourd,2023-12-08,Kg,54,77,65
Pumpkin,2023-12-08,Kg,33,49,41
Squash(Long),2023-12-08,Kg,38,61,49
Okra,2023-12-08,Kg,67,87,77
Arum,2023-12-08,Kg,57,83,70
Barela,2023-12-08,Kg,35,48,41
Radish Red,2023-12-08,Kg,30,45,37
Mushroom(Button),2023-12-08,Kg,303,403,353
Mushroom(Kanya),2023-12-08,Kg,135,196,165
Spinach Leaf,2023-12-08,Kg,79,117,98
Mustard Leaf,2023-12-08,Kg,37,62,49
Coriander,2023-12-08,Kg,132,260,196
Garlic Dry Nepali,2023-12-08,Kg,176,252,214
Garlic Dry Chinese,2023-12-08,Kg,218,295,256
Ginger,2023-12-08,Kg,134,226,180
Chilly Green,2023-12-08,Kg,73,111,92
Capsicum,2023-12-08,Kg,87,133,110
Cucumber(Local),2023-12-08,Kg,59,78,68
Apple(Jholey),2023-12-08,Kg,129,242,185
Banana,2023-12-08,Dozen,95,134,114
Pomegranate,2023-12-08,Kg,238,311,274
Orange(Nepali),2023-12-08,Kg,72,137,104
Papaya(Indian),2023-12-08,Kg,70,99,84
Tomato Big(Nepali),2023-12-09,Kg,36,55,45
Tomato Small(Local),2023-12-09,Kg,29,49,39
Potato Red,2023-12-09,Kg,49,66,57
Potato White,2023-12-09,Kg,37,53,45
Onion Dry (Indian),2023-12-09,Kg,61,93,77
Carrot(Local),2023-12-09,Kg,72,101,86
Cabbage(Local),2023-12-09,Kg,25,45,35
Cauliflower Local,2023-12-09,Kg,45,85,65
Raddish White(Local),2023-12-09,Kg,18,32,25
Brinjal Long,2023-12-09,Kg,45,58,51
Cow pea(Long),2023-12-09,Kg,61,95,78
Green Peas,2023-12-09,Kg,114,157,135
French Bean(Local),2023-12-09,Kg,55,79,67
Bitter Gourd,2023-12-09,Kg,73,108,90
Bottle Gourd,2023-12-09,Kg,40,63,51
Pointed Gourd(Local),2023-12-09,Kg,60,81,70
Snake Gourd,2023-12-09,Kg,42,69,55
Sponge Gourd,2023-12-09,Kg,59,75,67
Pumpkin,2023-12-09,Kg,32,48,40
Squash(Long),2023-12-09,Kg,34,55,44
Okra,2023-12-09,Kg,61,86,73
Arum,2023-12-09,Kg,53,76,64
Barela,2023-12-09,Kg,40,56,48
Radish Red,2023-12-09,Kg,28,41,34
Mushroom(Button),2023-12-09,Kg,345,411,378
Mushroom(Kanya),2023-12-09,Kg,131,193,162
Spinach Leaf,2023-12-09,Kg,78,116,97
Mustard Leaf,2023-12-09,Kg,34,63,48
Coriander,2023-12-09,Kg,146,259,202
Garlic Dry Nepali,2023-12-09,Kg,170,260,215
Garlic Dry Chinese,2023-12-09,Kg,232,308,270
Ginger,2023-12-09,Kg,144,195,169
Chilly Green,2023-12-09,Kg,76,124,100
Capsicum,2023-12-09,Kg,94,146,120
Cucumber(Local),2023-12-09,Kg,55,80,67
Apple(Jholey),2023-12-09,Kg,147,224,185
Banana,2023-12-09,Dozen,98,125,111
Pomegranate,2023-12-09,Kg,231,330,280
Orange(Nepali),2023-12-09,Kg,79,131,105
Papaya(Indian),2023-12-09,Kg,80,105,92
Tomato Big(Nepali),2023-12-10,Kg,36,59,47
Tomato Small(Local),2023-12-10,Kg,30,52,41
Potato Red,2023-12-10,Kg,47,68,57
Potato White,2023-12-10,Kg,33,50,41
Onion Dry (Indian),2023-12-10,Kg,57,84,70
Carrot(Local),2023-12-10,Kg,67,116,91
Cabbage(Local),2023-12-10,Kg,27,40,33
Cauliflower Local,2023-12-10,Kg,42,83,62
Raddish White(Local),2023-12-10,Kg,17,31,24
Brinjal Long,2023-12-10,Kg,41,63,52
Cow pea(Long),2023-12-10,Kg,69,89,79
Green Peas,2023-12-10,Kg,121,145,133
French Bean(Local),2023-12-10,Kg,51,87,69
Bitter Gourd,2023-12-10,Kg,70,118,94
Bottle Gourd,2023-12-10,Kg,36,53,44
Pointed Gourd(Local),2023-12-10,Kg,53,86,69
Snake Gourd,2023-12-10,Kg,47,71,59
Sponge Gourd,2023-12-10,Kg,50,75,62
Pumpkin,2023-12-10,Kg,33,45,39
Squash(Long),2023-12-10,Kg,36,55,45
Okra,2023-12-10,Kg,65,93,79
Arum,2023-12-10,Kg,55,73,64
Barela,2023-12-10,Kg,35,50,42
Radish Red,2023-12-10,Kg,25,46,35
Mushroom(Button),2023-12-10,Kg,307,467,387
Mushroom(Kanya),2023-12-10,Kg,142,183,162
Spinach Leaf,2023-12-10,Kg,88,106,97
Mustard Leaf,2023-12-10,Kg,35,61,48
Coriander,2023-12-10,Kg,130,262,196
Garlic Dry Nepali,2023-12-10,Kg,193,280,236
Garlic Dry Chinese,2023-12-10,Kg,236,313,274
Ginger,2023-12-10,Kg,148,229,188
Chilly Green,2023-12-10,Kg,72,111,91
Capsicum,2023-12-10,Kg,90,137,113
Cucumber(Local),2023-12-10,Kg,57,90,73
Apple(Jholey),2023-12-10,Kg,128,244,186
Banana,2023-12-10,Dozen,88,126,107
Pomegranate,2023-12-10,Kg,239,358,298
Orange(Nepali),2023-12-10,Kg,72,123,97
Papaya(Indian),2023-12-10,Kg,80,112,96
Tomato Big(Nepali),2023-12-11,Kg,40,56,48
Tomato Small(Local),2023-12-11,Kg,29,48,38
Potato Red,2023-12-11,Kg,43,73,58
Potato White,2023-12-11,Kg,39,54,46
Onion Dry (Indian),2023-12-11,Kg,52,89,70
Carrot(Local),2023-12-11,Kg,81,107,94
Cabbage(Local),2023-12-11,Kg,29,47,38
Cauliflower Local,2023-12-11,Kg,44,74,59
Raddish White(Local),2023-12-11,Kg,16,32,24
Brinjal Long,2023-12-11,Kg,39,63,51
Cow pea(Long),2023-12-11,Kg,71,97,84
Green Peas,2023-12-11,Kg,114,156,135
French Bean(Local),2023-12-11,Kg,56,75,65
Bitter Gourd,2023-12-11,Kg,79,113,96
Bottle Gourd,2023-12-11,Kg,38,55,46
Pointed Gourd(Local),2023-12-11,Kg,59,82,70
Snake Gourd,2023-12-11,Kg,45,74,59
Sponge Gourd,2023-12-11,Kg,55,81,68
Pumpkin,2023-12-11,Kg,34,47,40
Squash(Long),2023-12-11,Kg,34,58,46
Okra,2023-12-11,Kg,59,87,73
Arum,2023-12-11,Kg,51,71,61
Barela,2023-12-11,Kg,33,54,43
Radish Red,2023-12-11,Kg,27,40,33
Mushroom(Button),2023-12-11,Kg,338,438,388
Mushroom(Kanya),2023-12-11,Kg,127,185,156
Spinach Leaf,2023-12-11,Kg,78,121,99
Mustard Leaf,2023-12-11,Kg,33,63,48
Coriander,2023-12-11,Kg,127,241,184
Garlic Dry Nepali,2023-12-11,Kg,196,253,224
Garlic Dry Chinese,2023-12-11,Kg,241,319,280
Ginger,2023-12-11,Kg,151,210,180
Chilly Green,2023-12-11,Kg,73,115,94
Capsicum,2023-12-11,Kg,88,145,116
Cucumber(Local),2023-12-11,Kg,53,88,70
Apple(Jholey),2023-12-11,Kg,129,222,175
Banana,2023-12-11,Dozen,93,150,121
Pomegranate,2023-12-11,Kg,233,341,287
Orange(Nepali),2023-12-11,Kg,79,124,101
Papaya(Indian),2023-12-11,Kg,70,111,90
Tomato Big(Nepali),2023-12-12,Kg,36,54,45
Tomato Small(Local),2023-12-12,Kg,26,53,39
Potato Red,2023-12-12,Kg,42,63,52
Potato White,2023-12-12,Kg,37,56,46
Onion Dry (Indian),2023-12-12,Kg,57,80,68
Carrot(Local),2023-12-12,Kg,76,115,95
Cabbage(Local),2023-12-12,Kg,30,46,38
Cauliflower Local,2023-12-12,Kg,46,72,59
Raddish White(Local),2023-12-12,Kg,20,34,27
Brinjal Long,2023-12-12,Kg,39,60,49
Cow pea(Long),2023-12-12,Kg,70,89,79
Green Peas,2023-12-12,Kg,123,151,137
French Bean(Local),2023-12-12,Kg,53,77,65
Bitter Gourd,2023-12-12,Kg,69,126,97
Bottle Gourd,2023-12-12,Kg,34,55,44
Pointed Gourd(Local),2023-12-12,Kg,55,89,72
Snake Gourd,2023-12-12,Kg,50,65,57
Sponge Gourd,2023-12-12,Kg,57,83,70
Pumpkin,2023-12-12,Kg,32,45,38
Squash(Long),2023-12-12,Kg,39,61,50
Okra,2023-12-12,Kg,60,95,77
Arum,2023-12-12,Kg,57,78,67
Barela,2023-12-12,Kg,38,51,44
Radish Red,2023-12-12,Kg,27,41,34
Mushroom(Button),2023-12-12,Kg,308,482,395
Mushroom(Kanya),2023-12-12,Kg,135,209,172
Spinach Leaf,2023-12-12,Kg,87,116,101
Mustard Leaf,2023-12-12,Kg,39,56,47
Coriander,2023-12-12,Kg,145,231,188
Garlic Dry Nepali,2023-12-12,Kg,200,289,244
Garlic Dry Chinese,2023-12-12,Kg,220,333,276
Ginger,2023-12-12,Kg,154,213,183
Chilly Green,2023-12-12,Kg,68,124,96
Capsicum,2023-12-12,Kg,85,125,105
Cucumber(Local),2023-12-12,Kg,58,96,77
Apple(Jholey),2023-12-12,Kg,148,256,202
Banana,2023-12-12,Dozen,100,145,122
Pomegranate,2023-12-12,Kg,244,342,293
Orange(Nepali),2023-12-12,Kg,78,137,107
Papaya(Indian),2023-12-12,Kg,78,102,90
Tomato Big(Nepali),2023-12-13,Kg,37,62,49
Tomato Small(Local),2023-12-13,Kg,27,53,40
Potato Red,2023-12-13,Kg,44,72,58
Potato White,2023-12-13,Kg,40,51,45
Onion Dry (Indian),2023-12-13,Kg,53,91,72
Carrot(Local),2023-12-13,Kg,72,118,95
Cabbage(Local),2023-12-13,Kg,29,43,36
Cauliflower Local,2023-12-13,Kg,43,85,64
Raddish White(Local),2023-12-13,Kg,19,31,25
Brinjal Long,2023-12-13,Kg,42,60,51
Cow pea(Long),2023-12-13,Kg,61,95,78
Green Peas,2023-12-13,Kg,105,158,131
French Bean(Local),2023-12-13,Kg,50,91,70
Bitter Gourd,2023-12-13,Kg,71,126,98
Bottle Gourd,2023-12-13,Kg,34,63,48
Pointed Gourd(Local),2023-12-13,Kg,59,85,72
Snake Gourd,2023-12-13,Kg,46,67,56
Sponge Gourd,2023-12-13,Kg,53,91,72
Pumpkin,2023-12-13,Kg,35,51,43
Squash(Long),2023-12-13,Kg,38,62,50
Okra,2023-12-13,Kg,59,83,71
Arum,2023-12-13,Kg,56,75,65
Barela,2023-12-13,Kg,34,52,43
Radish Red,2023-12-13,Kg,27,45,36
Mushroom(Button),2023-12-13,Kg,333,474,403
Mushroom(Kanya),2023-12-13,Kg,137,178,157
Spinach Leaf,2023-12-13,Kg,89,118,103
Mustard Leaf,2023-12-13,Kg,34,56,45
Coriander,2023-12-13,Kg,137,245,191
Garlic Dry Nepali,2023-12-13,Kg,200,256,228
Garlic Dry Chinese,2023-12-13,Kg,214,307,260
Ginger,2023-12-13,Kg,136,216,176
Chilly Green,2023-12-13,Kg,72,113,92
Capsicum,2023-12-13,Kg,101,144,122
Cucumber(Local),2023-12-13,Kg,60,90,75
Apple(Jholey),2023-12-13,Kg,129,243,186
Banana,2023-12-13,Dozen,87,130,108
Pomegranate,2023-12-13,Kg,249,341,295
Orange(Nepali),2023-12-13,Kg,78,128,103
Papaya(Indian),2023-12-13,Kg,70,100,85
Tomato Big(Nepali),2023-12-14,Kg,39,55,47
Tomato Small(Local),2023-12-14,Kg,27,51,39
Potato Red,2023-12-14,Kg,44,64,54
Potato White,2023-12-14,Kg,38,58,48
Onion Dry (Indian),2023-12-14,Kg,61,87,74
Carrot(Local),2023-12-14,Kg,75,98,86
Cabbage(Local),2023-12-14,Kg,29,42,35
Cauliflower Local,2023-12-14,Kg,42,71,56
Raddish White(Local),2023-12-14,Kg,18,37,27
Brinjal Long,2023-12-14,Kg,38,62,50
Cow pea(Long),2023-12-14,Kg,70,94,82
Green Peas,2023-12-14,Kg,108,149,128
French Bean(Local),2023-12-14,Kg,59,91,75
Bitter Gourd,2023-12-14,Kg,73,123,98
Bottle Gourd,2023-12-14,Kg,39,62,50
Pointed Gourd(Local),2023-12-14,Kg,58,83,70
Snake Gourd,2023-12-14,Kg,43,69,56
Sponge Gourd,2023-12-14,Kg,56,77,66
Pumpkin,2023-12-14,Kg,30,51,40
Squash(Long),2023-12-14,Kg,40,58,49
Okra,2023-12-14,Kg,67,84,75
Arum,2023-12-14,Kg,55,74,64
Barela,2023-12-14,Kg,39,53,46
Radish Red,2023-12-14,Kg,27,41,34
Mushroom(Button),2023-12-14,Kg,299,482,390
Mushroom(Kanya),2023-12-14,Kg,145,201,173
Spinach Leaf,2023-12-14,Kg,85,117,101
Mustard Leaf,2023-12-14,Kg,40,58,49
Coriander,2023-12-14,Kg,133,227,180
Garlic Dry Nepali,2023-12-14,Kg,194,266,230
Garlic Dry Chinese,2023-12-14,Kg,242,335,288
Ginger,2023-12-14,Kg,131,235,183
Chilly Green,2023-12-14,Kg,73,116,94
Capsicum,2023-12-14,Kg,101,130,115
Cucumber(Local),2023-12-14,Kg,56,86,71
Apple(Jholey),2023-12-14,Kg,154,231,192
Banana,2023-12-14,Dozen,86,126,106
Pomegranate,2023-12-14,Kg,247,376,311
Orange(Nepali),2023-12-14,Kg,69,116,92
Papaya(Indian),2023-12-14,Kg,68,109,88
Tomato Big(Nepali),2023-12-15,Kg,34,59,46
Tomato Small(Local),2023-12-15,Kg,30,49,39
Potato Red,2023-12-15,Kg,51,63,57
Potato White,2023-12-15,Kg,37,50,43
Onion Dry (Indian),2023-12-15,Kg,53,91,72
Carrot(Local),2023-12-15,Kg,75,110,92
Cabbage(Local),2023-12-15,Kg,28,41,34
Cauliflower Local,2023-12-15,Kg,44,83,63
Raddish White(Local),2023-12-15,Kg,20,35,27
Brinjal Long,2023-12-15,Kg,46,59,52
Cow pea(Long),2023-12-15,Kg,71,89,80
Green Peas,2023-12-15,Kg,110,146,128
French Bean(Local),2023-12-15,Kg,53,82,67
Bitter Gourd,2023-12-15,Kg,73,114,93
Bottle Gourd,2023-12-15,Kg,37,56,46
Pointed Gourd(Local),2023-12-15,Kg,54,88,71
Snake Gourd,2023-12-15,Kg,49,66,57
Sponge Gourd,2023-12-15,Kg,53,91,72
Pumpkin,2023-12-15,Kg,31,49,40
Squash(Long),2023-12-15,Kg,35,55,45
Okra,2023-12-15,Kg,64,81,72
Arum,2023-12-15,Kg,55,77,66
Barela,2023-12-15,Kg,35,51,43
Radish Red,2023-12-15,Kg,26,46,36
Mushroom(Button),2023-12-15,Kg,350,411,380
Mushroom(Kanya),2023-12-15,Kg,140,207,173
Spinach Leaf,2023-12-15,Kg,77,119,98
Mustard Leaf,2023-12-15,Kg,40,62,51
Coriander,2023-12-15,Kg,129,252,190
Garlic Dry Nepali,2023-12-15,Kg,184,293,238
Garlic Dry Chinese,2023-12-15,Kg,222,301,261
Ginger,2023-12-15,Kg,141,207,174
Chilly Green,2023-12-15,Kg,73,124,98
Capsicum,2023-12-15,Kg,88,150,119
Cucumber(Local),2023-12-15,Kg,51,84,67
Apple(Jholey),2023-12-15,Kg,150,226,188
Banana,2023-12-15,Dozen,96,128,112
Pomegranate,2023-12-15,Kg,257,362,309
Orange(Nepali),2023-12-15,Kg,80,121,100
Papaya(Indian),2023-12-15,Kg,77,113,95
Tomato Big(Nepali),2023-12-16,Kg,38,63,50
Tomato Small(Local),2023-12-16,Kg,26,52,39
Potato Red,2023-12-16,Kg,43,72,57
Potato White,2023-12-16,Kg,36,57,46
Onion Dry (Indian),2023-12-16,Kg,61,93,77
Carrot(Local),2023-12-16,Kg,79,102,90
Cabbage(Local),2023-12-16,Kg,28,46,37
Cauliflower Local,2023-12-16,Kg,43,85,64
Raddish White(Local),2023-12-16,Kg,18,36,27
Brinjal Long,2023-12-16,Kg,40,69,54
Cow pea(Long),2023-12-16,Kg,65,94,79
Green Peas,2023-12-16,Kg,121,158,139
French Bean(Local),2023-12-16,Kg,52,92,72
Bitter Gourd,2023-12-16,Kg,76,109,92
Bottle Gourd,2023-12-16,Kg,40,64,52
Pointed Gourd(Local),2023-12-16,Kg,61,90,75
Snake Gourd,2023-12-16,Kg,49,73,61
Sponge Gourd,2023-12-16,Kg,58,86,72
Pumpkin,2023-12-16,Kg,35,47,41
Squash(Long),2023-12-16,Kg,34,58,46
Okra,2023-12-16,Kg,63,89,76
Arum,2023-12-16,Kg,53,84,68
Barela,2023-12-16,Kg,39,57,48
Radish Red,2023-12-16,Kg,30,46,38
Mushroom(Button),2023-12-16,Kg,327,426,376
Mushroom(Kanya),2023-12-16,Kg,140,184,162
Spinach Leaf,2023-12-16,Kg,93,121,107
Mustard Leaf,2023-12-16,Kg,34,57,45
Coriander,2023-12-16,Kg,139,272,205
Garlic Dry Nepali,2023-12-16,Kg,178,288,233
Garlic Dry Chinese,2023-12-16,Kg,245,325,285
Ginger,2023-12-16,Kg,147,199,173
Chilly Green,2023-12-16,Kg,73,112,92
Capsicum,2023-12-16,Kg,95,133,114
Cucumber(Local),2023-12-16,Kg,59,86,72
Apple(Jholey),2023-12-16,Kg,152,257,204
Banana,2023-12-16,Dozen,85,127,106
Pomegranate,2023-12-16,Kg,252,344,298
Orange(Nepali),2023-12-16,Kg,79,137,108
Papaya(Indian),2023-12-16,Kg,75,109,92
Tomato Big(Nepali),2023-12-17,Kg,37,59,48
Tomato Small(Local),2023-12-17,Kg,29,50,39
Potato Red,2023-12-17,Kg,50,76,63
Potato White,2023-12-17,Kg,40,54,47
Onion Dry (Indian),2023-12-17,Kg,57,83,70
Carrot(Local),2023-12-17,Kg,74,105,89
Cabbage(Local),2023-12-17,Kg,27,41,34
Cauliflower Local,2023-12-17,Kg,51,82,66
Raddish White(Local),2023-12-17,Kg,17,32,24
Brinjal Long,2023-12-17,Kg,40,68,54
Cow pea(Long),2023-12-17,Kg,64,98,81
Green Peas,2023-12-17,Kg,121,144,132
French Bean(Local),2023-12-17,Kg,61,81,71
Bitter Gourd,2023-12-17,Kg,81,114,97
Bottle Gourd,2023-12-17,Kg,35,58,46
Pointed Gourd(Local),2023-12-17,Kg,59,86,72
Snake Gourd,2023-12-17,Kg,45,75,60
Sponge Gourd,2023-12-17,Kg,59,78,68
Pumpkin,2023-12-17,Kg,34,45,39
Squash(Long),2023-12-17,Kg,37,64,50
Okra,2023-12-17,Kg,63,83,73
Arum,2023-12-17,Kg,53,86,69
Barela,2023-12-17,Kg,40,50,45
Radish Red,2023-12-17,Kg,26,41,33
Mushroom(Button),2023-12-17,Kg,325,486,405
Mushroom(Kanya),2023-12-17,Kg,142,188,165
Spinach Leaf,2023-12-17,Kg,83,121,102
Mustard Leaf,2023-12-17,Kg,39,61,50
Coriander,2023-12-17,Kg,146,252,199
Garlic Dry Nepali,2023-12-17,Kg,193,277,235
Garlic Dry Chinese,2023-12-17,Kg,228,324,276
Ginger,2023-12-17,Kg,139,212,175
Chilly Green,2023-12-17,Kg,77,130,103
Capsicum,2023-12-17,Kg,86,149,117
Cucumber(Local),2023-12-17,Kg,51,94,72
Apple(Jholey),2023-12-17,Kg,156,230,193
Banana,2023-12-17,Dozen,96,140,118
Pomegranate,2023-12-17,Kg,254,357,305
Orange(Nepali),2023-12-17,Kg,74,128,101
Papaya(Indian),2023-12-17,Kg,81,100,90
Tomato Big(Nepali),2023-12-18,Kg,35,58,46
Tomato Small(Local),2023-12-18,Kg,28,46,37
Potato Red,2023-12-18,Kg,46,75,60
Potato White,2023-12-18,Kg,39,52,45
Onion Dry (Indian),2023-12-18,Kg,58,85,71
Carrot(Local),2023-12-18,Kg,83,108,95
Cabbage(Local),2023-12-18,Kg,27,43,35
Cauliflower Local,2023-12-18,Kg,50,84,67
Raddish White(Local),2023-12-18,Kg,20,37,28
Brinjal Long,2023-12-18,Kg,39,60,49
Cow pea(Long),2023-12-18,Kg,68,106,87
Green Peas,2023-12-18,Kg,105,150,127
French Bean(Local),2023-12-18,Kg,54,83,68
Bitter Gourd,2023-12-18,Kg,78,118,98
Bottle Gourd,2023-12-18,Kg,41,56,48
Pointed Gourd(Local),2023-12-18,Kg,56,98,77
Snake Gourd,2023-12-18,Kg,47,68,57
Sponge Gourd,2023-12-18,Kg,59,79,69
Pumpkin,2023-12-18,Kg,35,49,42
Squash(Long),2023-12-18,Kg,34,63,48
Okra,2023-12-18,Kg,65,93,79
Arum,2023-12-18,Kg,55,81,68
Barela,2023-12-18,Kg,36,54,45
Radish Red,2023-12-18,Kg,27,41,34
Mushroom(Button),2023-12-18,Kg,305,481,393
Mushroom(Kanya),2023-12-18,Kg,155,199,177
Spinach Leaf,2023-12-18,Kg,86,128,107
Mustard Leaf,2023-12-18,Kg,39,55,47
Coriander,2023-12-18,Kg,134,234,184
Garlic Dry Nepali,2023-12-18,Kg,205,275,240
Garlic Dry Chinese,2023-12-18,Kg,217,335,276
Ginger,2023-12-18,Kg,129,210,169
Chilly Green,2023-12-18,Kg,79,119,99
Capsicum,2023-12-18,Kg,91,133,112
Cucumber(Local),2023-12-18,Kg,57,89,73
Apple(Jholey),2023-12-18,Kg,132,228,180
Banana,2023-12-18,Dozen,97,136,116
Pomegranate,2023-12-18,Kg,231,319,275
Orange(Nepali),2023-12-18,Kg,76,128,102
Papaya(Indian),2023-12-18,Kg,71,102,86
Tomato Big(Nepali),2023-12-19,Kg,40,56,48
Tomato Small(Local),2023-12-19,Kg,27,50,38
Potato Red,2023-12-19,Kg,44,68,56
Potato White,2023-12-19,Kg,39,60,49
Onion Dry (Indian),2023-12-19,Kg,56,92,74
Carrot(Local),2023-12-19,Kg,76,103,89
Cabbage(Local),2023-12-19,Kg,30,49,39
Cauliflower Local,2023-12-19,Kg,50,76,63
Raddish White(Local),2023-12-19,Kg,17,32,24
Brinjal Long,2023-12-19,Kg,42,62,52
Cow pea(Long),2023-12-19,Kg,65,105,85
Green Peas,2023-12-19,Kg,112,142,127
French Bean(Local),2023-12-19,Kg,59,85,72
Bitter Gourd,2023-12-19,Kg,73,129,101
Bottle Gourd,2023-12-19,Kg,39,62,50
Pointed Gourd(Local),2023-12-19,Kg,62,96,79
Snake Gourd,2023-12-19,Kg,47,66,56
Sponge Gourd,2023-12-19,Kg,60,87,73
Pumpkin,2023-12-19,Kg,32,54,43
Squash(Long),2023-12-19,Kg,38,57,47
Okra,2023-12-19,Kg,72,82,77
Arum,2023-12-19,Kg,63,85,74
Barela,2023-12-19,Kg,38,57,47
Radish Red,2023-12-19,Kg,29,47,38
Mushroom(Button),2023-12-19,Kg,304,420,362
Mushroom(Kanya),2023-12-19,Kg,145,216,180
Spinach Leaf,2023-12-19,Kg,81,129,105
Mustard Leaf,2023-12-19,Kg,38,62,50
Coriander,2023-12-19,Kg,142,256,199
Garlic Dry Nepali,2023-12-19,Kg,181,282,231
Garlic Dry Chinese,2023-12-19,Kg,258,315,286
Ginger,2023-12-19,Kg,140,233,186
Chilly Green,2023-12-19,Kg,74,130,102
Capsicum,2023-12-19,Kg,91,141,116
Cucumber(Local),2023-12-19,Kg,56,83,69
Apple(Jholey),2023-12-19,Kg,145,239,192
Banana,2023-12-19,Dozen,94,142,118
Pomegranate,2023-12-19,Kg,241,381,311
Orange(Nepali),2023-12-19,Kg,81,140,110
Papaya(Indian),2023-12-19,Kg,77,115,96
Tomato Big(Nepali),2023-12-20,Kg,34,56,45
Tomato Small(Local),2023-12-20,Kg,29,53,41
Potato Red,2023-12-20,Kg,46,66,56
Potato White,2023-12-20,Kg,40,51,45
Onion Dry (Indian),2023-12-20,Kg,55,87,71
Carrot(Local),2023-12-20,Kg,82,120,101
Cabbage(Local),2023-12-20,Kg,26,43,34
Cauliflower Local,2023-12-20,Kg,47,82,64
Raddish White(Local),2023-12-20,Kg,19,36,27
Brinjal Long,2023-12-20,Kg,47,66,56
Cow pea(Long),2023-12-20,Kg,68,91,79
Green Peas,2023-12-20,Kg,110,160,135
French Bean(Local),2023-12-20,Kg,55,90,72
Bitter Gourd,2023-12-20,Kg,69,130,99
Bottle Gourd,2023-12-20,Kg,41,55,48
Pointed Gourd(Local),2023-12-20,Kg,61,95,78
Snake Gourd,2023-12-20,Kg,44,69,56
Sponge Gourd,2023-12-20,Kg,58,87,72
Pumpkin,2023-12-20,Kg,34,53,43
Squash(Long),2023-12-20,Kg,39,64,51
Okra,2023-12-20,Kg,72,83,77
Arum,2023-12-20,Kg,54,73,63
Barela,2023-12-20,Kg,34,52,43
Radish Red,2023-12-20,Kg,28,41,34
Mushroom(Button),2023-12-20,Kg,363,465,414
Mushroom(Kanya),2023-12-20,Kg,132,198,165
Spinach Leaf,2023-12-20,Kg,87,116,101
Mustard Leaf,2023-12-20,Kg,36,60,48
Coriander,2023-12-20,Kg,154,228,191
Garlic Dry Nepali,2023-12-20,Kg,199,257,228
Garlic Dry Chinese,2023-12-20,Kg,251,320,285
Ginger,2023-12-20,Kg,146,237,191
Chilly Green,2023-12-20,Kg,73,131,102
Capsicum,2023-12-20,Kg,95,129,112
Cucumber(Local),2023-12-20,Kg,54,86,70
Apple(Jholey),2023-12-20,Kg,133,262,197
Banana,2023-12-20,Dozen,90,128,109
Pomegranate,2023-12-20,Kg,236,370,303
Orange(Nepali),2023-12-20,Kg,84,123,103
Papaya(Indian),2023-12-20,Kg,78,118,98
Tomato Big(Nepali),2023-12-21,Kg,38,65,51
Tomato Small(Local),2023-12-21,Kg,26,48,37
Potato Red,2023-12-21,Kg,45,74,59
Potato White,2023-12-21,Kg,42,58,50
Onion Dry (Indian),2023-12-21,Kg,52,83,67
Carrot(Local),2023-12-21,Kg,81,111,96
Cabbage(Local),2023-12-21,Kg,27,44,35
Cauliflower Local,2023-12-21,Kg,44,76,60
Raddish White(Local),2023-12-21,Kg,18,35,26
Brinjal Long,2023-12-21,Kg,41,59,50
Cow pea(Long),2023-12-21,Kg,69,98,83
Green Peas,2023-12-21,Kg,118,163,140
French Bean(Local),2023-12-21,Kg,58,84,71
Bitter Gourd,2023-12-21,Kg,79,118,98
Bottle Gourd,2023-12-21,Kg,42,63,52
Pointed Gourd(Local),2023-12-21,Kg,55,95,75
Snake Gourd,2023-12-21,Kg,44,77,60
Sponge Gourd,2023-12-21,Kg,58,85,71
Pumpkin,2023-12-21,Kg,31,48,39
Squash(Long),2023-12-21,Kg,37,60,48
Okra,2023-12-21,Kg,61,92,76
Arum,2023-12-21,Kg,60,77,68
Barela,2023-12-21,Kg,36,59,47
Radish Red,2023-12-21,Kg,31,41,36
Mushroom(Button),2023-12-21,Kg,304,469,386
Mushroom(Kanya),2023-12-21,Kg,155,204,179
Spinach Leaf,2023-12-21,Kg,79,121,100
Mustard Leaf,2023-12-21,Kg,35,58,46
Coriander,2023-12-21,Kg,159,262,210
Garlic Dry Nepali,2023-12-21,Kg,201,294,247
Garlic Dry Chinese,2023-12-21,Kg,242,354,298
Ginger,2023-12-21,Kg,131,202,166
Chilly Green,2023-12-21,Kg,78,133,105
Capsicum,2023-12-21,Kg,94,128,111
Cucumber(Local),2023-12-21,Kg,54,85,69
Apple(Jholey),2023-12-21,Kg,148,233,190
Banana,2023-12-21,Dozen,92,149,120
Pomegranate,2023-12-21,Kg,232,357,294
Orange(Nepali),2023-12-21,Kg,72,132,102
Papaya(Indian),2023-12-21,Kg,83,115,99
Tomato Big(Nepali),2023-12-22,Kg,41,66,53
Tomato Small(Local),2023-12-22,Kg,31,48,39
Potato Red,2023-12-22,Kg,43,67,55
Potato White,2023-12-22,Kg,39,52,45
Onion Dry (Indian),2023-12-22,Kg,59,99,79
Carrot(Local),2023-12-22,Kg,84,122,103
Cabbage(Local),2023-12-22,Kg,28,46,37
Cauliflower Local,2023-12-22,Kg,45,85,65
Raddish White(Local),2023-12-22,Kg,20,33,26
Brinjal Long,2023-12-22,Kg,44,66,55
Cow pea(Long),2023-12-22,Kg,72,100,86
Green Peas,2023-12-22,Kg,114,152,133
French Bean(Local),2023-12-22,Kg,60,80,70
Bitter Gourd,2023-12-22,Kg,74,129,101
Bottle Gourd,2023-12-22,Kg,36,62,49
Pointed Gourd(Local),2023-12-22,Kg,58,83,70
Snake Gourd,2023-12-22,Kg,51,64,57
Sponge Gourd,2023-12-22,Kg,53,86,69
Pumpkin,2023-12-22,Kg,33,55,44
Squash(Long),2023-12-22,Kg,35,63,49
Okra,2023-12-22,Kg,62,83,72
Arum,2023-12-22,Kg,56,88,72
Barela,2023-12-22,Kg,38,57,47
Radish Red,2023-12-22,Kg,29,44,36
Mushroom(Button),2023-12-22,Kg,326,488,407
Mushroom(Kanya),2023-12-22,Kg,157,186,171
Spinach Leaf,2023-12-22,Kg,81,127,104
Mustard Leaf,2023-12-22,Kg,41,61,51
Coriander,2023-12-22,Kg,154,267,210
Garlic Dry Nepali,2023-12-22,Kg,175,288,231
Garlic Dry Chinese,2023-12-22,Kg,265,356,310
Ginger,2023-12-22,Kg,147,244,195
Chilly Green,2023-12-22,Kg,78,113,95
Capsicum,2023-12-22,Kg,90,134,112
Cucumber(Local),2023-12-22,Kg,56,97,76
Apple(Jholey),2023-12-22,Kg,150,239,194
Banana,2023-12-22,Dozen,98,146,122
Pomegranate,2023-12-22,Kg,242,338,290
Orange(Nepali),2023-12-22,Kg,77,138,107
Papaya(Indian),2023-12-22,Kg,79,102,90
Tomato Big(Nepali),2023-12-23,Kg,39,64,51
Tomato Small(Local),2023-12-23,Kg,31,49,40
Potato Red,2023-12-23,Kg,46,65,55
Potato White,2023-12-23,Kg,35,57,46
Onion Dry (Indian),2023-12-23,Kg,59,96,77
Carrot(Local),2023-12-23,Kg,71,113,92
Cabbage(Local),2023-12-23,Kg,29,47,38
Cauliflower Local,2023-12-23,Kg,50,82,66
Raddish White(Local),2023-12-23,Kg,17,37,27
Brinjal Long,2023-12-23,Kg,42,71,56
Cow pea(Long),2023-12-23,Kg,70,96,83
Green Peas,2023-12-23,Kg,121,149,135
French Bean(Local),2023-12-23,Kg,62,92,77
Bitter Gourd,2023-12-23,Kg,74,124,99
Bottle Gourd,2023-12-23,Kg,36,55,45
Pointed Gourd(Local),2023-12-23,Kg,53,95,74
Snake Gourd,2023-12-23,Kg,50,72,61
Sponge Gourd,2023-12-23,Kg,59,92,75
Pumpkin,2023-12-23,Kg,34,50,42
Squash(Long),2023-12-23,Kg,36,61,48
Okra,2023-12-23,Kg,73,94,83
Arum,2023-12-23,Kg,62,85,73
Barela,2023-12-23,Kg,42,51,46
Radish Red,2023-12-23,Kg,30,41,35
Mushroom(Button),2023-12-23,Kg,340,417,378
Mushroom(Kanya),2023-12-23,Kg,148,215,181
Spinach Leaf,2023-12-23,Kg,91,115,103
Mustard Leaf,2023-12-23,Kg,36,55,45
Coriander,2023-12-23,Kg,136,233,184
Garlic Dry Nepali,2023-12-23,Kg,190,305,247
Garlic Dry Chinese,2023-12-23,Kg,263,320,291
Ginger,2023-12-23,Kg,149,210,179
Chilly Green,2023-12-23,Kg,71,119,95
Capsicum,2023-12-23,Kg,93,151,122
Cucumber(Local),2023-12-23,Kg,58,85,71
Apple(Jholey),2023-12-23,Kg,135,266,200
Banana,2023-12-23,Dozen,92,137,114
Pomegranate,2023-12-23,Kg,250,333,291
Orange(Nepali),2023-12-23,Kg,81,142,111
Papaya(Indian),2023-12-23,Kg,72,116,94
Tomato Big(Nepali),2023-12-24,Kg,37,61,49
Tomato Small(Local),2023-12-24,Kg,30,49,39
Potato Red,2023-12-24,Kg,46,70,58
Potato White,2023-12-24,Kg,40,56,48
Onion Dry (Indian),2023-12-24,Kg,59,90,74
Carrot(Local),2023-12-24,Kg,78,115,96
Cabbage(Local),2023-12-24,Kg,28,48,38
Cauliflower Local,2023-12-24,Kg,44,82,63
Raddish White(Local),2023-12-24,Kg,18,35,26
Brinjal Long,2023-12-24,Kg,41,64,52
Cow pea(Long),2023-12-24,Kg,67,105,86
Green Peas,2023-12-24,Kg,114,155,134
French Bean(Local),2023-12-24,Kg,63,93,78
Bitter Gourd,2023-12-24,Kg,76,111,93
Bottle Gourd,2023-12-24,Kg,42,61,51
Pointed Gourd(Local),2023-12-24,Kg,52,94,73
Snake Gourd,2023-12-24,Kg,46,69,57
Sponge Gourd,2023-12-24,Kg,62,86,74
Pumpkin,2023-12-24,Kg,33,53,43
Squash(Long),2023-12-24,Kg,40,61,50
Okra,2023-12-24,Kg,69,92,80
Arum,2023-12-24,Kg,56,79,67
Barela,2023-12-24,Kg,39,54,46
Radish Red,2023-12-24,Kg,29,41,35
Mushroom(Button),2023-12-24,Kg,357,449,403
Mushroom(Kanya),2023-12-24,Kg,158,207,182
Spinach Leaf,2023-12-24,Kg,83,123,103
Mustard Leaf,2023-12-24,Kg,40,62,51
Coriander,2023-12-24,Kg,149,248,198
Garlic Dry Nepali,2023-12-24,Kg,192,292,242
Garlic Dry Chinese,2023-12-24,Kg,236,310,273
Ginger,2023-12-24,Kg,143,227,185
Chilly Green,2023-12-24,Kg,77,115,96
Capsicum,2023-12-24,Kg,91,145,118
Cucumber(Local),2023-12-24,Kg,55,87,71
Apple(Jholey),2023-12-24,Kg,147,280,213
Banana,2023-12-24,Dozen,100,140,120
Pomegranate,2023-12-24,Kg,244,376,310
Orange(Nepali),2023-12-24,Kg,83,130,106
Papaya(Indian),2023-12-24,Kg,80,106,93
Tomato Big(Nepali),2023-12-25,Kg,42,65,53
Tomato Small(Local),2023-12-25,Kg,29,50,39
Potato Red,2023-12-25,Kg,53,75,64
Potato White,2023-12-25,Kg,35,53,44
Onion Dry (Indian),2023-12-25,Kg,59,100,79
Carrot(Local),2023-12-25,Kg,81,119,100
Cabbage(Local),2023-12-25,Kg,31,44,37
Cauliflower Local,2023-12-25,Kg,46,87,66
Raddish White(Local),2023-12-25,Kg,19,39,29
Brinjal Long,2023-12-25,Kg,40,62,51
Cow pea(Long),2023-12-25,Kg,71,109,90
Green Peas,2023-12-25,Kg,123,144,133
French Bean(Local),2023-12-25,Kg,62,89,75
Bitter Gourd,2023-12-25,Kg,79,133,106
Bottle Gourd,2023-12-25,Kg,40,65,52
Pointed Gourd(Local),2023-12-25,Kg,55,84,69
Snake Gourd,2023-12-25,Kg,51,73,62
Sponge Gourd,2023-12-25,Kg,56,81,68
Pumpkin,2023-12-25,Kg,35,47,41
Squash(Long),2023-12-25,Kg,35,62,48
Okra,2023-12-25,Kg,63,91,77
Arum,2023-12-25,Kg,58,86,72
Barela,2023-12-25,Kg,40,51,45
Radish Red,2023-12-25,Kg,31,47,39
Mushroom(Button),2023-12-25,Kg,364,426,395
Mushroom(Kanya),2023-12-25,Kg,138,200,169
Spinach Leaf,2023-12-25,Kg,88,129,108
Mustard Leaf,2023-12-25,Kg,40,60,50
Coriander,2023-12-25,Kg,160,247,203
Garlic Dry Nepali,2023-12-25,Kg,202,262,232
Garlic Dry Chinese,2023-12-25,Kg,221,302,261
Ginger,2023-12-25,Kg,132,247,189
Chilly Green,2023-12-25,Kg,75,112,93
Capsicum,2023-12-25,Kg,102,130,116
Cucumber(Local),2023-12-25,Kg,61,88,74
Apple(Jholey),2023-12-25,Kg,141,263,202
Banana,2023-12-25,Dozen,102,155,128
Pomegranate,2023-12-25,Kg,267,352,309
Orange(Nepali),2023-12-25,Kg,79,134,106
Papaya(Indian),2023-12-25,Kg,70,103,86
Tomato Big(Nepali),2023-12-26,Kg,42,61,51
Tomato Small(Local),2023-12-26,Kg,27,48,37
Potato Red,2023-12-26,Kg,46,67,56
Potato White,2023-12-26,Kg,41,60,50
Onion Dry (Indian),2023-12-26,Kg,60,92,76
Carrot(Local),2023-12-26,Kg,73,119,96
Cabbage(Local),2023-12-26,Kg,28,42,35
Cauliflower Local,2023-12-26,Kg,46,77,61
Raddish White(Local),2023-12-26,Kg,18,38,28
Brinjal Long,2023-12-26,Kg,46,67,56
Cow pea(Long),2023-12-26,Kg,68,112,90
Green Peas,2023-12-26,Kg,107,163,135
French Bean(Local),2023-12-26,Kg,59,85,72
Bitter Gourd,2023-12-26,Kg,71,135,103
Bottle Gourd,2023-12-26,Kg,42,60,51
Pointed Gourd(Local),2023-12-26,Kg,60,95,77
Snake Gourd,2023-12-26,Kg,50,68,59
Sponge Gourd,2023-12-26,Kg,59,79,69
Pumpkin,2023-12-26,Kg,34,50,42
Squash(Long),2023-12-26,Kg,38,59,48
Okra,2023-12-26,Kg,64,86,75
Arum,2023-12-26,Kg,56,83,69
Barela,2023-12-26,Kg,41,51,46
Radish Red,2023-12-26,Kg,32,44,38
Mushroom(Button),2023-12-26,Kg,312,443,377
Mushroom(Kanya),2023-12-26,Kg,152,191,171
Spinach Leaf,2023-12-26,Kg,86,115,100
Mustard Leaf,2023-12-26,Kg,39,62,50
Coriander,2023-12-26,Kg,145,280,212
Garlic Dry Nepali,2023-12-26,Kg,214,315,264
Garlic Dry Chinese,2023-12-26,Kg,265,341,303
Ginger,2023-12-26,Kg,137,248,192
Chilly Green,2023-12-26,Kg,71,124,97
Capsicum,2023-12-26,Kg,99,153,126
Cucumber(Local),2023-12-26,Kg,54,101,77
Apple(Jholey),2023-12-26,Kg,151,262,206
Banana,2023-12-26,Dozen,89,150,119
Pomegranate,2023-12-26,Kg,262,364,313
Orange(Nepali),2023-12-26,Kg,86,130,108
Papaya(Indian),2023-12-26,Kg,71,113,92
Tomato Big(Nepali),2023-12-27,Kg,35,66,50
Tomato Small(Local),2023-12-27,Kg,28,54,41
Potato Red,2023-12-27,Kg,52,68,60
Potato White,2023-12-27,Kg,37,54,45
Onion Dry (Indian),2023-12-27,Kg,63,93,78
Carrot(Local),2023-12-27,Kg,79,119,99
Cabbage(Local),2023-12-27,Kg,32,45,38
Cauliflower Local,2023-12-27,Kg,53,88,70
Raddish White(Local),2023-12-27,Kg,21,34,27
Brinjal Long,2023-12-27,Kg,41,68,54
Cow pea(Long),2023-12-27,Kg,73,107,90
Green Peas,2023-12-27,Kg,117,157,137
French Bean(Local),2023-12-27,Kg,57,81,69
Bitter Gourd,2023-12-27,Kg,78,121,99
Bottle Gourd,2023-12-27,Kg,39,60,49
Pointed Gourd(Local),2023-12-27,Kg,63,99,81
Snake Gourd,2023-12-27,Kg,47,77,62
Sponge Gourd,2023-12-27,Kg,56,81,68
Pumpkin,2023-12-27,Kg,35,53,44
Squash(Long),2023-12-27,Kg,40,59,49
Okra,2023-12-27,Kg,65,93,79
Arum,2023-12-27,Kg,58,90,74
Barela,2023-12-27,Kg,41,55,48
Radish Red,2023-12-27,Kg,32,47,39
Mushroom(Button),2023-12-27,Kg,367,432,399
Mushroom(Kanya),2023-12-27,Kg,157,195,176
Spinach Leaf,2023-12-27,Kg,92,128,110
Mustard Leaf,2023-12-27,Kg,37,56,46
Coriander,2023-12-27,Kg,157,237,197
Garlic Dry Nepali,2023-12-27,Kg,199,290,244
Garlic Dry Chinese,2023-12-27,Kg,255,330,292
Ginger,2023-12-27,Kg,137,215,176
Chilly Green,2023-12-27,Kg,73,129,101
Capsicum,2023-12-27,Kg,95,134,114
Cucumber(Local),2023-12-27,Kg,62,95,78
Apple(Jholey),2023-12-27,Kg,151,257,204
Banana,2023-12-27,Dozen,100,156,128
Pomegranate,2023-12-27,Kg,242,370,306
Orange(Nepali),2023-12-27,Kg,75,139,107
Papaya(Indian),2023-12-27,Kg,85,106,95
Tomato Big(Nepali),2023-12-28,Kg,41,57,49
Tomato Small(Local),2023-12-28,Kg,26,48,37
Potato Red,2023-12-28,Kg,52,70,61
Potato White,2023-12-28,Kg,38,52,45
Onion Dry (Indian),2023-12-28,Kg,62,101,81
Carrot(Local),2023-12-28,Kg,83,105,94
Cabbage(Local),2023-12-28,Kg,28,43,35
Cauliflower Local,2023-12-28,Kg,44,82,63
Raddish White(Local),2023-12-28,Kg,18,38,28
Brinjal Long,2023-12-28,Kg,44,69,56
Cow pea(Long),2023-12-28,Kg,76,99,87
Green Peas,2023-12-28,Kg,117,170,143
French Bean(Local),2023-12-28,Kg,54,87,70
Bitter Gourd,2023-12-28,Kg,75,132,103
Bottle Gourd,2023-12-28,Kg,35,65,50
Pointed Gourd(Local),2023-12-28,Kg,60,93,76
Snake Gourd,2023-12-28,Kg,50,69,59
Sponge Gourd,2023-12-28,Kg,60,89,74
Pumpkin,2023-12-28,Kg,32,50,41
Squash(Long),2023-12-28,Kg,42,62,52
Okra,2023-12-28,Kg,74,96,85
Arum,2023-12-28,Kg,54,90,72
Barela,2023-12-28,Kg,40,62,51
Radish Red,2023-12-28,Kg,27,43,35
Mushroom(Button),2023-12-28,Kg,330,483,406
Mushroom(Kanya),2023-12-28,Kg,159,224,191
Spinach Leaf,2023-12-28,Kg,90,135,112
Mustard Leaf,2023-12-28,Kg,43,58,50
Coriander,2023-12-28,Kg,161,269,215
Garlic Dry Nepali,2023-12-28,Kg,201,316,258
Garlic Dry Chinese,2023-12-28,Kg,240,333,286
Ginger,2023-12-28,Kg,161,217,189
Chilly Green,2023-12-28,Kg,76,121,98
Capsicum,2023-12-28,Kg,92,138,115
Cucumber(Local),2023-12-28,Kg,62,96,79
Apple(Jholey),2023-12-28,Kg,142,243,192
Banana,2023-12-28,Dozen,98,157,127
Pomegranate,2023-12-28,Kg,241,392,316
Orange(Nepali),2023-12-28,Kg,82,134,108
Papaya(Indian),2023-12-28,Kg,81,115,98
Tomato Big(Nepali),2023-12-29,Kg,40,58,49
Tomato Small(Local),2023-12-29,Kg,27,49,38
Potato Red,2023-12-29,Kg,46,67,56
Potato White,2023-12-29,Kg,40,55,47
Onion Dry (Indian),2023-12-29,Kg,58,89,73
Carrot(Local),2023-12-29,Kg,86,117,101
Cabbage(Local),2023-12-29,Kg,28,48,38
Cauliflower Local,2023-12-29,Kg,48,78,63
Raddish White(Local),2023-12-29,Kg,20,39,29
Brinjal Long,2023-12-29,Kg,46,61,53
Cow pea(Long),2023-12-29,Kg,65,107,86
Green Peas,2023-12-29,Kg,131,150,140
French Bean(Local),2023-12-29,Kg,57,92,74
Bitter Gourd,2023-12-29,Kg,73,124,98
Bottle Gourd,2023-12-29,Kg,42,57,49
Pointed Gourd(Local),2023-12-29,Kg,64,97,80
Snake Gourd,2023-12-29,Kg,47,73,60
Sponge Gourd,2023-12-29,Kg,60,95,77
Pumpkin,2023-12-29,Kg,34,52,43
Squash(Long),2023-12-29,Kg,37,64,50
Okra,2023-12-29,Kg,63,89,76
Arum,2023-12-29,Kg,58,77,67
Barela,2023-12-29,Kg,41,52,46
Radish Red,2023-12-29,Kg,29,42,35
Mushroom(Button),2023-12-29,Kg,333,440,386
Mushroom(Kanya),2023-12-29,Kg,145,223,184
Spinach Leaf,2023-12-29,Kg,96,118,107
Mustard Leaf,2023-12-29,Kg,36,67,51
Coriander,2023-12-29,Kg,142,235,188
Garlic Dry Nepali,2023-12-29,Kg,181,291,236
Garlic Dry Chinese,2023-12-29,Kg,260,303,281
Ginger,2023-12-29,Kg,137,243,190
Chilly Green,2023-12-29,Kg,75,118,96
Capsicum,2023-12-29,Kg,90,150,120
Cucumber(Local),2023-12-29,Kg,57,96,76
Apple(Jholey),2023-12-29,Kg,157,266,211
Banana,2023-12-29,Dozen,91,144,117
Pomegranate,2023-12-29,Kg,225,343,284
Orange(Nepali),2023-12-29,Kg,80,141,110
Papaya(Indian),2023-12-29,Kg,80,122,101
Tomato Big(Nepali),2023-12-30,Kg,39,68,53
Tomato Small(Local),2023-12-30,Kg,30,50,40
Potato Red,2023-12-30,Kg,51,72,61
Potato White,2023-12-30,Kg,38,55,46
Onion Dry (Indian),2023-12-30,Kg,57,91,74
Carrot(Local),2023-12-30,Kg,86,109,97
Cabbage(Local),2023-12-30,Kg,29,50,39
Cauliflower Local,2023-12-30,Kg,52,81,66
Raddish White(Local),2023-12-30,Kg,19,35,27
Brinjal Long,2023-12-30,Kg,47,73,60
Cow pea(Long),2023-12-30,Kg,65,97,81
Green Peas,2023-12-30,Kg,125,144,134
French Bean(Local),2023-12-30,Kg,54,87,70
Bitter Gourd,2023-12-30,Kg,80,124,102
Bottle Gourd,2023-12-30,Kg,42,62,52
Pointed Gourd(Local),2023-12-30,Kg,60,94,77
Snake Gourd,2023-12-30,Kg,52,77,64
Sponge Gourd,2023-12-30,Kg,57,92,74
Pumpkin,2023-12-30,Kg,33,48,40
Squash(Long),2023-12-30,Kg,41,67,54
Okra,2023-12-30,Kg,67,93,80
Arum,2023-12-30,Kg,54,77,65
Barela,2023-12-30,Kg,39,60,49
Radish Red,2023-12-30,Kg,31,45,38
Mushroom(Button),2023-12-30,Kg,320,458,389
Mushroom(Kanya),2023-12-30,Kg,138,214,176
Spinach Leaf,2023-12-30,Kg,87,126,106
Mustard Leaf,2023-12-30,Kg,42,65,53
Coriander,2023-12-30,Kg,137,268,202
Garlic Dry Nepali,2023-12-30,Kg,213,293,253
Garlic Dry Chinese,2023-12-30,Kg,269,356,312
Ginger,2023-12-30,Kg,135,215,175
Chilly Green,2023-12-30,Kg,82,136,109
Capsicum,2023-12-30,Kg,104,148,126
Cucumber(Local),2023-12-30,Kg,63,93,78
Apple(Jholey),2023-12-30,Kg,150,250,200
Banana,2023-12-30,Dozen,91,137,114
Pomegranate,2023-12-30,Kg,232,387,309
Orange(Nepali),2023-12-30,Kg,77,136,106
Papaya(Indian),2023-12-30,Kg,83,117,100
Tomato Big(Nepali),2023-12-31,Kg,36,59,47
Tomato Small(Local),2023-12-31,Kg,30,52,41
Potato Red,2023-12-31,Kg,51,68,59
Potato White,2023-12-31,Kg,39,61,50
Onion Dry (Indian),2023-12-31,Kg,56,96,76
Carrot(Local),2023-12-31,Kg,87,125,106
Cabbage(Local),2023-12-31,Kg,31,46,38
Cauliflower Local,2023-12-31,Kg,51,85,68
Raddish White(Local),2023-12-31,Kg,21,36,28
Brinjal Long,2023-12-31,Kg,41,73,57
Cow pea(Long),2023-12-31,Kg,63,109,86
Green Peas,2023-12-31,Kg,116,171,143
French Bean(Local),2023-12-31,Kg,64,91,77
Bitter Gourd,2023-12-31,Kg,76,130,103
Bottle Gourd,2023-12-31,Kg,36,60,48
Pointed Gourd(Local),2023-12-31,Kg,54,103,78
Snake Gourd,2023-12-31,Kg,47,69,58
Sponge Gourd,2023-12-31,Kg,64,84,74
Pumpkin,2023-12-31,Kg,37,56,46
Squash(Long),2023-12-31,Kg,36,61,48
Okra,2023-12-31,Kg,71,85,78
Arum,2023-12-31,Kg,60,90,75
Barela,2023-12-31,Kg,41,55,48
Radish Red,2023-12-31,Kg,30,49,39
Mushroom(Button),2023-12-31,Kg,345,439,392
Mushroom(Kanya),2023-12-31,Kg,156,227,191
Spinach Leaf,2023-12-31,Kg,94,115,104
Mustard Leaf,2023-12-31,Kg,40,60,50
Coriander,2023-12-31,Kg,159,264,211
Garlic Dry Nepali,2023-12-31,Kg,208,302,255
Garlic Dry Chinese,2023-12-31,Kg,227,355,291
Ginger,2023-12-31,Kg,135,243,189
Chilly Green,2023-12-31,Kg,72,131,101
Capsicum,2023-12-31,Kg,91,140,115
Cucumber(Local),2023-12-31,Kg,59,88,73
Apple(Jholey),2023-12-31,Kg,161,257,209
Banana,2023-12-31,Dozen,100,148,124
Pomegranate,2023-12-31,Kg,262,343,302
Orange(Nepali),2023-12-31,Kg,83,124,103
Papaya(Indian),2023-12-31,Kg,75,119,97
